datetime_mdt,temp_F,rh_pct,wind_mph,gust_mph,wind_dir,pcp_accum_in,pcp_delta_in,solar_wm2
2026-01-01 00:06:00,38,18,15,20,S,9.65,0.0,0.0
2026-01-01 00:21:00,38,18,15,20,S,9.65,0.0,0.0
2026-01-01 00:36:00,38,18,15,19,S,9.65,0.0,0.0
2026-01-01 00:51:00,38,19,15,21,S,9.65,0.0,0.0
2026-01-01 01:06:00,38,20,14,19,S,9.65,0.0,0.0
2026-01-01 01:21:00,38,20,14,20,S,9.65,0.0,0.0
2026-01-01 01:36:00,38,20,13,17,S,9.65,0.0,0.0
2026-01-01 01:51:00,38,20,13,18,S,9.65,0.0,0.0
2026-01-01 02:06:00,38,20,13,17,S,9.65,0.0,0.0
2026-01-01 02:21:00,38,21,12,16,S,9.65,0.0,0.0
2026-01-01 02:36:00,38,21,12,17,S,9.65,0.0,0.0
2026-01-01 02:51:00,37,22,12,17,S,9.65,0.0,0.0
2026-01-01 03:06:00,37,22,11,15,S,9.65,0.0,0.0
2026-01-01 03:21:00,37,22,11,14,S,9.65,0.0,0.0
2026-01-01 03:36:00,37,22,11,15,S,9.65,0.0,0.0
2026-01-01 03:51:00,37,22,10,14,S,9.65,0.0,0.0
2026-01-01 04:06:00,37,22,10,13,S,9.65,0.0,0.0
2026-01-01 04:21:00,37,23,10,14,S,9.65,0.0,0.0
2026-01-01 04:36:00,37,24,9,15,S,9.65,0.0,0.0
2026-01-01 04:51:00,36,24,9,12,S,9.65,0.0,0.0
2026-01-01 05:06:00,37,25,12,15,S,9.65,0.0,0.0
2026-01-01 05:21:00,37,25,12,18,S,9.65,0.0,0.0
2026-01-01 05:36:00,37,25,13,17,S,9.65,0.0,0.0
2026-01-01 05:51:00,37,25,12,17,S,9.65,0.0,0.0
2026-01-01 06:06:00,37,25,13,17,S,9.65,0.0,0.0
2026-01-01 06:21:00,37,25,13,20,S,9.65,0.0,0.0
2026-01-01 06:36:00,37,26,14,20,S,9.65,0.0,0.0
2026-01-01 06:51:00,37,26,14,20,S,9.65,0.0,0.0
2026-01-01 07:06:00,36,27,13,17,S,9.65,0.0,0.0
2026-01-01 07:21:00,36,27,13,17,S,9.65,0.0,0.0
2026-01-01 07:36:00,36,28,12,17,S,9.65,0.0,0.0
2026-01-01 07:51:00,35,29,12,17,S,9.65,0.0,0.0
2026-01-01 08:06:00,35,31,13,20,S,9.65,0.0,0.0
2026-01-01 08:21:00,34,36,13,19,SSW,9.65,0.0,0.0
2026-01-01 08:36:00,33,39,13,21,SSW,9.65,0.0,4.0
2026-01-01 08:51:00,33,41,15,22,SSW,9.65,0.0,17.0
2026-01-01 09:06:00,32,43,14,22,SSW,9.65,0.0,44.0
2026-01-01 09:21:00,32,46,15,20,SSW,9.65,0.0,81.0
2026-01-01 09:36:00,32,50,14,22,SSW,9.65,0.0,122.0
2026-01-01 09:51:00,31,52,14,21,SSW,9.65,0.0,160.0
2026-01-01 10:06:00,30,60,15,24,SSW,9.65,0.0,185.0
2026-01-01 10:21:00,29,75,12,20,SSW,9.65,0.0,163.0
2026-01-01 10:36:00,29,85,12,18,SSW,9.65,0.0,212.0
2026-01-01 10:51:00,28,87,10,17,SSW,9.65,0.0,247.0
2026-01-01 11:06:00,28,90,9,14,S,9.65,0.0,278.0
2026-01-01 11:21:00,29,91,8,13,S,9.65,0.0,286.0
2026-01-01 11:36:00,29,91,10,15,SSE,9.65,0.0,268.0
2026-01-01 11:51:00,29,91,10,18,SSE,9.65,0.0,262.0
2026-01-01 12:06:00,29,92,12,18,SE,9.65,0.0,271.0
2026-01-01 12:21:00,29,93,10,15,SSE,9.65,0.0,272.0
2026-01-01 12:36:00,29,93,11,18,SSE,9.65,0.0,280.0
2026-01-01 12:51:00,29,93,14,20,SSE,9.65,0.0,283.0
2026-01-01 13:06:00,28,93,13,19,SE,9.65,0.0,292.0
2026-01-01 13:21:00,28,93,12,18,SE,9.65,0.0,299.0
2026-01-01 13:36:00,28,93,10,16,SSE,9.65,0.0,298.0
2026-01-01 13:51:00,28,93,11,16,SSE,9.65,0.0,319.0
2026-01-01 14:06:00,28,93,10,15,SSE,9.65,0.0,303.0
2026-01-01 14:21:00,28,93,9,14,SSE,9.65,0.0,276.0
2026-01-01 14:36:00,29,93,8,11,S,9.65,0.0,309.0
2026-01-01 14:51:00,29,94,8,12,S,9.65,0.0,276.0
2026-01-01 15:06:00,30,94,10,15,S,9.65,0.0,239.0
2026-01-01 15:21:00,29,94,10,17,S,9.65,0.0,182.0
2026-01-01 15:36:00,29,95,11,16,S,9.65,0.0,152.0
2026-01-01 15:51:00,29,95,10,17,S,9.65,0.0,130.0
2026-01-01 16:06:00,29,95,10,16,SSW,9.65,0.0,102.0
2026-01-01 16:21:00,29,95,10,14,SSW,9.65,0.0,81.0
2026-01-01 16:36:00,29,95,10,16,SSW,9.65,0.0,59.0
2026-01-01 16:51:00,28,95,11,17,SSW,9.65,0.0,41.0
2026-01-01 17:06:00,28,95,11,16,SSW,9.65,0.0,24.0
2026-01-01 17:21:00,28,94,10,16,SSW,9.65,0.0,10.0
2026-01-01 17:36:00,28,94,10,15,SSW,9.65,0.0,2.0
2026-01-01 17:51:00,28,94,9,13,SSW,9.65,0.0,0.0
2026-01-01 18:06:00,28,94,8,12,SSW,9.65,0.0,0.0
2026-01-01 18:21:00,28,94,7,12,SSW,9.65,0.0,0.0
2026-01-01 18:36:00,28,95,7,10,SW,9.65,0.0,0.0
2026-01-01 18:51:00,28,95,8,13,SW,9.65,0.0,0.0
2026-01-01 19:06:00,29,95,9,13,SW,9.65,0.0,0.0
2026-01-01 19:21:00,29,95,10,14,SW,9.65,0.0,0.0
2026-01-01 19:36:00,29,95,10,16,SW,9.65,0.0,0.0
2026-01-01 19:51:00,29,95,10,16,SW,9.65,0.0,0.0
2026-01-01 20:06:00,29,95,9,14,SW,9.65,0.0,0.0
2026-01-01 20:21:00,29,95,9,14,SW,9.65,0.0,0.0
2026-01-01 20:36:00,29,95,9,14,SW,9.65,0.0,0.0
2026-01-01 20:51:00,28,95,9,15,SW,9.65,0.0,0.0
2026-01-01 21:06:00,28,95,9,15,SW,9.65,0.0,0.0
2026-01-01 21:21:00,28,94,9,15,SW,9.65,0.0,0.0
2026-01-01 21:36:00,28,94,8,14,SW,9.65,0.0,0.0
2026-01-01 21:51:00,28,94,8,13,SW,9.65,0.0,0.0
2026-01-01 22:06:00,28,94,8,11,SW,9.65,0.0,0.0
2026-01-01 22:21:00,28,95,8,17,SW,9.65,0.0,0.0
2026-01-01 22:36:00,28,95,9,15,WSW,9.65,0.0,0.0
2026-01-01 22:51:00,29,95,9,15,WSW,9.65,0.0,0.0
2026-01-01 23:06:00,29,95,9,16,WSW,9.65,0.0,0.0
2026-01-01 23:21:00,29,95,9,16,WSW,9.65,0.0,0.0
2026-01-01 23:36:00,29,95,9,16,WSW,9.65,0.0,0.0
2026-01-01 23:51:00,28,95,8,13,WSW,9.65,0.0,0.0
2026-01-02 00:06:00,28,95,9,17,WSW,9.65,0.0,0.0
2026-01-02 00:21:00,28,95,10,15,WSW,9.65,0.0,0.0
2026-01-02 00:36:00,28,94,10,16,WSW,9.65,0.0,0.0
2026-01-02 00:51:00,28,94,9,15,W,9.65,0.0,0.0
2026-01-02 01:06:00,28,94,9,16,W,9.65,0.0,0.0
2026-01-02 01:21:00,29,95,10,17,W,9.65,0.0,0.0
2026-01-02 01:36:00,29,95,9,14,W,9.65,0.0,0.0
2026-01-02 01:51:00,29,95,9,15,W,9.65,0.0,0.0
2026-01-02 02:06:00,29,95,9,13,W,9.65,0.0,0.0
2026-01-02 02:21:00,29,95,9,15,W,9.65,0.0,0.0
2026-01-02 02:36:00,29,95,9,14,W,9.65,0.0,0.0
2026-01-02 02:51:00,29,95,9,13,W,9.65,0.0,0.0
2026-01-02 03:06:00,29,95,9,13,W,9.65,0.0,0.0
2026-01-02 03:21:00,29,95,9,12,W,9.65,0.0,0.0
2026-01-02 03:36:00,29,95,9,15,W,9.65,0.0,0.0
2026-01-02 03:51:00,29,95,9,13,W,9.65,0.0,0.0
2026-01-02 04:06:00,29,95,9,14,W,9.65,0.0,0.0
2026-01-02 04:21:00,29,95,9,14,W,9.65,0.0,0.0
2026-01-02 04:36:00,29,95,10,15,W,9.65,0.0,0.0
2026-01-02 04:51:00,29,95,9,14,WSW,9.65,0.0,0.0
2026-01-02 05:06:00,29,95,10,15,WSW,9.65,0.0,0.0
2026-01-02 05:21:00,29,95,10,14,WSW,9.65,0.0,0.0
2026-01-02 05:36:00,29,95,10,13,WSW,9.65,0.0,0.0
2026-01-02 05:51:00,29,95,10,16,W,9.65,0.0,0.0
2026-01-02 06:06:00,29,95,10,15,W,9.65,0.0,0.0
2026-01-02 06:21:00,30,95,10,16,W,9.65,0.0,0.0
2026-01-02 06:36:00,30,95,9,14,W,9.65,0.0,0.0
2026-01-02 06:51:00,30,95,9,14,W,9.65,0.0,0.0
2026-01-02 07:06:00,30,96,8,13,W,9.65,0.0,0.0
2026-01-02 07:21:00,30,96,10,15,W,9.65,0.0,0.0
2026-01-02 07:36:00,30,96,9,12,W,9.65,0.0,0.0
2026-01-02 07:51:00,30,95,9,12,W,9.65,0.0,0.0
2026-01-02 08:06:00,30,95,8,13,WSW,9.65,0.0,0.0
2026-01-02 08:21:00,30,95,8,15,WSW,9.65,0.0,0.0
2026-01-02 08:36:00,30,95,10,17,W,9.65,0.0,2.0
2026-01-02 08:51:00,30,95,9,13,W,9.65,0.0,7.0
2026-01-02 09:06:00,30,95,8,12,W,9.65,0.0,16.0
2026-01-02 09:21:00,30,95,8,11,WSW,9.65,0.0,25.0
2026-01-02 09:36:00,30,95,9,15,W,9.65,0.0,44.0
2026-01-02 09:51:00,30,96,11,16,W,9.65,0.0,62.0
2026-01-02 10:06:00,30,96,11,18,W,9.65,0.0,67.0
2026-01-02 10:21:00,30,96,10,16,W,9.65,0.0,92.0
2026-01-02 10:36:00,30,96,9,13,WSW,9.65,0.0,75.0
2026-01-02 10:51:00,30,96,9,16,W,9.65,0.0,96.0
2026-01-02 11:06:00,30,96,7,11,W,9.65,0.0,116.0
2026-01-02 11:21:00,30,96,7,11,WSW,9.65,0.0,148.0
2026-01-02 11:36:00,30,96,7,12,WSW,9.65,0.0,155.0
2026-01-02 11:51:00,31,96,7,13,WSW,9.65,0.0,182.0
2026-01-02 12:06:00,31,96,7,12,WSW,9.65,0.0,205.0
2026-01-02 12:21:00,31,96,7,11,WSW,9.65,0.0,359.0
2026-01-02 12:36:00,31,95,8,14,WSW,9.65,0.0,379.0
2026-01-02 12:51:00,31,95,8,12,WSW,9.65,0.0,355.0
2026-01-02 13:06:00,31,95,5,9,WSW,9.65,0.0,315.0
2026-01-02 13:21:00,31,95,6,11,WSW,9.65,0.0,353.0
2026-01-02 13:36:00,31,95,7,11,WSW,9.65,0.0,327.0
2026-01-02 13:51:00,31,95,7,12,WSW,9.66,0.01,503.0
2026-01-02 14:06:00,31,95,7,11,W,9.66,0.01,530.0
2026-01-02 14:21:00,32,95,4,9,W,9.66,0.01,607.0
2026-01-02 14:36:00,32,95,2,7,WSW,9.66,0.01,645.0
2026-01-02 14:51:00,32,95,4,11,W,9.66,0.01,500.0
2026-01-02 15:06:00,32,95,3,7,WSW,9.66,0.01,517.0
2026-01-02 15:21:00,32,95,1,6,W,9.66,0.01,339.0
2026-01-02 15:36:00,32,96,1,5,SW,9.66,0.01,296.0
2026-01-02 15:51:00,32,95,1,4,WSW,9.66,0.01,332.0
2026-01-02 16:06:00,32,96,0,3,SW,9.66,0.01,271.0
2026-01-02 16:21:00,31,95,2,4,SW,9.66,0.01,95.0
2026-01-02 16:36:00,31,95,3,6,SW,9.66,0.01,91.0
2026-01-02 16:51:00,31,96,2,5,SSW,9.66,0.01,73.0
2026-01-02 17:06:00,30,96,4,6,SSE,9.67,0.02,49.0
2026-01-02 17:21:00,30,96,6,9,SE,9.67,0.02,22.0
2026-01-02 17:36:00,30,96,5,8,ESE,9.67,0.02,5.0
2026-01-02 17:51:00,30,96,6,9,ESE,9.67,0.02,1.0
2026-01-02 18:06:00,30,96,7,10,SE,9.67,0.02,0.0
2026-01-02 18:21:00,30,96,6,9,SE,9.67,0.02,0.0
2026-01-02 18:36:00,30,96,6,9,SE,9.67,0.02,0.0
2026-01-02 18:51:00,30,96,8,11,SSE,9.67,0.02,0.0
2026-01-02 19:06:00,30,96,8,11,SSE,9.67,0.02,0.0
2026-01-02 19:21:00,29,96,9,12,SSE,9.67,0.02,0.0
2026-01-02 19:36:00,30,96,10,16,SSE,9.67,0.02,0.0
2026-01-02 19:51:00,30,96,11,15,S,9.67,0.02,0.0
2026-01-02 20:06:00,30,96,12,17,S,9.67,0.02,0.0
2026-01-02 20:21:00,30,96,13,20,S,9.67,0.02,0.0
2026-01-02 20:36:00,30,96,14,20,S,9.67,0.02,0.0
2026-01-02 20:51:00,30,96,15,21,S,9.67,0.02,0.0
2026-01-02 21:06:00,30,96,16,21,S,9.67,0.02,0.0
2026-01-02 21:21:00,30,96,16,22,S,9.67,0.02,0.0
2026-01-02 21:36:00,30,96,15,18,S,9.67,0.02,0.0
2026-01-02 21:51:00,30,96,13,18,SSE,9.67,0.02,0.0
2026-01-02 22:06:00,30,96,14,19,SSE,9.67,0.02,0.0
2026-01-02 22:21:00,30,96,15,21,SSE,9.67,0.02,0.0
2026-01-02 22:36:00,30,96,14,19,SSE,9.67,0.02,0.0
2026-01-02 22:51:00,30,96,13,18,SSE,9.67,0.02,0.0
2026-01-02 23:06:00,30,96,13,18,SSE,9.67,0.02,0.0
2026-01-02 23:21:00,30,96,14,20,SE,9.67,0.02,0.0
2026-01-02 23:36:00,30,96,14,20,SE,9.67,0.02,0.0
2026-01-02 23:51:00,30,96,18,24,SE,9.67,0.02,0.0
2026-01-03 00:06:00,30,96,19,30,SE,9.67,0.02,0.0
2026-01-03 00:21:00,30,96,20,29,SE,9.67,0.02,0.0
2026-01-03 00:36:00,30,96,15,23,SSE,9.67,0.02,0.0
2026-01-03 00:51:00,30,96,12,17,SSE,9.67,0.02,0.0
2026-01-03 01:06:00,30,96,14,18,SSE,9.67,0.02,0.0
2026-01-03 01:21:00,30,96,14,19,SSE,9.67,0.02,0.0
2026-01-03 01:36:00,30,96,14,17,SSE,9.67,0.02,0.0
2026-01-03 01:51:00,30,96,15,21,SE,9.67,0.02,0.0
2026-01-03 02:06:00,30,96,16,23,SE,9.67,0.02,0.0
2026-01-03 02:21:00,30,96,16,25,SE,9.67,0.02,0.0
2026-01-03 02:36:00,30,96,18,27,SE,9.67,0.02,0.0
2026-01-03 02:51:00,29,96,17,25,SE,9.67,0.02,0.0
2026-01-03 03:06:00,29,96,16,23,SE,9.67,0.02,0.0
2026-01-03 03:21:00,29,96,17,28,SE,9.67,0.02,0.0
2026-01-03 03:36:00,29,96,14,22,SE,9.67,0.02,0.0
2026-01-03 03:51:00,29,96,15,24,SE,9.67,0.02,0.0
2026-01-03 04:06:00,29,96,14,21,SE,9.67,0.02,0.0
2026-01-03 04:21:00,29,96,14,20,SE,9.67,0.02,0.0
2026-01-03 04:36:00,29,96,14,19,SSE,9.67,0.02,0.0
2026-01-03 04:51:00,29,95,14,20,SSE,9.67,0.02,0.0
2026-01-03 05:06:00,29,95,15,21,SSE,9.67,0.02,0.0
2026-01-03 05:21:00,29,95,13,17,SSE,9.67,0.02,0.0
2026-01-03 05:36:00,29,95,12,19,S,9.67,0.02,0.0
2026-01-03 05:51:00,29,95,13,18,S,9.67,0.02,0.0
2026-01-03 06:06:00,29,95,15,23,S,9.67,0.02,0.0
2026-01-03 06:21:00,29,95,15,21,S,9.67,0.02,0.0
2026-01-03 06:36:00,29,95,14,24,S,9.67,0.02,0.0
2026-01-03 06:51:00,29,95,15,22,S,9.67,0.02,0.0
2026-01-03 07:06:00,29,95,14,23,S,9.67,0.02,0.0
2026-01-03 07:21:00,29,95,14,24,S,9.67,0.02,0.0
2026-01-03 07:36:00,29,95,13,20,S,9.67,0.02,0.0
2026-01-03 07:51:00,29,94,12,19,S,9.67,0.02,0.0
2026-01-03 08:06:00,29,94,11,21,S,9.67,0.02,0.0
2026-01-03 08:21:00,29,94,9,14,SW,9.67,0.02,0.0
2026-01-03 08:36:00,29,94,9,16,SSW,9.67,0.02,4.0
2026-01-03 08:51:00,29,95,12,18,S,9.67,0.02,15.0
2026-01-03 09:06:00,29,94,14,22,S,9.67,0.02,49.0
2026-01-03 09:21:00,29,94,15,22,S,9.67,0.02,61.0
2026-01-03 09:36:00,29,94,12,20,S,9.67,0.02,138.0
2026-01-03 09:51:00,29,94,12,19,SSE,9.67,0.02,189.0
2026-01-03 10:06:00,29,94,12,18,S,9.67,0.02,211.0
2026-01-03 10:21:00,30,94,12,20,S,9.67,0.02,237.0
2026-01-03 10:36:00,30,94,12,17,SSE,9.67,0.02,238.0
2026-01-03 10:51:00,30,93,11,16,SSE,9.67,0.02,217.0
2026-01-03 11:06:00,30,93,10,19,S,9.67,0.02,171.0
2026-01-03 11:21:00,30,93,11,19,S,9.67,0.02,202.0
2026-01-03 11:36:00,30,93,16,30,S,9.67,0.02,197.0
2026-01-03 11:51:00,30,93,16,26,S,9.67,0.02,351.0
2026-01-03 12:06:00,30,93,18,30,S,9.67,0.02,271.0
2026-01-03 12:21:00,30,93,18,27,S,9.67,0.02,410.0
2026-01-03 12:36:00,31,93,16,26,S,9.67,0.02,492.0
2026-01-03 12:51:00,31,92,17,27,S,9.67,0.02,611.0
2026-01-03 13:06:00,30,92,16,24,S,9.67,0.02,412.0
2026-01-03 13:21:00,30,92,15,25,S,9.67,0.02,467.0
2026-01-03 13:36:00,30,92,15,24,S,9.67,0.02,279.0
2026-01-03 13:51:00,30,92,14,23,S,9.67,0.01,207.0
2026-01-03 14:06:00,29,92,12,22,S,9.67,0.01,165.0
2026-01-03 14:21:00,29,92,13,21,S,9.67,0.01,243.0
2026-01-03 14:36:00,30,92,11,17,S,9.67,0.01,316.0
2026-01-03 14:51:00,30,92,11,17,S,9.67,0.01,270.0
2026-01-03 15:06:00,30,92,11,19,S,9.67,0.01,178.0
2026-01-03 15:21:00,30,92,11,18,S,9.67,0.01,279.0
2026-01-03 15:36:00,30,92,10,19,S,9.67,0.01,232.0
2026-01-03 15:51:00,30,93,8,15,S,9.67,0.01,135.0
2026-01-03 16:06:00,30,93,10,18,S,9.67,0.01,125.0
2026-01-03 16:21:00,30,92,12,20,S,9.67,0.01,102.0
2026-01-03 16:36:00,30,92,9,14,S,9.67,0.01,67.0
2026-01-03 16:51:00,30,93,11,20,S,9.67,0.01,53.0
2026-01-03 17:06:00,30,93,12,23,S,9.67,0.0,31.0
2026-01-03 17:21:00,30,93,14,22,S,9.67,0.0,11.0
2026-01-03 17:36:00,30,93,9,18,S,9.67,0.0,1.0
2026-01-03 17:51:00,30,93,9,15,S,9.67,0.0,0.0
2026-01-03 18:06:00,30,93,12,23,S,9.67,0.0,0.0
2026-01-03 18:21:00,30,92,13,21,S,9.67,0.0,0.0
2026-01-03 18:36:00,30,92,14,26,SSE,9.67,0.0,0.0
2026-01-03 18:51:00,30,92,14,26,S,9.67,0.0,0.0
2026-01-03 19:06:00,29,92,11,22,S,9.67,0.0,0.0
2026-01-03 19:21:00,29,93,12,22,SSE,9.67,0.0,0.0
2026-01-03 19:36:00,29,95,9,16,S,9.67,0.0,0.0
2026-01-03 19:51:00,29,95,12,21,S,9.67,0.0,0.0
2026-01-03 20:06:00,29,95,13,24,S,9.67,0.0,0.0
2026-01-03 20:21:00,29,96,17,27,S,9.67,0.0,0.0
2026-01-03 20:36:00,29,96,17,31,S,9.67,0.0,0.0
2026-01-03 20:51:00,29,95,12,24,SW,9.67,0.0,0.0
2026-01-03 21:06:00,28,95,14,24,SW,9.67,0.0,0.0
2026-01-03 21:21:00,29,95,14,23,SW,9.67,0.0,0.0
2026-01-03 21:36:00,29,95,15,27,SSW,9.67,0.0,0.0
2026-01-03 21:51:00,29,95,15,23,SSW,9.67,0.0,0.0
2026-01-03 22:06:00,28,95,14,22,SSW,9.67,0.0,0.0
2026-01-03 22:21:00,28,95,14,20,SSW,9.67,0.0,0.0
2026-01-03 22:36:00,28,95,13,23,SSW,9.67,0.0,0.0
2026-01-03 22:51:00,28,95,13,22,SSW,9.67,0.0,0.0
2026-01-03 23:06:00,28,94,12,20,SSW,9.67,0.0,0.0
2026-01-03 23:21:00,28,94,13,21,SSW,9.67,0.0,0.0
2026-01-03 23:36:00,28,94,11,17,SSW,9.67,0.0,0.0
2026-01-03 23:51:00,28,94,11,18,SSW,9.67,0.0,0.0
2026-01-04 00:06:00,28,94,11,16,SSW,9.67,0.0,0.0
2026-01-04 00:21:00,27,94,11,19,SSW,9.67,0.0,0.0
2026-01-04 00:36:00,27,94,11,18,SW,9.67,0.0,0.0
2026-01-04 00:51:00,27,94,11,17,SSW,9.67,0.0,0.0
2026-01-04 01:06:00,27,94,10,16,SSW,9.67,0.0,0.0
2026-01-04 01:21:00,27,94,10,16,SSW,9.67,0.0,0.0
2026-01-04 01:36:00,27,94,10,16,SSW,9.67,0.0,0.0
2026-01-04 01:51:00,27,94,10,14,SSW,9.67,0.0,0.0
2026-01-04 02:06:00,27,94,11,17,SSW,9.67,0.0,0.0
2026-01-04 02:21:00,27,94,11,20,SSW,9.67,0.0,0.0
2026-01-04 02:36:00,27,94,10,15,SW,9.67,0.0,0.0
2026-01-04 02:51:00,27,94,11,17,SSW,9.67,0.0,0.0
2026-01-04 03:06:00,27,94,11,16,SSW,9.67,0.0,0.0
2026-01-04 03:21:00,27,94,9,15,SSW,9.67,0.0,0.0
2026-01-04 03:36:00,27,94,9,15,SSW,9.67,0.0,0.0
2026-01-04 03:51:00,27,94,8,13,SSW,9.67,0.0,0.0
2026-01-04 04:06:00,27,94,9,15,SSW,9.67,0.0,0.0
2026-01-04 04:21:00,27,94,8,14,SSW,9.67,0.0,0.0
2026-01-04 04:36:00,27,94,8,13,SSW,9.67,0.0,0.0
2026-01-04 04:51:00,27,94,8,13,SSW,9.67,0.0,0.0
2026-01-04 05:06:00,27,94,8,13,SSW,9.67,0.0,0.0
2026-01-04 05:21:00,27,94,9,14,SSW,9.67,0.0,0.0
2026-01-04 05:36:00,27,94,8,12,SSW,9.67,0.0,0.0
2026-01-04 05:51:00,27,94,9,14,SSW,9.67,0.0,0.0
2026-01-04 06:06:00,27,94,9,15,SSW,9.67,0.0,0.0
2026-01-04 06:21:00,27,94,9,14,SSW,9.67,0.0,0.0
2026-01-04 06:36:00,27,94,9,14,SSW,9.67,0.0,0.0
2026-01-04 06:51:00,27,94,9,13,SSW,9.67,0.0,0.0
2026-01-04 07:06:00,27,94,11,19,SSW,9.67,0.0,0.0
2026-01-04 07:21:00,27,94,11,19,SSW,9.67,0.0,0.0
2026-01-04 07:36:00,27,94,12,20,SSW,9.67,0.0,0.0
2026-01-04 07:51:00,27,94,13,26,SSW,9.67,0.0,0.0
2026-01-04 08:06:00,27,94,13,25,SSW,9.67,0.0,0.0
2026-01-04 08:21:00,27,94,12,18,SSW,9.67,0.0,0.0
2026-01-04 08:36:00,27,94,13,19,SSW,9.67,0.0,1.0
2026-01-04 08:51:00,27,94,14,22,SSW,9.67,0.0,4.0
2026-01-04 09:06:00,27,94,10,17,SSW,9.67,0.0,9.0
2026-01-04 09:21:00,27,94,10,17,SSW,9.67,0.0,20.0
2026-01-04 09:36:00,27,94,11,19,SSW,9.67,0.0,29.0
2026-01-04 09:51:00,27,94,10,15,SSW,9.67,0.0,42.0
2026-01-04 10:06:00,27,94,9,18,SSW,9.67,0.0,47.0
2026-01-04 10:21:00,26,93,11,17,SSW,9.67,0.0,57.0
2026-01-04 10:36:00,26,93,10,18,SSW,9.67,0.0,60.0
2026-01-04 10:51:00,26,94,9,14,SSW,9.67,0.0,82.0
2026-01-04 11:06:00,26,93,9,15,SSW,9.67,0.0,86.0
2026-01-04 11:21:00,26,93,9,15,SSW,9.67,0.0,97.0
2026-01-04 11:36:00,26,93,9,14,SSW,9.67,0.0,139.0
2026-01-04 11:51:00,26,93,10,16,SSW,9.67,0.0,141.0
2026-01-04 12:06:00,26,93,9,14,SSW,9.67,0.0,150.0
2026-01-04 12:21:00,26,93,9,13,SSW,9.67,0.0,237.0
2026-01-04 12:36:00,26,93,8,13,SSW,9.67,0.0,174.0
2026-01-04 12:51:00,26,93,8,11,SSW,9.67,0.0,105.0
2026-01-04 13:06:00,26,93,8,13,SSW,9.67,0.0,136.0
2026-01-04 13:21:00,26,93,7,11,SSW,9.67,0.0,173.0
2026-01-04 13:36:00,26,93,7,12,SSW,9.67,0.0,131.0
2026-01-04 13:51:00,27,93,5,10,SSW,9.67,0.0,159.0
2026-01-04 14:06:00,26,93,7,11,S,9.67,0.0,137.0
2026-01-04 14:21:00,26,93,8,12,S,9.67,0.0,134.0
2026-01-04 14:36:00,26,93,7,12,S,9.67,0.0,121.0
2026-01-04 14:51:00,26,93,7,12,S,9.67,0.0,89.0
2026-01-04 15:06:00,26,93,7,11,S,9.67,0.0,75.0
2026-01-04 15:21:00,26,93,6,11,SSW,9.67,0.0,77.0
2026-01-04 15:36:00,26,93,7,15,SSW,9.67,0.0,77.0
2026-01-04 15:51:00,26,93,10,18,SSW,9.67,0.0,122.0
2026-01-04 16:06:00,26,93,8,11,SSW,9.67,0.0,120.0
2026-01-04 16:21:00,26,93,7,10,SSW,9.67,0.0,49.0
2026-01-04 16:36:00,26,93,6,9,SSW,9.67,0.0,26.0
2026-01-04 16:51:00,26,93,5,8,SSW,9.67,0.0,17.0
2026-01-04 17:06:00,26,93,6,10,SW,9.67,0.0,14.0
2026-01-04 17:21:00,26,93,8,13,SW,9.67,0.0,11.0
2026-01-04 17:36:00,26,94,9,18,SSW,9.67,0.0,3.0
2026-01-04 17:51:00,27,94,10,15,SSW,9.67,0.0,0.0
2026-01-04 18:06:00,27,94,9,16,SSW,9.67,0.0,0.0
2026-01-04 18:21:00,27,94,8,15,SSW,9.67,0.0,0.0
2026-01-04 18:36:00,27,94,7,14,SW,9.67,0.0,0.0
2026-01-04 18:51:00,27,94,6,14,SW,9.67,0.0,0.0
2026-01-04 19:06:00,26,94,6,10,SW,9.67,0.0,0.0
2026-01-04 19:21:00,26,94,8,16,SW,9.67,0.0,0.0
2026-01-04 19:36:00,26,94,8,15,SW,9.67,0.0,0.0
2026-01-04 19:51:00,26,94,9,22,SSW,9.67,0.0,0.0
2026-01-04 20:06:00,26,94,10,22,WSW,9.67,0.0,0.0
2026-01-04 20:21:00,26,94,8,14,SW,9.67,0.0,0.0
2026-01-04 20:36:00,26,94,6,15,SW,9.67,0.0,0.0
2026-01-04 20:51:00,26,94,5,13,SW,9.67,0.0,0.0
2026-01-04 21:06:00,26,94,7,16,SW,9.67,0.0,0.0
2026-01-04 21:21:00,26,94,7,13,SSW,9.67,0.0,0.0
2026-01-04 21:36:00,26,94,6,13,SW,9.67,0.0,0.0
2026-01-04 21:51:00,26,94,6,12,SW,9.67,0.0,0.0
2026-01-04 22:06:00,26,94,5,13,SW,9.67,0.0,0.0
2026-01-04 22:21:00,26,94,6,11,SW,9.67,0.0,0.0
2026-01-04 22:36:00,26,93,8,13,WSW,9.67,0.0,0.0
2026-01-04 22:51:00,26,93,8,15,WSW,9.67,0.0,0.0
2026-01-04 23:06:00,25,93,8,14,SW,9.67,0.0,0.0
2026-01-04 23:21:00,26,93,7,13,SW,9.67,0.0,0.0
2026-01-04 23:36:00,25,93,7,11,WSW,9.67,0.0,0.0
2026-01-04 23:51:00,25,93,6,11,SW,9.67,0.0,0.0
2026-01-05 00:06:00,25,93,6,10,SW,9.67,0.0,0.0
2026-01-05 00:21:00,25,93,5,9,SW,9.67,0.0,0.0
2026-01-05 00:36:00,25,93,7,12,WSW,9.67,0.0,0.0
2026-01-05 00:51:00,25,93,9,16,WSW,9.67,0.0,0.0
2026-01-05 01:06:00,25,93,8,16,WSW,9.67,0.0,0.0
2026-01-05 01:21:00,24,93,7,12,WSW,9.67,0.0,0.0
2026-01-05 01:36:00,24,92,8,14,WSW,9.67,0.0,0.0
2026-01-05 01:51:00,24,92,8,13,WSW,9.67,0.0,0.0
2026-01-05 02:06:00,24,92,8,12,WSW,9.67,0.0,0.0
2026-01-05 02:21:00,24,92,7,11,WSW,9.67,0.0,0.0
2026-01-05 02:36:00,24,92,5,9,W,9.67,0.0,0.0
2026-01-05 02:51:00,24,92,6,9,WSW,9.67,0.0,0.0
2026-01-05 03:06:00,24,92,6,12,WSW,9.67,0.0,0.0
2026-01-05 03:21:00,24,92,7,11,WSW,9.67,0.0,0.0
2026-01-05 03:36:00,24,92,6,11,WSW,9.67,0.0,0.0
2026-01-05 03:51:00,24,92,5,9,WSW,9.67,0.0,0.0
2026-01-05 04:06:00,24,92,5,10,SW,9.67,0.0,0.0
2026-01-05 04:21:00,24,92,7,14,WSW,9.67,0.0,0.0
2026-01-05 04:36:00,24,92,9,15,WSW,9.67,0.0,0.0
2026-01-05 04:51:00,24,92,9,15,WSW,9.67,0.0,0.0
2026-01-05 05:06:00,24,92,9,15,WSW,9.67,0.0,0.0
2026-01-05 05:21:00,23,92,9,14,WSW,9.67,0.0,0.0
2026-01-05 05:36:00,24,92,8,13,WSW,9.67,0.0,0.0
2026-01-05 05:51:00,24,92,6,12,WSW,9.67,0.0,0.0
2026-01-05 06:06:00,23,92,6,12,SW,9.67,0.0,0.0
2026-01-05 06:21:00,23,92,5,11,WSW,9.67,0.0,0.0
2026-01-05 06:36:00,23,92,5,10,SW,9.67,0.0,0.0
2026-01-05 06:51:00,23,92,4,11,SW,9.67,0.0,0.0
2026-01-05 07:06:00,23,92,4,9,SW,9.67,0.0,0.0
2026-01-05 07:21:00,23,92,5,9,WSW,9.67,0.0,0.0
2026-01-05 07:36:00,23,92,6,11,SW,9.67,0.0,0.0
2026-01-05 07:51:00,23,92,7,12,SW,9.67,0.0,0.0
2026-01-05 08:06:00,23,92,6,10,WSW,9.67,0.0,0.0
2026-01-05 08:21:00,23,92,6,11,WSW,9.67,0.0,0.0
2026-01-05 08:36:00,23,92,6,11,SW,9.67,0.0,4.0
2026-01-05 08:51:00,23,92,5,10,SW,9.67,0.0,14.0
2026-01-05 09:06:00,23,92,4,7,SW,9.67,0.0,36.0
2026-01-05 09:21:00,23,92,4,8,WSW,9.67,0.0,48.0
2026-01-05 09:36:00,23,92,5,11,SW,9.67,0.0,33.0
2026-01-05 09:51:00,23,92,6,11,WSW,9.67,0.0,101.0
2026-01-05 10:06:00,23,92,6,10,WSW,9.67,0.0,102.0
2026-01-05 10:21:00,23,92,6,11,SW,9.67,0.0,113.0
2026-01-05 10:36:00,23,92,5,10,SW,9.67,0.0,127.0
2026-01-05 10:51:00,23,92,5,8,SW,9.67,0.0,111.0
2026-01-05 11:06:00,24,92,4,8,SW,9.67,0.0,117.0
2026-01-05 11:21:00,24,92,5,9,SW,9.67,0.0,118.0
2026-01-05 11:36:00,24,92,4,8,SSW,9.67,0.0,139.0
2026-01-05 11:51:00,24,92,4,8,SW,9.67,0.0,172.0
2026-01-05 12:06:00,24,92,4,8,SW,9.67,0.0,125.0
2026-01-05 12:21:00,23,92,4,7,SSW,9.67,0.0,96.0
2026-01-05 12:36:00,24,91,4,7,SSW,9.67,0.0,178.0
2026-01-05 12:51:00,24,91,4,7,SW,9.67,0.0,163.0
2026-01-05 13:06:00,23,91,5,9,SW,9.67,0.0,165.0
2026-01-05 13:21:00,23,91,5,10,SW,9.67,0.0,117.0
2026-01-05 13:36:00,23,91,6,9,WSW,9.67,0.0,132.0
2026-01-05 13:51:00,23,91,5,9,SW,9.67,0.0,131.0
2026-01-05 14:06:00,23,91,5,9,SW,9.67,0.0,106.0
2026-01-05 14:21:00,23,91,5,10,SW,9.67,0.0,131.0
2026-01-05 14:36:00,23,91,5,11,SW,9.67,0.0,79.0
2026-01-05 14:51:00,23,91,4,9,SW,9.67,0.0,80.0
2026-01-05 15:06:00,23,91,5,11,SW,9.67,0.0,91.0
2026-01-05 15:21:00,23,91,4,9,SSW,9.67,0.0,102.0
2026-01-05 15:36:00,23,91,3,6,S,9.67,0.0,71.0
2026-01-05 15:51:00,23,91,2,6,SSW,9.67,0.0,49.0
2026-01-05 16:06:00,23,92,5,10,WSW,9.67,0.0,38.0
2026-01-05 16:21:00,23,91,7,12,SW,9.67,0.0,28.0
2026-01-05 16:36:00,22,91,7,13,SW,9.67,0.0,27.0
2026-01-05 16:51:00,22,91,8,15,SW,9.67,0.0,22.0
2026-01-05 17:06:00,22,91,7,15,WSW,9.67,0.0,12.0
2026-01-05 17:21:00,22,91,9,17,SW,9.67,0.0,6.0
2026-01-05 17:36:00,22,91,9,16,WSW,9.67,0.0,2.0
2026-01-05 17:51:00,22,91,10,20,WSW,9.67,0.0,0.0
2026-01-05 18:06:00,22,91,9,17,WSW,9.67,0.0,0.0
2026-01-05 18:21:00,22,91,8,14,SW,9.67,0.0,0.0
2026-01-05 18:36:00,22,91,7,13,WSW,9.67,0.0,0.0
2026-01-05 18:51:00,22,91,7,16,SW,9.67,0.0,0.0
2026-01-05 19:06:00,23,91,6,13,SW,9.67,0.0,0.0
2026-01-05 19:21:00,23,92,7,16,SW,9.67,0.0,0.0
2026-01-05 19:36:00,23,92,7,15,SW,9.67,0.0,0.0
2026-01-05 19:51:00,23,92,8,15,SW,9.67,0.0,0.0
2026-01-05 20:06:00,23,92,7,12,SW,9.67,0.0,0.0
2026-01-05 20:21:00,23,92,7,15,SSW,9.67,0.0,0.0
2026-01-05 20:36:00,23,92,6,11,SSW,9.67,0.0,0.0
2026-01-05 20:51:00,23,92,7,13,SSW,9.67,0.0,0.0
2026-01-05 21:06:00,23,92,8,15,SW,9.67,0.0,0.0
2026-01-05 21:21:00,23,92,7,13,SW,9.67,0.0,0.0
2026-01-05 21:36:00,23,92,7,14,SSW,9.67,0.0,0.0
2026-01-05 21:51:00,23,92,7,14,SSW,9.67,0.0,0.0
2026-01-05 22:06:00,23,92,7,13,SSW,9.67,0.0,0.0
2026-01-05 22:21:00,23,92,8,15,SW,9.67,0.0,0.0
2026-01-05 22:36:00,23,92,8,14,SW,9.67,0.0,0.0
2026-01-05 22:51:00,23,92,8,15,SW,9.67,0.0,0.0
2026-01-05 23:06:00,23,92,7,16,SW,9.67,0.0,0.0
2026-01-05 23:21:00,23,92,8,19,SW,9.67,0.0,0.0
2026-01-05 23:36:00,23,92,9,18,SW,9.67,0.0,0.0
2026-01-05 23:51:00,23,92,9,16,SW,9.67,0.0,0.0
2026-01-06 00:06:00,23,92,8,16,SW,9.67,0.0,0.0
2026-01-06 00:21:00,23,92,10,19,SW,9.67,0.0,0.0
2026-01-06 00:36:00,24,92,9,18,SW,9.67,0.0,0.0
2026-01-06 00:51:00,24,92,8,19,SW,9.67,0.0,0.0
2026-01-06 01:06:00,24,92,9,22,SW,9.67,0.0,0.0
2026-01-06 01:21:00,24,92,7,15,SW,9.67,0.0,0.0
2026-01-06 01:36:00,24,92,9,25,SW,9.67,0.0,0.0
2026-01-06 01:51:00,24,92,7,16,SW,9.67,0.0,0.0
2026-01-06 02:06:00,24,92,6,14,WSW,9.67,0.0,0.0
2026-01-06 02:21:00,24,92,4,13,SW,9.67,0.0,0.0
2026-01-06 02:36:00,24,92,6,12,WSW,9.67,0.0,0.0
2026-01-06 02:51:00,23,92,8,15,SW,9.67,0.0,0.0
2026-01-06 03:06:00,23,92,7,16,SW,9.67,0.0,0.0
2026-01-06 03:21:00,23,92,6,14,WSW,9.67,0.0,0.0
2026-01-06 03:36:00,23,92,6,13,WSW,9.67,0.0,0.0
2026-01-06 03:51:00,23,92,6,17,SW,9.67,0.0,0.0
2026-01-06 04:06:00,24,92,5,12,SW,9.67,0.0,0.0
2026-01-06 04:21:00,24,92,5,11,WSW,9.67,0.0,0.0
2026-01-06 04:36:00,24,92,6,12,WSW,9.67,0.0,0.0
2026-01-06 04:51:00,24,92,7,13,WSW,9.67,0.0,0.0
2026-01-06 05:06:00,24,92,5,13,WSW,9.67,0.0,0.0
2026-01-06 05:21:00,24,92,6,11,WSW,9.67,0.0,0.0
2026-01-06 05:36:00,24,92,5,10,WSW,9.67,0.0,0.0
2026-01-06 05:51:00,24,92,5,10,WSW,9.67,0.0,0.0
2026-01-06 06:06:00,24,92,4,9,WSW,9.67,0.0,0.0
2026-01-06 06:21:00,24,92,4,11,WSW,9.67,0.0,0.0
2026-01-06 06:36:00,24,92,4,10,WSW,9.67,0.0,0.0
2026-01-06 06:51:00,24,92,3,6,SW,9.67,0.0,0.0
2026-01-06 07:06:00,24,92,1,5,SW,9.67,0.0,0.0
2026-01-06 07:21:00,24,92,1,6,SW,9.67,0.0,0.0
2026-01-06 07:36:00,24,92,3,7,SW,9.67,0.0,0.0
2026-01-06 07:51:00,24,92,5,8,WSW,9.67,0.0,0.0
2026-01-06 08:06:00,24,92,3,7,WSW,9.67,0.0,0.0
2026-01-06 08:21:00,24,92,4,8,WSW,9.67,0.0,0.0
2026-01-06 08:36:00,24,92,5,11,SW,9.67,0.0,0.0
2026-01-06 08:51:00,24,92,8,18,SW,9.67,0.0,3.0
2026-01-06 09:06:00,24,92,8,16,SW,9.67,0.0,4.0
2026-01-06 09:21:00,24,92,8,16,SW,9.67,0.0,6.0
2026-01-06 09:36:00,24,92,7,15,WSW,9.67,0.0,18.0
2026-01-06 09:51:00,24,92,7,14,SW,9.67,0.0,26.0
2026-01-06 10:06:00,24,92,7,14,SW,9.67,0.0,23.0
2026-01-06 10:21:00,24,92,7,12,SW,9.67,0.0,39.0
2026-01-06 10:36:00,24,92,6,12,SW,9.67,0.0,48.0
2026-01-06 10:51:00,24,92,7,14,WSW,9.67,0.0,58.0
2026-01-06 11:06:00,24,92,6,12,SW,9.67,0.0,55.0
2026-01-06 11:21:00,25,92,5,11,SW,9.67,0.0,53.0
2026-01-06 11:36:00,24,92,6,14,SW,9.67,0.0,48.0
2026-01-06 11:51:00,24,91,6,11,SW,9.67,0.0,55.0
2026-01-06 12:06:00,24,91,5,11,SSW,9.67,0.0,60.0
2026-01-06 12:21:00,24,91,5,9,SW,9.67,0.0,62.0
2026-01-06 12:36:00,24,91,4,8,SW,9.67,0.0,63.0
2026-01-06 12:51:00,24,92,4,8,SW,9.67,0.0,54.0
2026-01-06 13:06:00,24,92,4,8,SSW,9.67,0.0,62.0
2026-01-06 13:21:00,25,91,5,9,SW,9.67,0.0,90.0
2026-01-06 13:36:00,24,91,6,13,SW,9.67,0.0,89.0
2026-01-06 13:51:00,24,91,5,10,SW,9.67,0.0,102.0
2026-01-06 14:06:00,24,91,7,13,SW,9.67,0.0,92.0
2026-01-06 14:21:00,24,91,6,11,SW,9.67,0.0,68.0
2026-01-06 14:36:00,24,92,7,14,SW,9.67,0.0,57.0
2026-01-06 14:51:00,24,91,7,14,SW,9.67,0.0,47.0
2026-01-06 15:06:00,24,92,8,15,SW,9.67,0.0,42.0
2026-01-06 15:21:00,24,92,9,17,SW,9.67,0.0,44.0
2026-01-06 15:36:00,24,92,10,19,SW,9.67,0.0,39.0
2026-01-06 15:51:00,24,92,10,20,SW,9.67,0.0,46.0
2026-01-06 16:06:00,24,92,10,19,SW,9.67,0.0,42.0
2026-01-06 16:21:00,24,92,10,20,SW,9.67,0.0,27.0
2026-01-06 16:36:00,24,92,11,20,SW,9.67,0.0,17.0
2026-01-06 16:51:00,24,92,12,20,SW,9.67,0.0,13.0
2026-01-06 17:06:00,24,92,10,19,SW,9.67,0.0,9.0
2026-01-06 17:21:00,24,92,10,22,WSW,9.67,0.0,4.0
2026-01-06 17:36:00,23,92,13,26,SW,9.67,0.0,1.0
2026-01-06 17:51:00,23,92,12,20,SW,9.67,0.0,0.0
2026-01-06 18:06:00,24,92,10,20,SW,9.67,0.0,0.0
2026-01-06 18:21:00,24,92,12,20,SW,9.67,0.0,0.0
2026-01-06 18:36:00,23,92,12,20,SW,9.67,0.0,0.0
2026-01-06 18:51:00,23,92,12,21,SW,9.67,0.0,0.0
2026-01-06 19:06:00,23,92,11,19,WSW,9.67,0.0,0.0
2026-01-06 19:21:00,23,91,10,19,WSW,9.67,0.0,0.0
2026-01-06 19:36:00,23,92,10,16,WSW,9.67,0.0,0.0
2026-01-06 19:51:00,23,92,9,16,WSW,9.67,0.0,0.0
2026-01-06 20:06:00,23,92,10,19,WSW,9.67,0.0,0.0
2026-01-06 20:21:00,23,92,10,19,WSW,9.67,0.0,0.0
2026-01-06 20:36:00,23,92,11,18,WSW,9.67,0.0,0.0
2026-01-06 20:51:00,23,92,12,20,WSW,9.67,0.0,0.0
2026-01-06 21:06:00,23,92,10,17,WSW,9.67,0.0,0.0
2026-01-06 21:21:00,24,92,9,16,SW,9.67,0.0,0.0
2026-01-06 21:36:00,24,92,10,19,SW,9.67,0.0,0.0
2026-01-06 21:51:00,24,92,14,22,SW,9.67,0.0,0.0
2026-01-06 22:06:00,24,92,12,24,SW,9.67,0.0,0.0
2026-01-06 22:21:00,24,92,13,22,WSW,9.67,0.0,0.0
2026-01-06 22:36:00,24,92,12,21,WSW,9.67,0.0,0.0
2026-01-06 22:51:00,24,92,9,19,WSW,9.67,0.0,0.0
2026-01-06 23:06:00,24,92,10,19,SW,9.67,0.0,0.0
2026-01-06 23:21:00,24,92,12,20,SW,9.67,0.0,0.0
2026-01-06 23:36:00,24,92,12,20,SW,9.67,0.0,0.0
2026-01-06 23:51:00,24,92,12,25,SW,9.67,0.0,0.0
2026-01-07 00:06:00,24,92,10,17,SW,9.67,0.0,0.0
2026-01-07 00:21:00,24,92,11,19,SW,9.67,0.0,0.0
2026-01-07 00:36:00,24,92,12,21,WSW,9.67,0.0,0.0
2026-01-07 00:51:00,24,92,13,20,WSW,9.67,0.0,0.0
2026-01-07 01:06:00,24,92,14,23,SW,9.67,0.0,0.0
2026-01-07 01:21:00,24,92,14,23,SW,9.67,0.0,0.0
2026-01-07 01:36:00,24,92,12,21,SW,9.67,0.0,0.0
2026-01-07 01:51:00,24,92,10,14,SW,9.67,0.0,0.0
2026-01-07 02:06:00,24,92,10,20,SW,9.67,0.0,0.0
2026-01-07 02:21:00,24,92,10,17,SW,9.67,0.0,0.0
2026-01-07 02:36:00,24,92,9,16,SW,9.67,0.0,0.0
2026-01-07 02:51:00,24,92,10,15,SW,9.67,0.0,0.0
2026-01-07 03:06:00,24,92,11,24,SW,9.67,0.0,0.0
2026-01-07 03:21:00,24,92,16,30,WSW,9.67,0.0,0.0
2026-01-07 03:36:00,24,92,16,26,SW,9.67,0.0,0.0
2026-01-07 03:51:00,23,92,16,25,SW,9.67,0.0,0.0
2026-01-07 04:06:00,23,92,17,28,SW,9.67,0.0,0.0
2026-01-07 04:21:00,23,92,14,25,SW,9.67,0.0,0.0
2026-01-07 04:36:00,23,92,13,25,SW,9.67,0.0,0.0
2026-01-07 04:51:00,22,91,14,24,SW,9.67,0.0,0.0
2026-01-07 05:06:00,22,91,16,25,SW,9.67,0.0,0.0
2026-01-07 05:21:00,22,91,14,23,SW,9.67,0.0,0.0
2026-01-07 05:36:00,22,91,12,20,SW,9.67,0.0,0.0
2026-01-07 05:51:00,22,91,14,20,SW,9.67,0.0,0.0
2026-01-07 06:06:00,22,91,14,21,SW,9.67,0.0,0.0
2026-01-07 06:21:00,22,91,14,20,SW,9.67,0.0,0.0
2026-01-07 06:36:00,22,91,13,18,SW,9.67,0.0,0.0
2026-01-07 06:51:00,22,91,10,18,SW,9.67,0.0,0.0
2026-01-07 07:06:00,22,91,11,20,WSW,9.67,0.0,0.0
2026-01-07 07:21:00,22,91,12,21,WSW,9.67,0.0,0.0
2026-01-07 07:36:00,22,91,12,19,WSW,9.67,0.0,0.0
2026-01-07 07:51:00,22,91,11,17,WSW,9.67,0.0,0.0
2026-01-07 08:06:00,21,91,11,19,WSW,9.67,0.0,0.0
2026-01-07 08:21:00,21,91,11,18,WSW,9.67,0.0,0.0
2026-01-07 08:36:00,21,91,11,18,WSW,9.67,0.0,0.0
2026-01-07 08:51:00,21,91,12,19,WSW,9.67,0.0,1.0
2026-01-07 09:06:00,22,91,11,17,WSW,9.67,0.0,4.0
2026-01-07 09:21:00,22,91,10,16,WSW,9.67,0.0,7.0
2026-01-07 09:36:00,22,91,9,17,W,9.67,0.0,16.0
2026-01-07 09:51:00,22,91,8,15,W,9.67,0.0,25.0
2026-01-07 10:06:00,22,91,8,13,W,9.67,0.0,29.0
2026-01-07 10:21:00,22,91,8,12,W,9.67,0.0,38.0
2026-01-07 10:36:00,22,91,7,14,WSW,9.67,0.0,43.0
2026-01-07 10:51:00,22,91,6,11,WSW,9.67,0.0,40.0
2026-01-07 11:06:00,22,91,6,11,W,9.67,0.0,39.0
2026-01-07 11:21:00,21,91,6,10,WSW,9.67,0.0,35.0
2026-01-07 11:36:00,21,91,5,10,WSW,9.67,0.0,78.0
2026-01-07 11:51:00,22,91,5,10,WSW,9.67,0.0,95.0
2026-01-07 12:06:00,23,91,4,8,WSW,9.67,0.0,99.0
2026-01-07 12:21:00,23,91,4,8,WSW,9.67,0.0,94.0
2026-01-07 12:36:00,22,91,4,8,WSW,9.67,0.0,65.0
2026-01-07 12:51:00,22,91,4,8,WSW,9.67,0.0,82.0
2026-01-07 13:06:00,22,91,4,7,W,9.67,0.0,64.0
2026-01-07 13:21:00,22,91,4,8,SW,9.67,0.0,61.0
2026-01-07 13:36:00,21,91,4,7,WSW,9.67,0.0,50.0
2026-01-07 13:51:00,21,91,3,8,WSW,9.67,0.0,51.0
2026-01-07 14:06:00,22,91,4,8,W,9.67,0.0,76.0
2026-01-07 14:21:00,23,91,4,8,WSW,9.67,0.0,85.0
2026-01-07 14:36:00,22,91,5,11,W,9.67,0.0,46.0
2026-01-07 14:51:00,21,91,5,8,WSW,9.67,0.0,42.0
2026-01-07 15:06:00,20,90,5,9,WSW,9.67,0.0,31.0
2026-01-07 15:21:00,20,90,5,8,W,9.67,0.0,24.0
2026-01-07 15:36:00,20,90,5,8,W,9.67,0.0,34.0
2026-01-07 15:51:00,19,90,4,7,WSW,9.67,0.0,24.0
2026-01-07 16:06:00,19,90,4,7,W,9.67,0.0,27.0
2026-01-07 16:21:00,19,90,4,6,W,9.67,0.0,21.0
2026-01-07 16:36:00,18,90,4,6,WSW,9.67,0.0,17.0
2026-01-07 16:51:00,18,89,4,6,WSW,9.67,0.0,11.0
2026-01-07 17:06:00,18,89,4,6,WSW,9.67,0.0,7.0
2026-01-07 17:21:00,17,89,3,6,WSW,9.67,0.0,4.0
2026-01-07 17:36:00,17,89,3,5,WSW,9.67,0.0,1.0
2026-01-07 17:51:00,17,89,2,4,W,9.67,0.0,0.0
2026-01-07 18:06:00,17,89,4,6,WSW,9.67,0.0,0.0
2026-01-07 18:21:00,17,89,4,6,WSW,9.67,0.0,0.0
2026-01-07 18:36:00,17,89,4,6,SW,9.67,0.0,0.0
2026-01-07 18:51:00,17,89,3,5,SW,9.67,0.0,0.0
2026-01-07 19:06:00,17,89,3,6,SW,9.67,0.0,0.0
2026-01-07 19:21:00,17,89,4,7,WSW,9.67,0.0,0.0
2026-01-07 19:36:00,17,89,5,9,WSW,9.67,0.0,0.0
2026-01-07 19:51:00,17,89,5,8,W,9.67,0.0,0.0
2026-01-07 20:06:00,17,89,5,7,W,9.67,0.0,0.0
2026-01-07 20:21:00,17,89,5,8,W,9.67,0.0,0.0
2026-01-07 20:36:00,17,89,5,9,WSW,9.67,0.0,0.0
2026-01-07 20:51:00,17,89,4,7,WSW,9.67,0.0,0.0
2026-01-07 21:06:00,17,89,4,7,WSW,9.67,0.0,0.0
2026-01-07 21:21:00,17,89,4,8,WSW,9.67,0.0,0.0
2026-01-07 21:36:00,17,89,3,6,WSW,9.67,0.0,0.0
2026-01-07 21:51:00,17,89,4,8,WSW,9.67,0.0,0.0
2026-01-07 22:06:00,17,89,6,11,WSW,9.67,0.0,0.0
2026-01-07 22:21:00,17,89,6,9,WSW,9.67,0.0,0.0
2026-01-07 22:36:00,17,89,7,10,WSW,9.67,0.0,0.0
2026-01-07 22:51:00,17,89,6,9,W,9.67,0.0,0.0
2026-01-07 23:06:00,17,89,5,8,W,9.67,0.0,0.0
2026-01-07 23:21:00,17,89,5,8,W,9.67,0.0,0.0
2026-01-07 23:36:00,17,89,4,7,W,9.67,0.0,0.0
2026-01-07 23:51:00,17,89,4,7,W,9.67,0.0,0.0
2026-01-08 00:06:00,17,89,3,7,WSW,9.67,0.0,0.0
2026-01-08 00:21:00,17,89,4,8,WSW,9.67,0.0,0.0
2026-01-08 00:36:00,17,89,3,6,SW,9.67,0.0,0.0
2026-01-08 00:51:00,17,89,5,8,WSW,9.67,0.0,0.0
2026-01-08 01:06:00,17,89,5,9,W,9.67,0.0,0.0
2026-01-08 01:21:00,17,89,4,7,W,9.67,0.0,0.0
2026-01-08 01:36:00,16,89,4,7,W,9.67,0.0,0.0
2026-01-08 01:51:00,16,89,4,7,WSW,9.67,0.0,0.0
2026-01-08 02:06:00,16,89,4,7,WSW,9.67,0.0,0.0
2026-01-08 02:21:00,16,89,4,9,SW,9.67,0.0,0.0
2026-01-08 02:36:00,17,89,5,8,W,9.67,0.0,0.0
2026-01-08 02:51:00,16,89,4,7,WNW,9.67,0.0,0.0
2026-01-08 03:06:00,16,89,4,9,WNW,9.67,0.0,0.0
2026-01-08 03:21:00,16,89,5,10,WNW,9.67,0.0,0.0
2026-01-08 03:36:00,15,89,6,10,WNW,9.67,0.0,0.0
2026-01-08 03:51:00,15,88,6,10,WNW,9.67,0.0,0.0
2026-01-08 04:06:00,15,88,7,14,NW,9.67,0.0,0.0
2026-01-08 04:21:00,14,88,9,14,NW,9.67,0.0,0.0
2026-01-08 04:36:00,14,88,12,19,NW,9.67,0.0,0.0
2026-01-08 04:51:00,13,87,13,20,NW,9.67,0.0,0.0
2026-01-08 05:06:00,13,87,12,20,WNW,9.67,0.0,0.0
2026-01-08 05:21:00,12,87,12,18,NW,9.67,0.0,0.0
2026-01-08 05:36:00,12,87,10,18,WNW,9.67,0.0,0.0
2026-01-08 05:51:00,12,87,10,17,NW,9.67,0.0,0.0
2026-01-08 06:06:00,12,87,8,13,NW,9.67,0.0,0.0
2026-01-08 06:21:00,12,87,8,14,NW,9.67,0.0,0.0
2026-01-08 06:36:00,11,86,8,14,NNW,9.67,0.0,0.0
2026-01-08 06:51:00,11,86,7,13,NNW,9.67,0.0,0.0
2026-01-08 07:06:00,11,86,7,13,NNW,9.67,0.0,0.0
2026-01-08 07:21:00,11,86,7,13,NW,9.67,0.0,0.0
2026-01-08 07:36:00,11,86,7,12,NW,9.67,0.0,0.0
2026-01-08 07:51:00,11,86,8,14,NNW,9.67,0.0,0.0
2026-01-08 08:06:00,11,86,7,12,NNW,9.67,0.0,0.0
2026-01-08 08:21:00,11,86,6,11,N,9.67,0.0,0.0
2026-01-08 08:36:00,11,86,6,9,N,9.67,0.0,0.0
2026-01-08 08:51:00,11,86,5,10,N,9.67,0.0,3.0
2026-01-08 09:06:00,12,86,5,10,NNW,9.67,0.0,4.0
2026-01-08 09:21:00,12,86,5,10,NNW,9.67,0.0,10.0
2026-01-08 09:36:00,12,87,7,12,NNW,9.67,0.0,10.0
2026-01-08 09:51:00,12,87,5,10,NNW,9.67,0.0,23.0
2026-01-08 10:06:00,13,87,5,9,NW,9.67,0.0,28.0
2026-01-08 10:21:00,13,87,5,9,NW,9.67,0.0,45.0
2026-01-08 10:36:00,14,87,4,8,NW,9.67,0.0,48.0
2026-01-08 10:51:00,14,87,4,9,NNW,9.67,0.0,34.0
2026-01-08 11:06:00,14,87,4,9,NW,9.67,0.0,40.0
2026-01-08 11:21:00,14,87,4,8,NW,9.67,0.0,56.0
2026-01-08 11:36:00,15,88,4,10,NW,9.67,0.0,59.0
2026-01-08 11:51:00,15,88,4,8,NNW,9.67,0.0,37.0
2026-01-08 12:06:00,14,88,3,9,NNW,9.67,0.0,33.0
2026-01-08 12:21:00,14,88,4,9,NNW,9.67,0.0,37.0
2026-01-08 12:36:00,14,88,5,10,NW,9.67,0.0,38.0
2026-01-08 12:51:00,14,87,6,12,NW,9.67,0.0,34.0
2026-01-08 13:06:00,14,87,6,12,NW,9.67,0.0,34.0
2026-01-08 13:21:00,13,87,6,12,NW,9.67,0.0,43.0
2026-01-08 13:36:00,14,87,6,11,NW,9.67,0.0,39.0
2026-01-08 13:51:00,13,87,5,11,NW,9.67,0.0,29.0
2026-01-08 14:06:00,13,87,4,8,NW,9.67,0.0,18.0
2026-01-08 14:21:00,13,87,4,9,NW,9.67,0.0,18.0
2026-01-08 14:36:00,13,87,6,11,WNW,9.67,0.0,18.0
2026-01-08 14:51:00,12,87,5,11,WNW,9.67,0.0,16.0
2026-01-08 15:06:00,12,87,6,11,NW,9.67,0.0,18.0
2026-01-08 15:21:00,12,87,7,14,NW,9.67,0.0,27.0
2026-01-08 15:36:00,12,87,7,15,WNW,9.67,0.0,26.0
2026-01-08 15:51:00,12,87,6,13,WNW,9.67,0.0,13.0
2026-01-08 16:06:00,12,87,8,13,WNW,9.67,0.0,16.0
2026-01-08 16:21:00,11,87,7,12,WNW,9.67,0.0,16.0
2026-01-08 16:36:00,11,86,6,11,WNW,9.67,0.0,11.0
2026-01-08 16:51:00,11,86,6,12,WNW,9.67,0.0,9.0
2026-01-08 17:06:00,10,86,8,15,WNW,9.67,0.0,6.0
2026-01-08 17:21:00,10,86,9,17,NW,9.67,0.0,4.0
2026-01-08 17:36:00,9,86,7,12,NNW,9.67,0.0,1.0
2026-01-08 17:51:00,9,85,7,13,NW,9.67,0.0,0.0
2026-01-08 18:06:00,9,85,7,13,NW,9.67,0.0,0.0
2026-01-08 18:21:00,9,85,6,10,NW,9.67,0.0,0.0
2026-01-08 18:36:00,9,85,6,12,NW,9.67,0.0,0.0
2026-01-08 18:51:00,9,85,7,12,NW,9.67,0.0,0.0
2026-01-08 19:06:00,9,85,8,14,NNW,9.67,0.0,0.0
2026-01-08 19:21:00,10,85,7,12,NW,9.67,0.0,0.0
2026-01-08 19:36:00,10,86,6,11,NW,9.67,0.0,0.0
2026-01-08 19:51:00,10,86,7,13,NW,9.67,0.0,0.0
2026-01-08 20:06:00,10,86,8,14,NNW,9.67,0.0,0.0
2026-01-08 20:21:00,10,86,9,17,NNW,9.67,0.0,0.0
2026-01-08 20:36:00,10,86,8,15,N,9.67,0.0,0.0
2026-01-08 20:51:00,10,86,8,14,N,9.67,0.0,0.0
2026-01-08 21:06:00,10,86,6,13,N,9.67,0.0,0.0
2026-01-08 21:21:00,10,86,6,12,N,9.67,0.0,0.0
2026-01-08 21:36:00,10,86,4,9,N,9.67,0.0,0.0
2026-01-08 21:51:00,10,86,5,9,N,9.67,0.0,0.0
2026-01-08 22:06:00,9,85,5,10,N,9.67,0.0,0.0
2026-01-08 22:21:00,9,85,5,8,NNW,9.67,0.0,0.0
2026-01-08 22:36:00,9,85,6,10,NW,9.67,0.0,0.0
2026-01-08 22:51:00,9,85,7,10,NNW,9.67,0.0,0.0
2026-01-08 23:06:00,10,85,7,14,NNW,9.67,0.0,0.0
2026-01-08 23:21:00,10,86,8,13,NNW,9.67,0.0,0.0
2026-01-08 23:36:00,10,86,7,13,NNW,9.67,0.0,0.0
2026-01-08 23:51:00,10,86,8,14,NNW,9.67,0.0,0.0
2026-01-09 00:06:00,10,86,8,13,N,9.67,0.0,0.0
2026-01-09 00:21:00,10,86,8,12,N,9.67,0.0,0.0
2026-01-09 00:36:00,10,86,8,13,N,9.67,0.0,0.0
2026-01-09 00:51:00,10,86,8,12,N,9.67,0.0,0.0
2026-01-09 01:06:00,10,86,8,13,N,9.67,0.0,0.0
2026-01-09 01:21:00,10,86,7,11,N,9.67,0.0,0.0
2026-01-09 01:36:00,11,86,6,10,N,9.67,0.0,0.0
2026-01-09 01:51:00,11,86,7,11,N,9.67,0.0,0.0
2026-01-09 02:06:00,11,86,6,9,N,9.67,0.0,0.0
2026-01-09 02:21:00,11,86,7,11,N,9.67,0.0,0.0
2026-01-09 02:36:00,11,86,7,11,N,9.67,0.0,0.0
2026-01-09 02:51:00,11,86,8,12,N,9.67,0.0,0.0
2026-01-09 03:06:00,11,86,6,10,N,9.67,0.0,0.0
2026-01-09 03:21:00,11,86,6,11,NNW,9.67,0.0,0.0
2026-01-09 03:36:00,11,86,6,10,NNW,9.67,0.0,0.0
2026-01-09 03:51:00,11,86,5,10,NNW,9.67,0.0,0.0
2026-01-09 04:06:00,11,86,5,9,NNW,9.67,0.0,0.0
2026-01-09 04:21:00,11,86,5,10,NNW,9.67,0.0,0.0
2026-01-09 04:36:00,11,86,6,11,NNW,9.67,0.0,0.0
2026-01-09 04:51:00,12,86,6,12,NNW,9.67,0.0,0.0
2026-01-09 05:06:00,12,86,6,10,N,9.67,0.0,0.0
2026-01-09 05:21:00,12,87,6,10,N,9.67,0.0,0.0
2026-01-09 05:36:00,13,87,5,8,N,9.67,0.0,0.0
2026-01-09 05:51:00,13,87,4,9,N,9.67,0.0,0.0
2026-01-09 06:06:00,13,87,4,7,NNW,9.67,0.0,0.0
2026-01-09 06:21:00,13,87,4,8,NNW,9.67,0.0,0.0
2026-01-09 06:36:00,13,87,3,7,N,9.67,0.0,0.0
2026-01-09 06:51:00,13,87,4,7,N,9.67,0.0,0.0
2026-01-09 07:06:00,13,87,3,6,N,9.67,0.0,0.0
2026-01-09 07:21:00,13,87,3,6,N,9.67,0.0,0.0
2026-01-09 07:36:00,13,87,2,5,N,9.67,0.0,0.0
2026-01-09 07:51:00,13,87,4,7,N,9.67,0.0,0.0
2026-01-09 08:06:00,13,87,3,6,N,9.67,0.0,0.0
2026-01-09 08:21:00,13,87,3,6,N,9.67,0.0,0.0
2026-01-09 08:36:00,13,87,2,5,N,9.67,0.0,0.0
2026-01-09 08:51:00,13,87,2,6,N,9.67,0.0,3.0
2026-01-09 09:06:00,13,87,1,5,N,9.67,0.0,10.0
2026-01-09 09:21:00,14,87,1,4,NNE,9.67,0.0,11.0
2026-01-09 09:36:00,14,87,1,4,N,9.67,0.0,7.0
2026-01-09 09:51:00,14,87,3,6,N,9.67,0.0,17.0
2026-01-09 10:06:00,15,88,3,6,NNW,9.67,0.0,34.0
2026-01-09 10:21:00,15,88,3,7,NNW,9.67,0.0,44.0
2026-01-09 10:36:00,16,88,2,6,N,9.67,0.0,40.0
2026-01-09 10:51:00,16,88,2,5,N,9.67,0.0,29.0
2026-01-09 11:06:00,16,88,3,5,NNW,9.67,0.0,38.0
2026-01-09 11:21:00,17,89,2,5,N,9.67,0.0,43.0
2026-01-09 11:36:00,17,89,2,6,N,9.67,0.0,55.0
2026-01-09 11:51:00,18,89,2,6,NNW,9.67,0.0,52.0
2026-01-09 12:06:00,18,89,2,5,N,9.67,0.0,49.0
2026-01-09 12:21:00,18,89,2,5,N,9.67,0.0,51.0
2026-01-09 12:36:00,18,89,1,5,N,9.67,0.0,37.0
2026-01-09 12:51:00,18,89,1,6,N,9.67,0.0,36.0
2026-01-09 13:06:00,18,89,1,4,N,9.67,0.0,37.0
2026-01-09 13:21:00,18,89,0,3,N,9.67,0.0,36.0
2026-01-09 13:36:00,18,89,0,3,N,9.67,0.0,37.0
2026-01-09 13:51:00,18,89,0,3,NNE,9.67,0.0,37.0
2026-01-09 14:06:00,18,89,0,2,NNE,9.67,0.0,36.0
2026-01-09 14:21:00,18,89,1,3,N,9.67,0.0,31.0
2026-01-09 14:36:00,18,89,0,3,NNE,9.67,0.0,28.0
2026-01-09 14:51:00,18,89,0,3,N,9.67,0.0,28.0
2026-01-09 15:06:00,18,89,0,3,NNE,9.67,0.0,26.0
2026-01-09 15:21:00,18,89,0,3,N,9.67,0.0,27.0
2026-01-09 15:36:00,18,89,0,2,NNE,9.67,0.0,22.0
2026-01-09 15:51:00,17,89,0,3,NNE,9.67,0.0,18.0
2026-01-09 16:06:00,17,89,0,1,NNE,9.67,0.0,16.0
2026-01-09 16:21:00,17,89,0,1,NE,9.67,0.0,12.0
2026-01-09 16:36:00,17,89,0,2,NNE,9.67,0.0,10.0
2026-01-09 16:51:00,17,89,0,2,NNE,9.67,0.0,8.0
2026-01-09 17:06:00,16,89,0,2,NNE,9.67,0.0,4.0
2026-01-09 17:21:00,16,89,0,2,NNE,9.67,0.0,1.0
2026-01-09 17:36:00,16,88,0,2,NNE,9.67,0.0,1.0
2026-01-09 17:51:00,15,88,1,3,NNE,9.67,0.0,0.0
2026-01-09 18:06:00,15,88,2,2,NE,9.67,0.0,0.0
2026-01-09 18:21:00,15,88,2,3,NE,9.67,0.0,0.0
2026-01-09 18:36:00,15,88,1,3,NE,9.67,0.0,0.0
2026-01-09 18:51:00,15,88,1,2,NE,9.67,0.0,0.0
2026-01-09 19:06:00,15,88,1,3,NE,9.67,0.0,0.0
2026-01-09 19:21:00,15,88,1,2,NE,9.67,0.0,0.0
2026-01-09 19:36:00,15,88,1,3,NE,9.67,0.0,0.0
2026-01-09 19:51:00,15,88,1,2,NE,9.67,0.0,0.0
2026-01-09 20:06:00,15,88,1,3,NE,9.67,0.0,0.0
2026-01-09 20:21:00,15,88,2,3,NE,9.67,0.0,0.0
2026-01-09 20:36:00,15,88,1,2,ENE,9.67,0.0,0.0
2026-01-09 20:51:00,15,88,1,2,ENE,9.67,0.0,0.0
2026-01-09 21:06:00,14,88,1,2,NE,9.67,0.0,0.0
2026-01-09 21:21:00,14,87,0,1,ENE,9.67,0.0,0.0
2026-01-09 21:36:00,14,87,0,1,ENE,9.67,0.0,0.0
2026-01-09 21:51:00,14,87,1,2,NE,9.67,0.0,0.0
2026-01-09 22:06:00,15,87,2,3,NE,9.67,0.0,0.0
2026-01-09 22:21:00,15,88,2,3,NE,9.67,0.0,0.0
2026-01-09 22:36:00,15,88,2,3,NE,9.67,0.0,0.0
2026-01-09 22:51:00,15,88,3,3,NE,9.67,0.0,0.0
2026-01-09 23:06:00,15,88,2,3,NE,9.67,0.0,0.0
2026-01-09 23:21:00,15,88,2,3,NE,9.67,0.0,0.0
2026-01-09 23:36:00,15,88,1,3,NE,9.67,0.0,0.0
2026-01-09 23:51:00,16,88,2,3,NNE,9.67,0.0,0.0
2026-01-10 00:06:00,16,88,3,3,N,9.67,0.0,0.0
2026-01-10 00:21:00,17,88,2,3,N,9.67,0.0,0.0
2026-01-10 00:36:00,17,89,2,3,N,9.67,0.0,0.0
2026-01-10 00:51:00,17,89,2,3,N,9.67,0.0,0.0
2026-01-10 01:06:00,17,89,3,4,N,9.67,0.0,0.0
2026-01-10 01:21:00,17,89,2,3,N,9.67,0.0,0.0
2026-01-10 01:36:00,17,89,3,4,N,9.67,0.0,0.0
2026-01-10 01:51:00,18,89,4,4,N,9.67,0.0,0.0
2026-01-10 02:06:00,18,89,4,4,NNE,9.67,0.0,0.0
2026-01-10 02:21:00,18,89,4,4,N,9.67,0.0,0.0
2026-01-10 02:36:00,18,89,4,5,N,9.67,0.0,0.0
2026-01-10 02:51:00,18,89,5,5,N,9.67,0.0,0.0
2026-01-10 03:06:00,18,89,5,6,N,9.67,0.0,0.0
2026-01-10 03:21:00,18,89,5,7,N,9.67,0.0,0.0
2026-01-10 03:36:00,18,89,6,8,N,9.67,0.0,0.0
2026-01-10 03:51:00,18,89,5,8,N,9.67,0.0,0.0
2026-01-10 04:06:00,19,89,6,8,N,9.67,0.0,0.0
2026-01-10 04:21:00,19,89,7,8,N,9.67,0.0,0.0
2026-01-10 04:36:00,19,89,7,9,N,9.67,0.0,0.0
2026-01-10 04:51:00,19,89,7,8,N,9.67,0.0,0.0
2026-01-10 05:06:00,19,89,7,9,N,9.67,0.0,0.0
2026-01-10 05:21:00,19,89,8,10,N,9.67,0.0,0.0
2026-01-10 05:36:00,19,89,8,10,N,9.67,0.0,0.0
2026-01-10 05:51:00,19,89,8,10,N,9.67,0.0,0.0
2026-01-10 06:06:00,19,89,9,10,N,9.67,0.0,0.0
2026-01-10 06:21:00,19,89,8,10,N,9.67,0.0,0.0
2026-01-10 06:36:00,19,89,8,12,N,9.67,0.0,0.0
2026-01-10 06:51:00,19,89,9,13,N,9.67,0.0,0.0
2026-01-10 07:06:00,19,89,10,12,NNW,9.67,0.0,0.0
2026-01-10 07:21:00,19,89,11,14,NNW,9.67,0.0,0.0
2026-01-10 07:36:00,19,89,11,14,NNW,9.67,0.0,0.0
2026-01-10 07:51:00,19,89,11,15,NNW,9.67,0.0,0.0
2026-01-10 08:06:00,19,89,12,15,NNW,9.67,0.0,0.0
2026-01-10 08:21:00,19,89,11,15,N,9.67,0.0,0.0
2026-01-10 08:36:00,19,89,9,12,N,9.67,0.0,1.0
2026-01-10 08:51:00,20,89,8,11,N,9.67,0.0,7.0
2026-01-10 09:06:00,20,89,9,11,NNW,9.67,0.0,15.0
2026-01-10 09:21:00,20,89,8,10,N,9.67,0.0,21.0
2026-01-10 09:36:00,21,89,8,11,N,9.67,0.0,20.0
2026-01-10 09:51:00,22,89,8,11,NNW,9.67,0.0,21.0
2026-01-10 10:06:00,22,90,8,10,NNW,9.67,0.0,25.0
2026-01-10 10:21:00,22,89,6,9,N,9.67,0.0,32.0
2026-01-10 10:36:00,22,89,6,8,N,9.67,0.0,52.0
2026-01-10 10:51:00,23,89,6,8,N,9.67,0.0,75.0
2026-01-10 11:06:00,22,89,7,9,N,9.67,0.0,54.0
2026-01-10 11:21:00,23,89,5,7,N,9.67,0.0,88.0
2026-01-10 11:36:00,23,89,6,8,NNW,9.67,0.0,76.0
2026-01-10 11:51:00,24,89,3,7,NNW,9.67,0.0,99.0
2026-01-10 12:06:00,25,90,3,5,NNW,9.67,0.0,90.0
2026-01-10 12:21:00,26,90,3,5,N,9.67,0.0,115.0
2026-01-10 12:36:00,27,91,2,4,N,9.67,0.0,119.0
2026-01-10 12:51:00,28,91,3,5,N,9.67,0.0,123.0
2026-01-10 13:06:00,28,91,2,4,N,9.67,0.0,100.0
2026-01-10 13:21:00,28,92,2,6,NNW,9.67,0.0,92.0
2026-01-10 13:36:00,28,92,2,4,NW,9.67,0.0,91.0
2026-01-10 13:51:00,28,92,2,4,WNW,9.67,0.0,89.0
2026-01-10 14:06:00,29,92,1,3,WSW,9.67,0.0,84.0
2026-01-10 14:21:00,29,92,1,3,SSW,9.67,0.0,78.0
2026-01-10 14:36:00,30,92,2,3,SSW,9.67,0.0,76.0
2026-01-10 14:51:00,30,92,1,3,S,9.67,0.0,79.0
2026-01-10 15:06:00,30,93,1,3,SSW,9.67,0.0,52.0
2026-01-10 15:21:00,30,94,2,5,SSW,9.67,0.0,38.0
2026-01-10 15:36:00,29,94,1,3,SSW,9.67,0.0,33.0
2026-01-10 15:51:00,28,93,2,4,SSW,9.67,0.0,31.0
2026-01-10 16:06:00,27,92,3,6,SW,9.67,0.0,25.0
2026-01-10 16:21:00,25,91,4,6,SW,9.67,0.0,24.0
2026-01-10 16:36:00,24,91,3,5,SSW,9.67,0.0,20.0
2026-01-10 16:51:00,24,90,3,5,SSW,9.67,0.0,13.0
2026-01-10 17:06:00,23,90,3,5,SSW,9.67,0.0,7.0
2026-01-10 17:21:00,22,90,3,5,SSW,9.67,0.0,3.0
2026-01-10 17:36:00,21,90,4,5,SW,9.67,0.0,1.0
2026-01-10 17:51:00,21,89,4,5,WSW,9.67,0.0,0.0
2026-01-10 18:06:00,21,89,2,4,WSW,9.67,0.0,0.0
2026-01-10 18:21:00,21,89,4,7,SW,9.67,0.0,0.0
2026-01-10 18:36:00,21,89,4,7,SSW,9.67,0.0,0.0
2026-01-10 18:51:00,21,89,6,8,SSW,9.67,0.0,0.0
2026-01-10 19:06:00,21,89,6,8,SW,9.67,0.0,0.0
2026-01-10 19:21:00,21,89,6,9,SW,9.67,0.0,0.0
2026-01-10 19:36:00,21,89,5,7,S,9.67,0.0,0.0
2026-01-10 19:51:00,21,89,5,7,SW,9.67,0.0,0.0
2026-01-10 20:06:00,22,89,6,8,SW,9.67,0.0,0.0
2026-01-10 20:21:00,22,89,6,7,S,9.67,0.0,0.0
2026-01-10 20:36:00,21,89,6,7,S,9.67,0.0,0.0
2026-01-10 20:51:00,21,89,8,9,S,9.67,0.0,0.0
2026-01-10 21:06:00,21,88,9,11,S,9.67,0.0,0.0
2026-01-10 21:21:00,21,88,11,13,S,9.67,0.0,0.0
2026-01-10 21:36:00,21,88,10,13,S,9.67,0.0,0.0
2026-01-10 21:51:00,21,89,11,13,S,9.67,0.0,0.0
2026-01-10 22:06:00,21,89,10,13,S,9.67,0.0,0.0
2026-01-10 22:21:00,21,89,10,12,S,9.67,0.0,0.0
2026-01-10 22:36:00,21,88,11,14,S,9.67,0.0,0.0
2026-01-10 22:51:00,21,88,11,14,S,9.67,0.0,0.0
2026-01-10 23:06:00,21,88,12,15,S,9.67,0.0,0.0
2026-01-10 23:21:00,21,88,13,16,S,9.67,0.0,0.0
2026-01-10 23:36:00,21,88,12,16,S,9.67,0.0,0.0
2026-01-10 23:51:00,21,89,11,15,S,9.67,0.0,0.0
2026-01-11 00:06:00,21,89,11,14,S,9.67,0.0,0.0
2026-01-11 00:21:00,21,89,10,13,S,9.67,0.0,0.0
2026-01-11 00:36:00,21,89,10,13,SSW,9.67,0.0,0.0
2026-01-11 00:51:00,21,89,9,14,S,9.67,0.0,0.0
2026-01-11 01:06:00,21,89,10,15,S,9.67,0.0,0.0
2026-01-11 01:21:00,21,88,12,15,S,9.67,0.0,0.0
2026-01-11 01:36:00,21,88,12,15,S,9.67,0.0,0.0
2026-01-11 01:51:00,21,88,12,16,S,9.67,0.0,0.0
2026-01-11 02:06:00,21,88,13,16,S,9.67,0.0,0.0
2026-01-11 02:21:00,21,87,13,16,S,9.67,0.0,0.0
2026-01-11 02:36:00,21,87,12,15,S,9.67,0.0,0.0
2026-01-11 02:51:00,21,87,11,15,S,9.67,0.0,0.0
2026-01-11 03:06:00,21,87,12,15,S,9.67,0.0,0.0
2026-01-11 03:21:00,21,87,13,16,S,9.67,0.0,0.0
2026-01-11 03:36:00,21,87,13,17,S,9.67,0.0,0.0
2026-01-11 03:51:00,21,87,13,17,S,9.67,0.0,0.0
2026-01-11 04:06:00,21,86,13,16,S,9.67,0.0,0.0
2026-01-11 04:21:00,21,86,13,16,S,9.67,0.0,0.0
2026-01-11 04:36:00,21,86,14,17,S,9.67,0.0,0.0
2026-01-11 04:51:00,21,86,14,17,S,9.67,0.0,0.0
2026-01-11 05:06:00,21,86,13,17,S,9.67,0.0,0.0
2026-01-11 05:21:00,21,86,12,16,S,9.67,0.0,0.0
2026-01-11 05:36:00,21,87,13,17,S,9.67,0.0,0.0
2026-01-11 05:51:00,21,87,14,19,S,9.67,0.0,0.0
2026-01-11 06:06:00,21,86,16,20,S,9.67,0.0,0.0
2026-01-11 06:21:00,22,86,16,20,S,9.67,0.0,0.0
2026-01-11 06:36:00,22,86,15,23,S,9.67,0.0,0.0
2026-01-11 06:51:00,22,86,14,19,S,9.67,0.0,0.0
2026-01-11 07:06:00,22,86,15,19,S,9.67,0.0,0.0
2026-01-11 07:21:00,22,86,14,18,S,9.67,0.0,0.0
2026-01-11 07:36:00,22,86,12,16,S,9.67,0.0,0.0
2026-01-11 07:51:00,22,87,11,17,S,9.67,0.0,0.0
2026-01-11 08:06:00,22,87,11,16,S,9.67,0.0,0.0
2026-01-11 08:21:00,22,87,10,14,S,9.67,0.0,2.0
2026-01-11 08:36:00,23,88,10,14,S,9.67,0.0,14.0
2026-01-11 08:51:00,23,87,10,13,S,9.67,0.0,42.0
2026-01-11 09:06:00,23,86,10,13,S,9.67,0.0,94.0
2026-01-11 09:21:00,23,85,11,14,S,9.67,0.0,142.0
2026-01-11 09:36:00,24,85,12,18,S,9.67,0.0,237.0
2026-01-11 09:51:00,25,84,12,16,S,9.67,0.0,250.0
2026-01-11 10:06:00,25,84,13,18,S,9.67,0.0,262.0
2026-01-11 10:21:00,25,85,12,15,S,9.67,0.0,329.0
2026-01-11 10:36:00,25,83,14,17,S,9.67,0.0,361.0
2026-01-11 10:51:00,26,83,13,16,S,9.67,0.0,476.0
2026-01-11 11:06:00,26,83,11,15,S,9.67,0.0,586.0
2026-01-11 11:21:00,25,81,12,18,S,9.67,0.0,320.0
2026-01-11 11:36:00,27,82,11,15,S,9.67,0.0,691.0
2026-01-11 11:51:00,27,81,11,14,SSW,9.67,0.0,670.0
2026-01-11 12:06:00,27,81,9,13,SSW,9.67,0.0,624.0
2026-01-11 12:21:00,26,80,11,14,S,9.67,0.0,602.0
2026-01-11 12:36:00,27,82,7,11,SSW,9.67,0.0,574.0
2026-01-11 12:51:00,28,81,8,11,SSW,9.67,0.0,502.0
2026-01-11 13:06:00,29,80,7,11,SSW,9.67,0.0,658.0
2026-01-11 13:21:00,30,79,7,12,SSW,9.67,0.0,612.0
2026-01-11 13:36:00,30,77,8,12,SSW,9.67,0.0,678.0
2026-01-11 13:51:00,30,76,8,11,SSW,9.67,0.0,560.0
2026-01-11 14:06:00,31,78,6,9,SW,9.67,0.0,597.0
2026-01-11 14:21:00,31,75,7,10,SSW,9.67,0.0,592.0
2026-01-11 14:36:00,31,73,7,9,SSW,9.68,0.01,559.0
2026-01-11 14:51:00,32,73,8,11,SW,9.68,0.01,533.0
2026-01-11 15:06:00,33,68,5,10,SW,9.68,0.01,502.0
2026-01-11 15:21:00,33,67,6,9,SW,9.69,0.02,470.0
2026-01-11 15:36:00,34,65,5,8,SW,9.69,0.02,431.0
2026-01-11 15:51:00,34,64,5,9,WSW,9.7,0.03,400.0
2026-01-11 16:06:00,34,64,5,7,SW,9.72,0.05,358.0
2026-01-11 16:21:00,33,63,6,8,SW,9.73,0.06,333.0
2026-01-11 16:36:00,32,59,7,9,SW,9.74,0.07,266.0
2026-01-11 16:51:00,31,53,6,8,SW,9.74,0.07,171.0
2026-01-11 17:06:00,31,51,5,8,WSW,9.75,0.08,89.0
2026-01-11 17:21:00,31,50,4,7,WSW,9.75,0.08,52.0
2026-01-11 17:36:00,30,50,3,5,WSW,9.75,0.08,30.0
2026-01-11 17:51:00,30,48,4,5,WSW,9.75,0.08,8.0
2026-01-11 18:06:00,30,49,4,5,W,9.75,0.08,2.0
2026-01-11 18:21:00,30,47,3,4,WSW,9.75,0.08,0.0
2026-01-11 18:36:00,30,46,4,5,SSW,9.75,0.08,0.0
2026-01-11 18:51:00,31,45,4,5,SSW,9.75,0.08,0.0
2026-01-11 19:06:00,30,45,4,5,S,9.75,0.08,0.0
2026-01-11 19:21:00,30,47,5,7,S,9.75,0.08,0.0
2026-01-11 19:36:00,31,41,5,6,SSW,9.75,0.08,0.0
2026-01-11 19:51:00,31,37,5,6,SW,9.75,0.08,0.0
2026-01-11 20:06:00,31,37,5,6,SW,9.75,0.08,0.0
2026-01-11 20:21:00,30,40,8,10,SSW,9.75,0.08,0.0
2026-01-11 20:36:00,30,41,8,10,SSW,9.75,0.08,0.0
2026-01-11 20:51:00,31,37,9,11,SSW,9.75,0.08,0.0
2026-01-11 21:06:00,31,37,9,12,SSW,9.75,0.08,0.0
2026-01-11 21:21:00,31,35,9,11,SSW,9.75,0.08,0.0
2026-01-11 21:36:00,32,32,9,12,SW,9.75,0.08,0.0
2026-01-11 21:51:00,32,29,8,10,SW,9.75,0.08,0.0
2026-01-11 22:06:00,31,32,8,10,SSW,9.75,0.08,0.0
2026-01-11 22:21:00,31,32,8,10,SSW,9.75,0.08,0.0
2026-01-11 22:36:00,31,34,8,10,SSW,9.75,0.08,0.0
2026-01-11 22:51:00,31,35,8,10,SSW,9.75,0.08,0.0
2026-01-11 23:06:00,31,35,8,10,SSW,9.75,0.08,0.0
2026-01-11 23:21:00,32,31,8,12,SW,9.75,0.08,0.0
2026-01-11 23:36:00,32,30,8,12,SW,9.75,0.08,0.0
2026-01-11 23:51:00,31,31,7,9,SW,9.75,0.08,0.0
2026-01-12 00:06:00,31,33,7,10,SSW,9.75,0.08,0.0
2026-01-12 00:21:00,31,33,7,10,SSW,9.75,0.08,0.0
2026-01-12 00:36:00,31,32,8,12,SW,9.75,0.08,0.0
2026-01-12 00:51:00,31,31,8,11,WSW,9.75,0.08,0.0
2026-01-12 01:06:00,31,31,7,12,WSW,9.75,0.08,0.0
2026-01-12 01:21:00,32,28,8,12,WSW,9.75,0.08,0.0
2026-01-12 01:36:00,32,24,6,10,WSW,9.75,0.08,0.0
2026-01-12 01:51:00,32,26,6,9,WSW,9.75,0.08,0.0
2026-01-12 02:06:00,32,22,7,10,WSW,9.75,0.08,0.0
2026-01-12 02:21:00,32,22,7,11,WSW,9.75,0.08,0.0
2026-01-12 02:36:00,31,27,7,9,WSW,9.75,0.08,0.0
2026-01-12 02:51:00,32,23,7,9,WSW,9.75,0.08,0.0
2026-01-12 03:06:00,32,24,6,9,WSW,9.75,0.08,0.0
2026-01-12 03:21:00,32,24,6,9,W,9.75,0.08,0.0
2026-01-12 03:36:00,32,23,7,9,W,9.75,0.08,0.0
2026-01-12 03:51:00,32,22,7,9,W,9.75,0.08,0.0
2026-01-12 04:06:00,32,23,6,8,W,9.75,0.08,0.0
2026-01-12 04:21:00,32,20,6,8,W,9.75,0.08,0.0
2026-01-12 04:36:00,32,19,6,8,WNW,9.75,0.08,0.0
2026-01-12 04:51:00,32,19,6,7,WNW,9.75,0.08,0.0
2026-01-12 05:06:00,32,20,6,8,WNW,9.75,0.08,0.0
2026-01-12 05:21:00,32,18,5,7,W,9.75,0.08,0.0
2026-01-12 05:36:00,33,17,5,8,W,9.75,0.08,0.0
2026-01-12 05:51:00,33,16,6,10,WNW,9.75,0.08,0.0
2026-01-12 06:06:00,34,14,8,12,WNW,9.75,0.08,0.0
2026-01-12 06:21:00,34,12,7,11,WNW,9.75,0.08,0.0
2026-01-12 06:36:00,34,12,7,10,NW,9.75,0.08,0.0
2026-01-12 06:51:00,34,13,9,12,WNW,9.75,0.08,0.0
2026-01-12 07:06:00,34,12,8,12,WNW,9.75,0.08,0.0
2026-01-12 07:21:00,33,13,7,12,WNW,9.75,0.08,0.0
2026-01-12 07:36:00,33,14,8,11,W,9.75,0.08,0.0
2026-01-12 07:51:00,33,13,6,8,W,9.75,0.08,0.0
2026-01-12 08:06:00,34,13,7,10,W,9.75,0.08,0.0
2026-01-12 08:21:00,34,13,7,10,W,9.75,0.08,8.0
2026-01-12 08:36:00,34,13,7,11,W,9.75,0.08,13.0
2026-01-12 08:51:00,34,13,6,10,W,9.75,0.08,29.0
2026-01-12 09:06:00,35,12,7,10,W,9.75,0.08,64.0
2026-01-12 09:21:00,35,12,7,10,W,9.75,0.08,110.0
2026-01-12 09:36:00,35,12,7,12,W,9.75,0.08,150.0
2026-01-12 09:51:00,35,13,6,9,W,9.75,0.08,171.0
2026-01-12 10:06:00,36,11,8,10,W,9.75,0.08,225.0
2026-01-12 10:21:00,37,11,8,12,W,9.75,0.08,249.0
2026-01-12 10:36:00,37,10,7,12,W,9.75,0.08,269.0
2026-01-12 10:51:00,37,11,7,10,WNW,9.75,0.08,365.0
2026-01-12 11:06:00,37,12,6,8,WNW,9.75,0.08,494.0
2026-01-12 11:21:00,37,11,8,11,W,9.75,0.08,410.0
2026-01-12 11:36:00,37,11,8,12,W,9.75,0.08,347.0
2026-01-12 11:51:00,39,11,8,11,W,9.75,0.08,444.0
2026-01-12 12:06:00,40,14,7,11,WSW,9.75,0.08,601.0
2026-01-12 12:21:00,40,13,7,13,W,9.75,0.08,741.0
2026-01-12 12:36:00,39,14,7,12,WSW,9.75,0.08,549.0
2026-01-12 12:51:00,39,14,7,12,WSW,9.76,0.09,649.0
2026-01-12 13:06:00,38,15,9,12,WSW,9.76,0.09,448.0
2026-01-12 13:21:00,40,15,7,13,W,9.76,0.09,822.0
2026-01-12 13:36:00,40,16,6,9,W,9.77,0.1,751.0
2026-01-12 13:51:00,39,19,7,11,W,9.77,0.1,634.0
2026-01-12 14:06:00,38,18,5,10,W,9.77,0.1,633.0
2026-01-12 14:21:00,39,18,7,11,WSW,9.78,0.11,749.0
2026-01-12 14:36:00,40,16,7,10,W,9.78,0.1,711.0
2026-01-12 14:51:00,39,14,8,14,W,9.78,0.1,539.0
2026-01-12 15:06:00,38,16,7,13,W,9.79,0.11,393.0
2026-01-12 15:21:00,37,18,6,12,NW,9.79,0.1,248.0
2026-01-12 15:36:00,38,17,8,12,WNW,9.79,0.1,464.0
2026-01-12 15:51:00,37,15,9,16,WNW,9.79,0.09,347.0
2026-01-12 16:06:00,36,15,9,14,WNW,9.8,0.08,196.0
2026-01-12 16:21:00,36,14,5,10,NW,9.8,0.07,200.0
2026-01-12 16:36:00,38,11,8,12,NW,9.8,0.06,317.0
2026-01-12 16:51:00,38,11,9,14,WNW,9.8,0.06,208.0
2026-01-12 17:06:00,37,11,9,12,NW,9.8,0.05,110.0
2026-01-12 17:21:00,37,11,9,12,NW,9.8,0.05,125.0
2026-01-12 17:36:00,36,12,8,12,WNW,9.8,0.05,67.0
2026-01-12 17:51:00,35,13,8,12,NW,9.8,0.05,8.0
2026-01-12 18:06:00,34,15,8,13,NW,9.8,0.05,2.0
2026-01-12 18:21:00,34,16,9,12,NW,9.8,0.05,0.0
2026-01-12 18:36:00,35,15,10,14,NW,9.8,0.05,0.0
2026-01-12 18:51:00,35,19,9,12,NW,9.8,0.05,0.0
2026-01-12 19:06:00,35,18,9,14,NNW,9.8,0.05,0.0
2026-01-12 19:21:00,36,17,11,15,NNW,9.8,0.05,0.0
2026-01-12 19:36:00,36,16,10,15,NNW,9.8,0.05,0.0
2026-01-12 19:51:00,37,11,9,15,NW,9.8,0.05,0.0
2026-01-12 20:06:00,37,9,10,15,NW,9.8,0.05,0.0
2026-01-12 20:21:00,36,14,8,12,NNW,9.8,0.05,0.0
2026-01-12 20:36:00,36,17,8,11,NW,9.8,0.05,0.0
2026-01-12 20:51:00,36,12,10,14,NW,9.8,0.05,0.0
2026-01-12 21:06:00,36,12,8,12,NW,9.8,0.05,0.0
2026-01-12 21:21:00,37,11,9,13,WNW,9.8,0.05,0.0
2026-01-12 21:36:00,38,9,8,12,WNW,9.8,0.05,0.0
2026-01-12 21:51:00,37,9,7,11,WNW,9.8,0.05,0.0
2026-01-12 22:06:00,37,10,7,12,W,9.8,0.05,0.0
2026-01-12 22:21:00,37,10,8,13,WNW,9.8,0.05,0.0
2026-01-12 22:36:00,37,11,9,13,W,9.8,0.05,0.0
2026-01-12 22:51:00,37,12,9,14,W,9.8,0.05,0.0
2026-01-12 23:06:00,37,12,9,13,W,9.8,0.05,0.0
2026-01-12 23:21:00,37,12,10,15,WNW,9.8,0.05,0.0
2026-01-12 23:36:00,37,12,11,16,WNW,9.8,0.05,0.0
2026-01-12 23:51:00,38,12,12,16,WNW,9.8,0.05,0.0
2026-01-13 00:06:00,38,12,11,17,WNW,9.8,0.05,0.0
2026-01-13 00:21:00,37,13,10,16,WNW,9.8,0.05,0.0
2026-01-13 00:36:00,38,14,10,15,WNW,9.8,0.05,0.0
2026-01-13 00:51:00,38,14,9,14,WNW,9.8,0.05,0.0
2026-01-13 01:06:00,37,13,9,15,WNW,9.8,0.05,0.0
2026-01-13 01:21:00,37,12,7,11,WNW,9.8,0.05,0.0
2026-01-13 01:36:00,37,12,8,11,W,9.8,0.05,0.0
2026-01-13 01:51:00,37,14,8,13,W,9.8,0.05,0.0
2026-01-13 02:06:00,37,13,8,12,W,9.8,0.05,0.0
2026-01-13 02:21:00,37,14,7,12,W,9.8,0.05,0.0
2026-01-13 02:36:00,37,11,6,10,WNW,9.8,0.05,0.0
2026-01-13 02:51:00,38,12,7,9,W,9.8,0.05,0.0
2026-01-13 03:06:00,38,13,7,10,W,9.8,0.05,0.0
2026-01-13 03:21:00,38,9,8,12,W,9.8,0.05,0.0
2026-01-13 03:36:00,38,7,8,13,W,9.8,0.05,0.0
2026-01-13 03:51:00,39,6,8,12,WNW,9.8,0.05,0.0
2026-01-13 04:06:00,39,5,10,14,WNW,9.8,0.05,0.0
2026-01-13 04:21:00,38,5,9,14,WNW,9.8,0.05,0.0
2026-01-13 04:36:00,38,5,10,15,WNW,9.8,0.05,0.0
2026-01-13 04:51:00,38,6,11,16,WNW,9.8,0.05,0.0
2026-01-13 05:06:00,38,8,11,20,WNW,9.8,0.05,0.0
2026-01-13 05:21:00,38,9,11,18,WNW,9.8,0.05,0.0
2026-01-13 05:36:00,38,14,12,18,WNW,9.8,0.05,0.0
2026-01-13 05:51:00,38,16,12,18,WNW,9.8,0.05,0.0
2026-01-13 06:06:00,38,17,11,16,WNW,9.8,0.05,0.0
2026-01-13 06:21:00,37,19,11,19,NW,9.8,0.05,0.0
2026-01-13 06:36:00,37,18,10,15,NW,9.8,0.05,0.0
2026-01-13 06:51:00,37,21,10,16,NW,9.8,0.05,0.0
2026-01-13 07:06:00,37,19,12,18,NW,9.8,0.05,0.0
2026-01-13 07:21:00,38,16,12,16,NW,9.8,0.05,0.0
2026-01-13 07:36:00,38,13,12,17,NW,9.8,0.05,0.0
2026-01-13 07:51:00,38,13,12,17,NW,9.8,0.05,0.0
2026-01-13 08:06:00,38,14,11,17,NW,9.8,0.05,0.0
2026-01-13 08:21:00,39,16,10,15,NW,9.8,0.05,1.0
2026-01-13 08:36:00,38,15,10,16,NW,9.8,0.05,6.0
2026-01-13 08:51:00,38,17,11,17,NW,9.8,0.05,23.0
2026-01-13 09:06:00,38,20,10,16,NW,9.8,0.05,41.0
2026-01-13 09:21:00,38,20,9,13,NW,9.8,0.05,69.0
2026-01-13 09:36:00,39,21,9,14,NW,9.8,0.05,123.0
2026-01-13 09:51:00,39,21,8,13,NW,9.8,0.05,137.0
2026-01-13 10:06:00,40,21,9,14,NNW,9.8,0.05,172.0
2026-01-13 10:21:00,41,18,10,16,NNW,9.8,0.05,253.0
2026-01-13 10:36:00,42,17,10,14,NNW,9.8,0.05,317.0
2026-01-13 10:51:00,43,16,7,12,NW,9.8,0.05,354.0
2026-01-13 11:06:00,43,16,7,12,NW,9.8,0.05,407.0
2026-01-13 11:21:00,44,16,8,12,NW,9.8,0.05,468.0
2026-01-13 11:36:00,44,18,6,9,NW,9.8,0.05,476.0
2026-01-13 11:51:00,45,18,6,10,NW,9.8,0.05,467.0
2026-01-13 12:06:00,45,19,7,11,NW,9.8,0.05,550.0
2026-01-13 12:21:00,45,18,8,12,WNW,9.81,0.06,593.0
2026-01-13 12:36:00,46,18,7,11,NW,9.81,0.06,657.0
2026-01-13 12:51:00,45,21,7,11,NW,9.82,0.06,740.0
2026-01-13 13:06:00,44,22,7,10,NW,9.82,0.06,545.0
2026-01-13 13:21:00,44,24,7,11,WNW,9.83,0.07,572.0
2026-01-13 13:36:00,44,26,8,12,WNW,9.84,0.07,565.0
2026-01-13 13:51:00,45,26,7,12,WNW,9.86,0.09,580.0
2026-01-13 14:06:00,46,28,5,9,NNW,9.87,0.1,617.0
2026-01-13 14:21:00,46,31,6,10,NNW,9.89,0.11,643.0
2026-01-13 14:36:00,45,31,6,10,NNW,9.9,0.12,650.0
2026-01-13 14:51:00,45,31,6,11,NNW,9.91,0.13,568.0
2026-01-13 15:06:00,44,33,7,15,NNW,9.93,0.14,692.0
2026-01-13 15:21:00,42,37,10,15,NNW,9.94,0.15,374.0
2026-01-13 15:36:00,41,43,11,16,NNW,9.94,0.15,277.0
2026-01-13 15:51:00,42,42,11,16,NNW,9.95,0.16,492.0
2026-01-13 16:06:00,42,42,11,15,NNW,9.96,0.16,447.0
2026-01-13 16:21:00,41,41,12,17,NNW,9.96,0.16,233.0
2026-01-13 16:36:00,40,43,14,19,NNW,9.96,0.16,187.0
2026-01-13 16:51:00,41,45,14,18,NNW,9.97,0.17,198.0
2026-01-13 17:06:00,40,45,13,18,N,9.97,0.17,177.0
2026-01-13 17:21:00,40,42,14,20,NNW,9.97,0.17,90.0
2026-01-13 17:36:00,40,40,14,18,N,9.98,0.18,37.0
2026-01-13 17:51:00,41,37,16,23,NNW,9.98,0.18,8.0
2026-01-13 18:06:00,40,37,16,21,NNW,9.98,0.18,2.0
2026-01-13 18:21:00,40,37,15,20,NNW,9.98,0.18,0.0
2026-01-13 18:36:00,40,36,14,19,NNW,9.98,0.18,0.0
2026-01-13 18:51:00,41,36,16,20,NNW,9.98,0.18,0.0
2026-01-13 19:06:00,40,35,13,19,NNW,9.98,0.18,0.0
2026-01-13 19:21:00,40,35,13,16,N,9.98,0.18,0.0
2026-01-13 19:36:00,40,37,9,13,N,9.98,0.18,0.0
2026-01-13 19:51:00,40,36,10,15,N,9.98,0.18,0.0
2026-01-13 20:06:00,40,36,11,15,N,9.98,0.18,0.0
2026-01-13 20:21:00,40,37,10,13,NNE,9.98,0.18,0.0
2026-01-13 20:36:00,41,34,11,16,N,9.98,0.18,0.0
2026-01-13 20:51:00,41,33,11,14,NNE,9.98,0.18,0.0
2026-01-13 21:06:00,41,33,11,14,NNE,9.98,0.18,0.0
2026-01-13 21:21:00,40,36,12,16,NNE,9.98,0.18,0.0
2026-01-13 21:36:00,40,35,13,15,NNE,9.98,0.18,0.0
2026-01-13 21:51:00,40,35,14,17,NNE,9.98,0.18,0.0
2026-01-13 22:06:00,39,37,13,16,NNE,9.98,0.18,0.0
2026-01-13 22:21:00,39,38,13,16,NNE,9.98,0.18,0.0
2026-01-13 22:36:00,40,36,12,15,NNE,9.98,0.18,0.0
2026-01-13 22:51:00,41,32,13,15,NNE,9.98,0.18,0.0
2026-01-13 23:06:00,41,30,12,14,NNE,9.98,0.18,0.0
2026-01-13 23:21:00,42,29,13,14,NNE,9.98,0.18,0.0
2026-01-13 23:36:00,42,28,12,15,NNE,9.98,0.18,0.0
2026-01-13 23:51:00,42,27,10,13,NNE,9.98,0.18,0.0
2026-01-14 00:06:00,41,27,10,13,NNE,9.98,0.18,0.0
2026-01-14 00:21:00,42,24,9,11,NNE,9.98,0.18,0.0
2026-01-14 00:36:00,42,19,9,11,NNE,9.98,0.18,0.0
2026-01-14 00:51:00,43,16,9,11,NNE,9.98,0.18,0.0
2026-01-14 01:06:00,43,14,9,11,NNE,9.98,0.18,0.0
2026-01-14 01:21:00,43,13,9,12,NNE,9.98,0.18,0.0
2026-01-14 01:36:00,43,13,9,12,NNE,9.98,0.18,0.0
2026-01-14 01:51:00,42,14,10,11,NNE,9.98,0.18,0.0
2026-01-14 02:06:00,43,14,9,11,NNE,9.98,0.18,0.0
2026-01-14 02:21:00,43,16,9,10,NNE,9.98,0.18,0.0
2026-01-14 02:36:00,43,19,9,10,NNE,9.98,0.18,0.0
2026-01-14 02:51:00,43,19,9,10,NNE,9.98,0.18,0.0
2026-01-14 03:06:00,43,18,9,11,NNE,9.98,0.18,0.0
2026-01-14 03:21:00,43,19,10,11,NNE,9.98,0.18,0.0
2026-01-14 03:36:00,43,18,10,11,NNE,9.98,0.18,0.0
2026-01-14 03:51:00,43,17,10,13,NNE,9.98,0.18,0.0
2026-01-14 04:06:00,42,19,9,13,NNE,9.98,0.18,0.0
2026-01-14 04:21:00,42,19,9,11,NNE,9.98,0.18,0.0
2026-01-14 04:36:00,42,19,10,12,NNE,9.98,0.18,0.0
2026-01-14 04:51:00,42,18,10,13,NNE,9.98,0.18,0.0
2026-01-14 05:06:00,42,19,9,11,N,9.98,0.18,0.0
2026-01-14 05:21:00,42,18,9,11,NNE,9.98,0.18,0.0
2026-01-14 05:36:00,42,18,10,12,N,9.98,0.18,0.0
2026-01-14 05:51:00,42,19,10,12,N,9.98,0.18,0.0
2026-01-14 06:06:00,42,18,10,13,N,9.98,0.18,0.0
2026-01-14 06:21:00,43,18,11,13,N,9.98,0.18,0.0
2026-01-14 06:36:00,43,17,12,13,N,9.98,0.18,0.0
2026-01-14 06:51:00,43,16,12,14,N,9.98,0.18,0.0
2026-01-14 07:06:00,42,17,11,14,N,9.98,0.18,0.0
2026-01-14 07:21:00,42,17,11,14,N,9.98,0.18,0.0
2026-01-14 07:36:00,42,19,10,13,N,9.98,0.18,0.0
2026-01-14 07:51:00,42,20,11,13,N,9.98,0.18,0.0
2026-01-14 08:06:00,42,21,11,14,NNE,9.98,0.18,0.0
2026-01-14 08:21:00,42,21,10,13,NNE,9.98,0.18,2.0
2026-01-14 08:36:00,42,22,10,13,N,9.98,0.18,8.0
2026-01-14 08:51:00,43,21,10,12,NNE,9.98,0.18,23.0
2026-01-14 09:06:00,43,21,10,11,NNE,9.98,0.18,42.0
2026-01-14 09:21:00,43,21,9,13,N,9.98,0.18,82.0
2026-01-14 09:36:00,43,21,9,13,N,9.98,0.18,125.0
2026-01-14 09:51:00,43,21,8,10,N,9.98,0.18,158.0
2026-01-14 10:06:00,43,21,8,9,N,9.98,0.18,211.0
2026-01-14 10:21:00,44,21,8,9,NNE,9.98,0.18,263.0
2026-01-14 10:36:00,45,21,6,8,NNE,9.98,0.18,307.0
2026-01-14 10:51:00,45,20,6,9,NNE,9.98,0.18,356.0
2026-01-14 11:06:00,45,20,6,10,NNE,9.98,0.18,400.0
2026-01-14 11:21:00,46,19,6,8,NNE,9.98,0.18,440.0
2026-01-14 11:36:00,47,19,6,8,N,9.98,0.18,476.0
2026-01-14 11:51:00,48,18,5,7,NNW,9.98,0.18,513.0
2026-01-14 12:06:00,49,18,4,6,NNW,9.98,0.18,543.0
2026-01-14 12:21:00,50,18,3,6,NNW,9.98,0.17,568.0
2026-01-14 12:36:00,51,17,3,5,NNW,9.99,0.18,589.0
2026-01-14 12:51:00,51,17,3,5,N,9.99,0.17,604.0
2026-01-14 13:06:00,51,17,3,5,N,10.0,0.18,613.0
2026-01-14 13:21:00,52,18,3,5,N,10.02,0.19,613.0
2026-01-14 13:36:00,52,17,3,4,NNW,10.03,0.19,607.0
2026-01-14 13:51:00,54,16,2,4,NW,10.04,0.18,598.0
2026-01-14 14:06:00,54,16,2,4,NW,10.06,0.19,588.0
2026-01-14 14:21:00,54,16,3,6,NW,10.08,0.19,577.0
2026-01-14 14:36:00,53,14,4,7,WNW,10.09,0.19,565.0
2026-01-14 14:51:00,52,13,4,9,W,10.1,0.19,550.0
2026-01-14 15:06:00,53,15,4,7,WNW,10.11,0.18,530.0
2026-01-14 15:21:00,52,17,3,8,WNW,10.12,0.18,504.0
2026-01-14 15:36:00,52,16,4,7,WNW,10.13,0.19,467.0
2026-01-14 15:51:00,52,16,3,6,WNW,10.14,0.19,431.0
2026-01-14 16:06:00,51,16,4,7,NW,10.14,0.18,399.0
2026-01-14 16:21:00,50,20,3,6,NW,10.15,0.19,361.0
2026-01-14 16:36:00,49,20,4,6,NW,10.16,0.2,306.0
2026-01-14 16:51:00,48,21,4,7,W,10.17,0.2,261.0
2026-01-14 17:06:00,46,21,5,9,W,10.17,0.2,206.0
2026-01-14 17:21:00,44,21,6,10,WNW,10.18,0.21,136.0
2026-01-14 17:36:00,44,20,7,10,WNW,10.18,0.2,84.0
2026-01-14 17:51:00,42,20,8,11,WNW,10.18,0.2,10.0
2026-01-14 18:06:00,42,21,8,12,NW,10.18,0.2,2.0
2026-01-14 18:21:00,42,20,9,13,NW,10.18,0.2,0.0
2026-01-14 18:36:00,42,19,9,12,NW,10.18,0.2,0.0
2026-01-14 18:51:00,42,20,8,12,NW,10.18,0.2,0.0
2026-01-14 19:06:00,42,20,8,12,NW,10.18,0.2,0.0
2026-01-14 19:21:00,42,19,9,13,NW,10.18,0.2,0.0
2026-01-14 19:36:00,42,19,9,13,NW,10.18,0.2,0.0
2026-01-14 19:51:00,42,20,8,12,NW,10.18,0.2,0.0
2026-01-14 20:06:00,42,20,8,12,WNW,10.18,0.2,0.0
2026-01-14 20:21:00,41,20,8,12,NW,10.18,0.2,0.0
2026-01-14 20:36:00,41,20,8,12,NW,10.18,0.2,0.0
2026-01-14 20:51:00,42,19,8,12,NW,10.18,0.2,0.0
2026-01-14 21:06:00,41,18,9,14,NW,10.18,0.2,0.0
2026-01-14 21:21:00,41,17,9,14,NW,10.18,0.2,0.0
2026-01-14 21:36:00,41,17,9,13,WNW,10.18,0.2,0.0
2026-01-14 21:51:00,41,17,9,15,WNW,10.18,0.2,0.0
2026-01-14 22:06:00,40,16,10,15,WNW,10.18,0.2,0.0
2026-01-14 22:21:00,40,17,9,12,NW,10.18,0.2,0.0
2026-01-14 22:36:00,40,20,9,14,WNW,10.18,0.2,0.0
2026-01-14 22:51:00,40,21,10,15,WNW,10.18,0.2,0.0
2026-01-14 23:06:00,40,22,9,15,W,10.18,0.2,0.0
2026-01-14 23:21:00,40,22,10,15,W,10.18,0.2,0.0
2026-01-14 23:36:00,40,22,9,15,W,10.18,0.2,0.0
2026-01-14 23:51:00,39,21,10,13,W,10.18,0.2,0.0
2026-01-15 00:06:00,39,20,9,14,W,10.18,0.2,0.0
2026-01-15 00:21:00,39,21,10,16,W,10.18,0.2,0.0
2026-01-15 00:36:00,39,22,11,17,W,10.18,0.2,0.0
2026-01-15 00:51:00,38,22,10,14,W,10.18,0.2,0.0
2026-01-15 01:06:00,37,23,10,15,W,10.18,0.2,0.0
2026-01-15 01:21:00,38,24,11,17,WNW,10.18,0.2,0.0
2026-01-15 01:36:00,37,24,11,18,WNW,10.18,0.2,0.0
2026-01-15 01:51:00,37,24,11,18,W,10.18,0.2,0.0
2026-01-15 02:06:00,38,24,11,17,W,10.18,0.2,0.0
2026-01-15 02:21:00,38,24,12,19,WNW,10.18,0.2,0.0
2026-01-15 02:36:00,38,24,13,18,WNW,10.18,0.2,0.0
2026-01-15 02:51:00,38,23,13,20,WNW,10.18,0.2,0.0
2026-01-15 03:06:00,38,23,14,20,WNW,10.18,0.2,0.0
2026-01-15 03:21:00,37,24,13,20,WNW,10.18,0.2,0.0
2026-01-15 03:36:00,37,26,13,17,NW,10.18,0.2,0.0
2026-01-15 03:51:00,38,27,15,22,NW,10.18,0.2,0.0
2026-01-15 04:06:00,38,25,15,24,NW,10.18,0.2,0.0
2026-01-15 04:21:00,38,26,15,23,NNW,10.18,0.2,0.0
2026-01-15 04:36:00,37,28,16,23,NNW,10.18,0.2,0.0
2026-01-15 04:51:00,37,28,16,22,NNW,10.18,0.2,0.0
2026-01-15 05:06:00,38,26,16,22,NNW,10.18,0.2,0.0
2026-01-15 05:21:00,37,27,16,22,N,10.18,0.2,0.0
2026-01-15 05:36:00,37,27,17,23,N,10.18,0.2,0.0
2026-01-15 05:51:00,37,27,16,22,N,10.18,0.2,0.0
2026-01-15 06:06:00,37,26,18,24,N,10.18,0.2,0.0
2026-01-15 06:21:00,37,25,19,27,N,10.18,0.2,0.0
2026-01-15 06:36:00,37,24,19,28,N,10.18,0.2,0.0
2026-01-15 06:51:00,36,23,19,25,N,10.18,0.2,0.0
2026-01-15 07:06:00,36,23,17,23,NNE,10.18,0.2,0.0
2026-01-15 07:21:00,36,24,16,21,NNE,10.18,0.2,0.0
2026-01-15 07:36:00,36,23,17,23,NNE,10.18,0.2,0.0
2026-01-15 07:51:00,35,25,16,20,NNE,10.18,0.2,0.0
2026-01-15 08:06:00,35,25,16,20,NNE,10.18,0.2,0.0
2026-01-15 08:21:00,35,26,17,22,NNE,10.18,0.2,3.0
2026-01-15 08:36:00,35,26,18,22,NNE,10.18,0.2,11.0
2026-01-15 08:51:00,35,25,19,23,NNE,10.18,0.2,25.0
2026-01-15 09:06:00,35,25,17,22,NNE,10.18,0.2,45.0
2026-01-15 09:21:00,35,23,18,23,NNE,10.18,0.2,85.0
2026-01-15 09:36:00,36,24,19,24,NNE,10.18,0.2,127.0
2026-01-15 09:51:00,36,25,18,24,NNE,10.18,0.2,161.0
2026-01-15 10:06:00,36,30,16,22,NNE,10.18,0.2,215.0
2026-01-15 10:21:00,36,38,17,24,NNE,10.18,0.2,266.0
2026-01-15 10:36:00,36,43,16,22,NNE,10.18,0.2,310.0
2026-01-15 10:51:00,36,48,17,23,NNE,10.18,0.2,360.0
2026-01-15 11:06:00,36,48,16,22,NNE,10.18,0.2,405.0
2026-01-15 11:21:00,36,46,14,19,NNE,10.18,0.2,445.0
2026-01-15 11:36:00,36,39,12,17,NNE,10.18,0.2,482.0
2026-01-15 11:51:00,37,40,8,16,NE,10.18,0.2,521.0
2026-01-15 12:06:00,36,39,11,17,NNE,10.18,0.2,551.0
2026-01-15 12:21:00,37,39,10,17,NNE,10.18,0.2,575.0
2026-01-15 12:36:00,37,40,9,16,NNE,10.18,0.19,595.0
2026-01-15 12:51:00,37,39,11,16,NNE,10.18,0.19,611.0
2026-01-15 13:06:00,39,34,10,14,N,10.18,0.18,620.0
2026-01-15 13:21:00,38,33,12,17,N,10.18,0.16,619.0
2026-01-15 13:36:00,39,32,11,17,N,10.18,0.15,613.0
2026-01-15 13:51:00,39,31,12,18,NNE,10.18,0.14,604.0
2026-01-15 14:06:00,39,30,11,14,NNE,10.18,0.12,592.0
2026-01-15 14:21:00,40,28,11,16,NNE,10.18,0.1,583.0
2026-01-15 14:36:00,40,28,11,17,NNE,10.18,0.09,572.0
2026-01-15 14:51:00,41,26,12,18,NNE,10.18,0.08,558.0
2026-01-15 15:06:00,40,26,11,20,NNE,10.18,0.07,539.0
2026-01-15 15:21:00,41,24,13,20,N,10.18,0.06,512.0
2026-01-15 15:36:00,40,22,14,22,N,10.18,0.05,476.0
2026-01-15 15:51:00,40,22,13,21,NNE,10.18,0.04,435.0
2026-01-15 16:06:00,39,22,14,22,NNE,10.18,0.04,402.0
2026-01-15 16:21:00,39,23,15,25,NNE,10.18,0.03,364.0
2026-01-15 16:36:00,38,25,14,19,NNE,10.18,0.02,311.0
2026-01-15 16:51:00,37,27,14,20,NNE,10.18,0.01,264.0
2026-01-15 17:06:00,36,28,16,23,NNE,10.18,0.01,211.0
2026-01-15 17:21:00,35,28,19,26,NNE,10.18,0.0,140.0
2026-01-15 17:36:00,35,30,20,26,NNE,10.18,0.0,88.0
2026-01-15 17:51:00,34,32,19,25,NNE,10.18,0.0,14.0
2026-01-15 18:06:00,34,32,20,26,NNE,10.18,0.0,2.0
2026-01-15 18:21:00,34,32,20,25,NNE,10.18,0.0,0.0
2026-01-15 18:36:00,34,31,21,27,NNE,10.18,0.0,0.0
2026-01-15 18:51:00,33,31,21,27,NNE,10.18,0.0,0.0
2026-01-15 19:06:00,33,30,21,25,NNE,10.18,0.0,0.0
2026-01-15 19:21:00,33,30,20,25,NNE,10.18,0.0,0.0
2026-01-15 19:36:00,33,30,22,28,NNE,10.18,0.0,0.0
2026-01-15 19:51:00,32,30,20,26,NNE,10.18,0.0,0.0
2026-01-15 20:06:00,32,31,21,27,NNE,10.18,0.0,0.0
2026-01-15 20:21:00,32,31,21,26,NNE,10.18,0.0,0.0
2026-01-15 20:36:00,32,30,21,28,NNE,10.18,0.0,0.0
2026-01-15 20:51:00,32,30,20,26,NNE,10.18,0.0,0.0
2026-01-15 21:06:00,32,30,22,30,NNE,10.18,0.0,0.0
2026-01-15 21:21:00,32,29,21,28,NNE,10.18,0.0,0.0
2026-01-15 21:36:00,32,29,22,28,NNE,10.18,0.0,0.0
2026-01-15 21:51:00,32,27,21,28,NNE,10.18,0.0,0.0
2026-01-15 22:06:00,32,28,23,28,NNE,10.18,0.0,0.0
2026-01-15 22:21:00,31,28,22,29,NNE,10.18,0.0,0.0
2026-01-15 22:36:00,31,28,21,29,NNE,10.18,0.0,0.0
2026-01-15 22:51:00,31,27,21,27,NNE,10.18,0.0,0.0
2026-01-15 23:06:00,31,27,22,27,NNE,10.18,0.0,0.0
2026-01-15 23:21:00,31,26,22,27,NNE,10.18,0.0,0.0
2026-01-15 23:36:00,31,26,20,29,NNE,10.18,0.0,0.0
2026-01-15 23:51:00,30,26,21,28,NNE,10.18,0.0,0.0
2026-01-16 00:06:00,30,26,22,27,NNE,10.18,0.0,0.0
2026-01-16 00:21:00,30,25,22,28,NNE,10.18,0.0,0.0
2026-01-16 00:36:00,30,26,22,28,NNE,10.18,0.0,0.0
2026-01-16 00:51:00,31,24,21,27,NNE,10.18,0.0,0.0
2026-01-16 01:06:00,31,23,22,27,NNE,10.18,0.0,0.0
2026-01-16 01:21:00,31,22,22,28,NNE,10.18,0.0,0.0
2026-01-16 01:36:00,30,23,20,28,NNE,10.18,0.0,0.0
2026-01-16 01:51:00,31,21,21,25,NNE,10.18,0.0,0.0
2026-01-16 02:06:00,30,20,21,25,NNE,10.18,0.0,0.0
2026-01-16 02:21:00,31,19,20,26,NNE,10.18,0.0,0.0
2026-01-16 02:36:00,30,18,20,26,NNE,10.18,0.0,0.0
2026-01-16 02:51:00,30,19,19,23,NNE,10.18,0.0,0.0
2026-01-16 03:06:00,30,18,19,25,NNE,10.18,0.0,0.0
2026-01-16 03:21:00,30,17,20,25,NNE,10.18,0.0,0.0
2026-01-16 03:36:00,30,18,20,25,NNE,10.18,0.0,0.0
2026-01-16 03:51:00,30,17,21,26,NNE,10.18,0.0,0.0
2026-01-16 04:06:00,30,17,21,28,NNE,10.18,0.0,0.0
2026-01-16 04:21:00,30,17,19,27,NNE,10.18,0.0,0.0
2026-01-16 04:36:00,30,17,20,27,NNE,10.18,0.0,0.0
2026-01-16 04:51:00,30,17,21,28,NNE,10.18,0.0,0.0
2026-01-16 05:06:00,30,16,20,23,NNE,10.18,0.0,0.0
2026-01-16 05:21:00,30,16,19,23,NNE,10.18,0.0,0.0
2026-01-16 05:36:00,29,16,18,23,NNE,10.18,0.0,0.0
2026-01-16 05:51:00,29,17,19,24,NNE,10.18,0.0,0.0
2026-01-16 06:06:00,29,18,20,25,NNE,10.18,0.0,0.0
2026-01-16 06:21:00,29,18,18,24,NNE,10.18,0.0,0.0
2026-01-16 06:36:00,29,18,19,25,NNE,10.18,0.0,0.0
2026-01-16 06:51:00,29,17,19,24,NNE,10.18,0.0,0.0
2026-01-16 07:06:00,29,16,18,22,NNE,10.18,0.0,0.0
2026-01-16 07:21:00,29,16,15,21,NNE,10.18,0.0,0.0
2026-01-16 07:36:00,29,17,15,18,NNE,10.18,0.0,0.0
2026-01-16 07:51:00,29,16,14,19,NNE,10.18,0.0,0.0
2026-01-16 08:06:00,29,17,14,18,NNE,10.18,0.0,0.0
2026-01-16 08:21:00,29,16,13,16,NNE,10.18,0.0,3.0
2026-01-16 08:36:00,30,14,12,15,NNE,10.18,0.0,13.0
2026-01-16 08:51:00,32,13,13,18,NNE,10.18,0.0,29.0
2026-01-16 09:06:00,31,13,14,17,NNE,10.18,0.0,54.0
2026-01-16 09:21:00,32,13,14,17,NNE,10.18,0.0,99.0
2026-01-16 09:36:00,32,13,13,17,NNE,10.18,0.0,130.0
2026-01-16 09:51:00,32,13,12,16,NNE,10.18,0.0,165.0
2026-01-16 10:06:00,32,14,10,15,NNE,10.18,0.0,216.0
2026-01-16 10:21:00,32,13,11,15,NNE,10.18,0.0,262.0
2026-01-16 10:36:00,33,13,9,13,NNE,10.18,0.0,306.0
2026-01-16 10:51:00,34,12,7,11,N,10.18,0.0,355.0
2026-01-16 11:06:00,35,12,6,8,N,10.18,0.0,397.0
2026-01-16 11:21:00,35,11,6,8,N,10.18,0.0,445.0
2026-01-16 11:36:00,36,12,6,8,N,10.18,0.0,484.0
2026-01-16 11:51:00,36,12,6,9,NNW,10.18,0.0,524.0
2026-01-16 12:06:00,37,12,4,8,NNW,10.18,0.0,551.0
2026-01-16 12:21:00,38,12,4,8,NNW,10.18,0.0,572.0
2026-01-16 12:36:00,39,13,3,7,NW,10.18,0.0,603.0
2026-01-16 12:51:00,38,14,4,7,NW,10.18,0.0,602.0
2026-01-16 13:06:00,36,14,7,12,N,10.18,0.0,620.0
2026-01-16 13:21:00,37,14,6,11,N,10.18,0.0,629.0
2026-01-16 13:36:00,37,13,5,9,NNW,10.18,0.0,648.0
2026-01-16 13:51:00,36,13,7,10,N,10.18,0.0,660.0
2026-01-16 14:06:00,36,14,6,10,N,10.18,0.0,642.0
2026-01-16 14:21:00,35,14,7,11,N,10.18,0.0,593.0
2026-01-16 14:36:00,36,17,7,9,N,10.18,0.0,575.0
2026-01-16 14:51:00,36,21,5,10,NNW,10.18,0.0,575.0
2026-01-16 15:06:00,36,23,6,11,NNW,10.18,0.0,522.0
2026-01-16 15:21:00,36,23,6,12,NNW,10.18,0.0,534.0
2026-01-16 15:36:00,35,18,8,15,NNW,10.18,0.0,524.0
2026-01-16 15:51:00,34,20,8,12,NNW,10.18,0.0,378.0
2026-01-16 16:06:00,33,23,8,14,NNW,10.18,0.0,393.0
2026-01-16 16:21:00,32,24,9,14,NNW,10.18,0.0,298.0
2026-01-16 16:36:00,30,24,11,16,N,10.18,0.0,219.0
2026-01-16 16:51:00,30,23,13,18,N,10.18,0.0,155.0
2026-01-16 17:06:00,30,24,13,20,N,10.18,0.0,117.0
2026-01-16 17:21:00,29,23,14,20,N,10.18,0.0,75.0
2026-01-16 17:36:00,29,24,15,20,NNE,10.18,0.0,64.0
2026-01-16 17:51:00,28,26,14,19,NNE,10.18,0.0,14.0
2026-01-16 18:06:00,29,25,14,19,NNE,10.18,0.0,6.0
2026-01-16 18:21:00,28,26,14,18,NNE,10.18,0.0,0.0
2026-01-16 18:36:00,29,24,15,19,NNE,10.18,0.0,0.0
2026-01-16 18:51:00,29,22,16,22,N,10.18,0.0,0.0
2026-01-16 19:06:00,29,22,18,24,N,10.18,0.0,0.0
2026-01-16 19:21:00,29,23,16,21,N,10.18,0.0,0.0
2026-01-16 19:36:00,28,24,16,21,N,10.18,0.0,0.0
2026-01-16 19:51:00,29,25,16,20,N,10.18,0.0,0.0
2026-01-16 20:06:00,28,25,16,18,NNE,10.18,0.0,0.0
2026-01-16 20:21:00,28,25,14,18,NNE,10.18,0.0,0.0
2026-01-16 20:36:00,28,25,15,20,NNE,10.18,0.0,0.0
2026-01-16 20:51:00,28,25,15,19,NNE,10.18,0.0,0.0
2026-01-16 21:06:00,28,27,16,20,NNE,10.18,0.0,0.0
2026-01-16 21:21:00,28,27,16,21,NNE,10.18,0.0,0.0
2026-01-16 21:36:00,28,29,15,19,NNE,10.18,0.0,0.0
2026-01-16 21:51:00,28,29,17,23,NNE,10.18,0.0,0.0
2026-01-16 22:06:00,27,30,17,22,NNE,10.18,0.0,0.0
2026-01-16 22:21:00,27,29,17,22,NNE,10.18,0.0,0.0
2026-01-16 22:36:00,27,28,18,23,NNE,10.18,0.0,0.0
2026-01-16 22:51:00,27,26,18,23,NNE,10.18,0.0,0.0
2026-01-16 23:06:00,27,26,18,23,NNE,10.18,0.0,0.0
2026-01-16 23:21:00,27,25,19,23,NNE,10.18,0.0,0.0
2026-01-16 23:36:00,27,25,18,25,NNE,10.18,0.0,0.0
2026-01-16 23:51:00,27,25,17,23,NNE,10.18,0.0,0.0
2026-01-17 00:06:00,27,25,18,24,NNE,10.18,0.0,0.0
2026-01-17 00:21:00,27,26,18,21,NNE,10.18,0.0,0.0
2026-01-17 00:36:00,26,26,12,21,NNE,10.18,0.0,0.0
2026-01-17 00:51:00,26,28,6,15,NE,10.18,0.0,0.0
2026-01-17 01:06:00,26,29,6,13,NE,10.18,0.0,0.0
2026-01-17 01:21:00,25,30,3,9,NE,10.18,0.0,0.0
2026-01-17 01:36:00,26,30,3,9,NE,10.18,0.0,0.0
2026-01-17 01:51:00,26,28,7,20,NE,10.18,0.0,0.0
2026-01-17 02:06:00,26,28,8,19,NE,10.18,0.0,0.0
2026-01-17 02:21:00,26,28,10,19,NE,10.18,0.0,0.0
2026-01-17 02:36:00,27,30,13,21,NE,10.18,0.0,0.0
2026-01-17 02:51:00,27,30,16,23,NNE,10.18,0.0,0.0
2026-01-17 03:06:00,27,29,17,23,NNE,10.18,0.0,0.0
2026-01-17 03:21:00,28,29,16,20,NNE,10.18,0.0,0.0
2026-01-17 03:36:00,28,29,15,20,NNE,10.18,0.0,0.0
2026-01-17 03:51:00,28,29,10,18,NE,10.18,0.0,0.0
2026-01-17 04:06:00,27,30,7,15,NE,10.18,0.0,0.0
2026-01-17 04:21:00,28,29,10,17,NE,10.18,0.0,0.0
2026-01-17 04:36:00,28,28,10,17,NE,10.18,0.0,0.0
2026-01-17 04:51:00,28,28,7,11,NE,10.18,0.0,0.0
2026-01-17 05:06:00,28,27,8,16,NE,10.18,0.0,0.0
2026-01-17 05:21:00,27,28,4,13,NE,10.18,0.0,0.0
2026-01-17 05:36:00,27,29,1,5,ENE,10.18,0.0,0.0
2026-01-17 05:51:00,27,29,1,3,E,10.18,0.0,0.0
2026-01-17 06:06:00,27,29,1,5,E,10.18,0.0,0.0
2026-01-17 06:21:00,27,28,1,5,E,10.18,0.0,0.0
2026-01-17 06:36:00,28,27,2,5,E,10.18,0.0,0.0
2026-01-17 06:51:00,27,28,2,6,ESE,10.18,0.0,0.0
2026-01-17 07:06:00,27,28,2,6,ESE,10.18,0.0,0.0
2026-01-17 07:21:00,28,27,2,5,E,10.18,0.0,0.0
2026-01-17 07:36:00,28,26,1,4,E,10.18,0.0,0.0
2026-01-17 07:51:00,28,25,1,3,E,10.18,0.0,0.0
2026-01-17 08:06:00,28,25,1,6,E,10.18,0.0,0.0
2026-01-17 08:21:00,28,25,1,7,E,10.18,0.0,2.0
2026-01-17 08:36:00,28,25,0,2,E,10.18,0.0,8.0
2026-01-17 08:51:00,31,23,1,7,ENE,10.18,0.0,23.0
2026-01-17 09:06:00,32,21,1,4,ENE,10.18,0.0,45.0
2026-01-17 09:21:00,34,19,1,6,E,10.18,0.0,83.0
2026-01-17 09:36:00,35,18,1,4,E,10.18,0.0,124.0
2026-01-17 09:51:00,36,17,0,4,E,10.18,0.0,157.0
2026-01-17 10:06:00,37,17,0,4,ENE,10.18,0.0,212.0
2026-01-17 10:21:00,38,16,0,3,E,10.18,0.0,260.0
2026-01-17 10:36:00,39,16,0,6,E,10.18,0.0,304.0
2026-01-17 10:51:00,39,16,1,6,ENE,10.18,0.0,352.0
2026-01-17 11:06:00,40,17,1,5,ENE,10.18,0.0,396.0
2026-01-17 11:21:00,43,16,0,8,ENE,10.18,0.0,436.0
2026-01-17 11:36:00,42,16,2,10,NE,10.18,0.0,476.0
2026-01-17 11:51:00,41,15,3,7,NE,10.18,0.0,512.0
2026-01-17 12:06:00,42,16,2,6,NE,10.18,0.0,541.0
2026-01-17 12:21:00,42,14,3,6,NNE,10.18,0.0,565.0
2026-01-17 12:36:00,45,15,2,7,NE,10.18,0.0,585.0
2026-01-17 12:51:00,42,14,3,6,NNE,10.18,0.0,602.0
2026-01-17 13:06:00,43,16,3,6,NNE,10.18,0.0,611.0
2026-01-17 13:21:00,43,15,3,7,NE,10.18,0.0,613.0
2026-01-17 13:36:00,43,16,3,6,NNE,10.18,0.0,586.0
2026-01-17 13:51:00,43,16,4,6,NNE,10.18,0.0,587.0
2026-01-17 14:06:00,44,17,3,6,NNE,10.18,0.0,575.0
2026-01-17 14:21:00,44,17,4,5,NNE,10.18,0.0,565.0
2026-01-17 14:36:00,45,17,3,5,N,10.18,0.0,552.0
2026-01-17 14:51:00,45,17,3,4,N,10.18,0.0,537.0
2026-01-17 15:06:00,48,16,1,3,N,10.18,0.0,518.0
2026-01-17 15:21:00,48,16,1,3,N,10.18,0.0,492.0
2026-01-17 15:36:00,48,15,1,2,NNE,10.18,0.0,456.0
2026-01-17 15:51:00,52,17,0,3,NNE,10.18,0.0,422.0
2026-01-17 16:06:00,50,14,0,2,NNE,10.18,0.0,390.0
2026-01-17 16:21:00,48,15,1,3,N,10.18,0.0,353.0
2026-01-17 16:36:00,45,15,1,3,NNE,10.18,0.0,298.0
2026-01-17 16:51:00,44,17,1,3,NNE,10.18,0.0,254.0
2026-01-17 17:06:00,41,20,4,5,NNE,10.18,0.0,200.0
2026-01-17 17:21:00,40,22,5,8,NNE,10.18,0.0,133.0
2026-01-17 17:36:00,39,24,6,8,N,10.18,0.0,86.0
2026-01-17 17:51:00,37,24,5,7,NNE,10.18,0.0,24.0
2026-01-17 18:06:00,37,25,5,7,NNE,10.18,0.0,3.0
2026-01-17 18:21:00,37,25,4,7,NNE,10.18,0.0,0.0
2026-01-17 18:36:00,37,26,5,7,NNE,10.18,0.0,0.0
2026-01-17 18:51:00,37,25,3,5,NNE,10.18,0.0,0.0
2026-01-17 19:06:00,36,26,3,4,NNE,10.18,0.0,0.0
2026-01-17 19:21:00,38,26,4,5,N,10.18,0.0,0.0
2026-01-17 19:36:00,38,28,4,5,N,10.18,0.0,0.0
2026-01-17 19:51:00,38,28,3,5,NNW,10.18,0.0,0.0
2026-01-17 20:06:00,37,27,2,4,N,10.18,0.0,0.0
2026-01-17 20:21:00,37,27,2,3,NW,10.18,0.0,0.0
2026-01-17 20:36:00,36,26,2,3,W,10.18,0.0,0.0
2026-01-17 20:51:00,37,28,1,2,W,10.18,0.0,0.0
2026-01-17 21:06:00,37,28,1,2,W,10.18,0.0,0.0
2026-01-17 21:21:00,38,28,2,4,WSW,10.18,0.0,0.0
2026-01-17 21:36:00,38,28,2,3,WSW,10.18,0.0,0.0
2026-01-17 21:51:00,36,26,4,6,WSW,10.18,0.0,0.0
2026-01-17 22:06:00,35,22,4,6,WSW,10.18,0.0,0.0
2026-01-17 22:21:00,35,19,5,8,WSW,10.18,0.0,0.0
2026-01-17 22:36:00,35,19,7,10,WSW,10.18,0.0,0.0
2026-01-17 22:51:00,35,20,9,11,WSW,10.18,0.0,0.0
2026-01-17 23:06:00,35,23,9,12,W,10.18,0.0,0.0
2026-01-17 23:21:00,34,20,9,13,W,10.18,0.0,0.0
2026-01-17 23:36:00,34,20,8,13,W,10.18,0.0,0.0
2026-01-17 23:51:00,34,17,7,12,WNW,10.18,0.0,0.0
2026-01-18 00:06:00,34,14,8,14,NW,10.18,0.0,0.0
2026-01-18 00:21:00,35,15,9,14,WNW,10.18,0.0,0.0
2026-01-18 00:36:00,35,15,9,15,WNW,10.18,0.0,0.0
2026-01-18 00:51:00,35,13,10,14,NW,10.18,0.0,0.0
2026-01-18 01:06:00,35,13,9,13,NW,10.18,0.0,0.0
2026-01-18 01:21:00,35,13,8,11,NW,10.18,0.0,0.0
2026-01-18 01:36:00,35,14,7,11,NW,10.18,0.0,0.0
2026-01-18 01:51:00,35,14,7,12,NNW,10.18,0.0,0.0
2026-01-18 02:06:00,35,12,6,9,NNW,10.18,0.0,0.0
2026-01-18 02:21:00,35,12,6,10,NNW,10.18,0.0,0.0
2026-01-18 02:36:00,36,12,8,10,NNW,10.18,0.0,0.0
2026-01-18 02:51:00,35,12,7,9,NNW,10.18,0.0,0.0
2026-01-18 03:06:00,35,13,7,8,NNW,10.18,0.0,0.0
2026-01-18 03:21:00,36,12,8,10,NNW,10.18,0.0,0.0
2026-01-18 03:36:00,35,13,8,11,NNW,10.18,0.0,0.0
2026-01-18 03:51:00,35,14,6,9,NW,10.18,0.0,0.0
2026-01-18 04:06:00,35,13,7,9,NNW,10.18,0.0,0.0
2026-01-18 04:21:00,35,13,8,10,NNW,10.18,0.0,0.0
2026-01-18 04:36:00,35,13,7,10,NNW,10.18,0.0,0.0
2026-01-18 04:51:00,34,14,6,8,N,10.18,0.0,0.0
2026-01-18 05:06:00,34,15,6,8,N,10.18,0.0,0.0
2026-01-18 05:21:00,34,15,7,8,N,10.18,0.0,0.0
2026-01-18 05:36:00,34,16,7,9,N,10.18,0.0,0.0
2026-01-18 05:51:00,35,15,9,11,N,10.18,0.0,0.0
2026-01-18 06:06:00,35,16,7,10,N,10.18,0.0,0.0
2026-01-18 06:21:00,35,15,8,10,NNW,10.18,0.0,0.0
2026-01-18 06:36:00,35,14,9,11,NNW,10.18,0.0,0.0
2026-01-18 06:51:00,35,13,8,10,NNW,10.18,0.0,0.0
2026-01-18 07:06:00,35,13,8,10,NNW,10.18,0.0,0.0
2026-01-18 07:21:00,34,13,8,10,NNW,10.18,0.0,0.0
2026-01-18 07:36:00,34,14,8,11,NNW,10.18,0.0,0.0
2026-01-18 07:51:00,34,15,9,13,NNW,10.18,0.0,0.0
2026-01-18 08:06:00,34,17,9,12,NNW,10.18,0.0,0.0
2026-01-18 08:21:00,34,18,9,12,NNW,10.18,0.0,4.0
2026-01-18 08:36:00,34,21,10,13,NNW,10.18,0.0,12.0
2026-01-18 08:51:00,34,24,10,12,NNW,10.18,0.0,25.0
2026-01-18 09:06:00,34,24,10,13,NNW,10.18,0.0,46.0
2026-01-18 09:21:00,34,23,10,12,NNW,10.18,0.0,84.0
2026-01-18 09:36:00,34,23,9,12,NNW,10.18,0.0,125.0
2026-01-18 09:51:00,35,21,8,12,NNW,10.18,0.0,158.0
2026-01-18 10:06:00,36,18,7,10,NNW,10.18,0.0,210.0
2026-01-18 10:21:00,36,18,7,10,N,10.18,0.0,261.0
2026-01-18 10:36:00,35,20,8,12,N,10.18,0.0,305.0
2026-01-18 10:51:00,35,20,9,13,N,10.18,0.0,347.0
2026-01-18 11:06:00,36,20,8,12,N,10.18,0.0,399.0
2026-01-18 11:21:00,36,18,9,12,N,10.18,0.0,438.0
2026-01-18 11:36:00,37,18,9,11,N,10.18,0.0,473.0
2026-01-18 11:51:00,39,17,7,10,N,10.18,0.0,511.0
2026-01-18 12:06:00,40,16,6,8,N,10.18,0.0,540.0
2026-01-18 12:21:00,41,18,4,8,N,10.18,0.0,565.0
2026-01-18 12:36:00,41,17,4,7,NNW,10.18,0.0,585.0
2026-01-18 12:51:00,40,19,4,6,N,10.18,0.0,601.0
2026-01-18 13:06:00,39,19,5,7,N,10.18,0.0,609.0
2026-01-18 13:21:00,38,19,7,11,N,10.18,0.0,608.0
2026-01-18 13:36:00,37,21,8,11,N,10.18,0.0,602.0
2026-01-18 13:51:00,37,20,9,14,NNW,10.18,0.0,593.0
2026-01-18 14:06:00,37,19,9,13,NNW,10.18,0.0,582.0
2026-01-18 14:21:00,38,18,9,12,NNW,10.18,0.0,572.0
2026-01-18 14:36:00,38,15,9,13,NNW,10.18,0.0,559.0
2026-01-18 14:51:00,38,14,8,12,NNW,10.18,0.0,543.0
2026-01-18 15:06:00,38,16,8,13,N,10.18,0.0,523.0
2026-01-18 15:21:00,37,18,8,12,NNW,10.18,0.0,496.0
2026-01-18 15:36:00,37,19,9,14,N,10.18,0.0,460.0
2026-01-18 15:51:00,37,18,8,12,N,10.18,0.0,424.0
2026-01-18 16:06:00,36,19,9,13,N,10.18,0.0,392.0
2026-01-18 16:21:00,36,21,10,13,N,10.18,0.0,355.0
2026-01-18 16:36:00,35,24,10,15,N,10.18,0.0,303.0
2026-01-18 16:51:00,35,25,12,15,N,10.18,0.0,259.0
2026-01-18 17:06:00,34,26,14,16,N,10.18,0.0,208.0
2026-01-18 17:21:00,34,28,15,19,N,10.18,0.0,140.0
2026-01-18 17:36:00,33,31,17,21,N,10.18,0.0,92.0
2026-01-18 17:51:00,32,29,17,25,N,10.18,0.0,29.0
2026-01-18 18:06:00,31,30,17,24,N,10.18,0.0,3.0
2026-01-18 18:21:00,31,31,16,25,N,10.18,0.0,0.0
2026-01-18 18:36:00,31,33,16,22,N,10.18,0.0,0.0
2026-01-18 18:51:00,31,34,17,23,N,10.18,0.0,0.0
2026-01-18 19:06:00,30,34,16,23,N,10.18,0.0,0.0
2026-01-18 19:21:00,30,35,15,23,N,10.18,0.0,0.0
2026-01-18 19:36:00,30,35,16,22,N,10.18,0.0,0.0
2026-01-18 19:51:00,29,36,15,21,N,10.18,0.0,0.0
2026-01-18 20:06:00,29,36,15,20,N,10.18,0.0,0.0
2026-01-18 20:21:00,29,36,15,19,N,10.18,0.0,0.0
2026-01-18 20:36:00,29,37,15,19,N,10.18,0.0,0.0
2026-01-18 20:51:00,29,38,14,16,N,10.18,0.0,0.0
2026-01-18 21:06:00,29,39,13,16,NNE,10.18,0.0,0.0
2026-01-18 21:21:00,29,39,13,16,NNE,10.18,0.0,0.0
2026-01-18 21:36:00,29,39,14,18,NNE,10.18,0.0,0.0
2026-01-18 21:51:00,28,40,14,20,NNE,10.18,0.0,0.0
2026-01-18 22:06:00,28,41,14,17,NNE,10.18,0.0,0.0
2026-01-18 22:21:00,27,41,14,19,NNE,10.18,0.0,0.0
2026-01-18 22:36:00,27,42,16,20,NNE,10.18,0.0,0.0
2026-01-18 22:51:00,27,43,17,21,NNE,10.18,0.0,0.0
2026-01-18 23:06:00,27,43,17,22,NNE,10.18,0.0,0.0
2026-01-18 23:21:00,28,42,16,22,NNE,10.18,0.0,0.0
2026-01-18 23:36:00,28,41,14,20,NNE,10.18,0.0,0.0
2026-01-18 23:51:00,28,41,14,17,NNE,10.18,0.0,0.0
2026-01-19 00:06:00,27,43,14,18,NNE,10.18,0.0,0.0
2026-01-19 00:21:00,27,42,15,20,NNE,10.18,0.0,0.0
2026-01-19 00:36:00,27,43,15,20,NNE,10.18,0.0,0.0
2026-01-19 00:51:00,26,45,14,18,NNE,10.18,0.0,0.0
2026-01-19 01:06:00,27,42,10,15,NNE,10.18,0.0,0.0
2026-01-19 01:21:00,27,41,7,12,NE,10.18,0.0,0.0
2026-01-19 01:36:00,26,44,5,12,NE,10.18,0.0,0.0
2026-01-19 01:51:00,26,43,6,14,NE,10.18,0.0,0.0
2026-01-19 02:06:00,26,40,5,13,NE,10.18,0.0,0.0
2026-01-19 02:21:00,26,42,5,15,NE,10.18,0.0,0.0
2026-01-19 02:36:00,26,42,8,15,NNE,10.18,0.0,0.0
2026-01-19 02:51:00,25,44,7,15,NE,10.18,0.0,0.0
2026-01-19 03:06:00,25,44,4,13,NE,10.18,0.0,0.0
2026-01-19 03:21:00,24,45,2,8,NE,10.18,0.0,0.0
2026-01-19 03:36:00,24,46,1,4,ENE,10.18,0.0,0.0
2026-01-19 03:51:00,24,45,1,4,E,10.18,0.0,0.0
2026-01-19 04:06:00,24,45,2,5,E,10.18,0.0,0.0
2026-01-19 04:21:00,24,43,1,3,ESE,10.18,0.0,0.0
2026-01-19 04:36:00,23,44,0,2,ESE,10.18,0.0,0.0
2026-01-19 04:51:00,22,48,0,2,E,10.18,0.0,0.0
2026-01-19 05:06:00,21,50,0,1,E,10.18,0.0,0.0
2026-01-19 05:21:00,23,29,0,0,E,10.18,0.0,0.0
2026-01-19 05:36:00,24,22,0,1,SE,10.18,0.0,0.0
2026-01-19 05:51:00,25,18,0,2,E,10.18,0.0,0.0
2026-01-19 06:06:00,28,17,2,5,NNE,10.18,0.0,0.0
2026-01-19 06:21:00,28,17,2,4,NNW,10.18,0.0,0.0
2026-01-19 06:36:00,26,24,2,3,WNW,10.18,0.0,0.0
2026-01-19 06:51:00,27,25,3,5,WNW,10.18,0.0,0.0
2026-01-19 07:06:00,27,24,3,4,NNW,10.18,0.0,0.0
2026-01-19 07:21:00,26,28,3,4,NW,10.18,0.0,0.0
2026-01-19 07:36:00,25,33,2,5,NNW,10.18,0.0,0.0
2026-01-19 07:51:00,26,30,4,6,WNW,10.18,0.0,0.0
2026-01-19 08:06:00,26,30,4,5,WNW,10.18,0.0,0.0
2026-01-19 08:21:00,25,34,4,6,W,10.18,0.0,4.0
2026-01-19 08:36:00,26,31,5,7,WNW,10.18,0.0,12.0
2026-01-19 08:51:00,27,30,4,6,NW,10.18,0.0,27.0
2026-01-19 09:06:00,27,31,3,5,NW,10.18,0.0,48.0
2026-01-19 09:21:00,28,29,5,7,NW,10.18,0.0,90.0
2026-01-19 09:36:00,28,27,6,9,NW,10.18,0.0,133.0
2026-01-19 09:51:00,29,28,5,8,NW,10.18,0.0,167.0
2026-01-19 10:06:00,30,28,3,5,NW,10.18,0.0,224.0
2026-01-19 10:21:00,32,28,1,2,SW,10.18,0.0,275.0
2026-01-19 10:36:00,33,26,1,2,SW,10.18,0.0,322.0
2026-01-19 10:51:00,34,26,0,3,WSW,10.18,0.0,372.0
2026-01-19 11:06:00,32,27,2,6,WNW,10.18,0.0,417.0
2026-01-19 11:21:00,32,31,3,6,WSW,10.18,0.0,455.0
2026-01-19 11:36:00,33,33,1,4,WSW,10.18,0.0,493.0
2026-01-19 11:51:00,33,33,2,5,WSW,10.18,0.0,531.0
2026-01-19 12:06:00,32,35,3,6,WSW,10.18,0.0,560.0
2026-01-19 12:21:00,32,36,3,6,SW,10.18,0.0,585.0
2026-01-19 12:36:00,34,35,2,7,WSW,10.18,0.0,606.0
2026-01-19 12:51:00,34,35,3,6,SSW,10.18,0.0,621.0
2026-01-19 13:06:00,35,35,2,6,SW,10.18,0.0,629.0
2026-01-19 13:21:00,36,34,2,6,SSW,10.18,0.0,630.0
2026-01-19 13:36:00,35,34,3,6,WSW,10.18,0.0,625.0
2026-01-19 13:51:00,36,32,2,5,SW,10.18,0.0,617.0
2026-01-19 14:06:00,39,29,1,4,WNW,10.18,0.0,606.0
2026-01-19 14:21:00,38,27,2,5,NW,10.18,0.0,595.0
2026-01-19 14:36:00,38,25,2,5,NNE,10.18,0.0,583.0
2026-01-19 14:51:00,38,29,1,4,N,10.18,0.0,569.0
2026-01-19 15:06:00,37,30,2,4,NNE,10.18,0.0,549.0
2026-01-19 15:21:00,35,32,3,5,NNW,10.18,0.0,522.0
2026-01-19 15:36:00,35,32,3,6,NNW,10.18,0.0,485.0
2026-01-19 15:51:00,34,31,3,7,NW,10.18,0.0,445.0
2026-01-19 16:06:00,34,33,3,6,NW,10.18,0.0,412.0
2026-01-19 16:21:00,33,35,3,5,N,10.18,0.0,374.0
2026-01-19 16:36:00,33,34,2,4,N,10.18,0.0,322.0
2026-01-19 16:51:00,32,36,3,4,NNW,10.18,0.0,276.0
2026-01-19 17:06:00,31,34,3,5,NW,10.18,0.0,227.0
2026-01-19 17:21:00,28,25,6,9,N,10.18,0.0,155.0
2026-01-19 17:36:00,27,30,9,12,N,10.18,0.0,103.0
2026-01-19 17:51:00,26,31,9,12,N,10.18,0.0,37.0
2026-01-19 18:06:00,25,26,9,13,N,10.18,0.0,4.0
2026-01-19 18:21:00,25,28,8,11,NNE,10.18,0.0,0.0
2026-01-19 18:36:00,25,26,8,10,N,10.18,0.0,0.0
2026-01-19 18:51:00,24,27,8,10,NNE,10.18,0.0,0.0
2026-01-19 19:06:00,24,30,9,11,NNE,10.18,0.0,0.0
2026-01-19 19:21:00,24,32,8,11,NNE,10.18,0.0,0.0
2026-01-19 19:36:00,23,32,9,12,NNE,10.18,0.0,0.0
2026-01-19 19:51:00,23,33,9,11,NNE,10.18,0.0,0.0
2026-01-19 20:06:00,23,34,8,10,NNE,10.18,0.0,0.0
2026-01-19 20:21:00,24,32,10,13,NNE,10.18,0.0,0.0
2026-01-19 20:36:00,23,33,5,11,NE,10.18,0.0,0.0
2026-01-19 20:51:00,23,36,4,8,NE,10.18,0.0,0.0
2026-01-19 21:06:00,23,36,5,10,NE,10.18,0.0,0.0
2026-01-19 21:21:00,23,39,1,5,NE,10.18,0.0,0.0
2026-01-19 21:36:00,24,37,2,6,NE,10.18,0.0,0.0
2026-01-19 21:51:00,23,39,0,4,NE,10.18,0.0,0.0
2026-01-19 22:06:00,24,36,5,10,NE,10.18,0.0,0.0
2026-01-19 22:21:00,25,28,5,10,NE,10.18,0.0,0.0
2026-01-19 22:36:00,25,29,5,9,NE,10.18,0.0,0.0
2026-01-19 22:51:00,26,28,10,13,NNE,10.18,0.0,0.0
2026-01-19 23:06:00,26,26,10,12,NNE,10.18,0.0,0.0
2026-01-19 23:21:00,27,25,9,10,NNE,10.18,0.0,0.0
2026-01-19 23:36:00,27,25,9,11,NNE,10.18,0.0,0.0
2026-01-19 23:51:00,27,26,9,12,N,10.18,0.0,0.0
2026-01-20 00:06:00,27,25,9,10,NNE,10.18,0.0,0.0
2026-01-20 00:21:00,27,26,9,11,N,10.18,0.0,0.0
2026-01-20 00:36:00,27,26,10,12,N,10.18,0.0,0.0
2026-01-20 00:51:00,28,26,10,14,N,10.18,0.0,0.0
2026-01-20 01:06:00,28,26,11,14,N,10.18,0.0,0.0
2026-01-20 01:21:00,28,26,9,12,NNW,10.18,0.0,0.0
2026-01-20 01:36:00,27,26,9,10,NNW,10.18,0.0,0.0
2026-01-20 01:51:00,28,26,9,11,NNW,10.18,0.0,0.0
2026-01-20 02:06:00,28,26,11,13,NW,10.18,0.0,0.0
2026-01-20 02:21:00,28,26,9,12,NW,10.18,0.0,0.0
2026-01-20 02:36:00,28,27,8,11,NW,10.18,0.0,0.0
2026-01-20 02:51:00,28,28,8,11,NW,10.18,0.0,0.0
2026-01-20 03:06:00,28,27,8,13,NW,10.18,0.0,0.0
2026-01-20 03:21:00,29,27,10,14,WNW,10.18,0.0,0.0
2026-01-20 03:36:00,29,27,10,15,WNW,10.18,0.0,0.0
2026-01-20 03:51:00,28,27,10,15,WNW,10.18,0.0,0.0
2026-01-20 04:06:00,27,26,10,14,WNW,10.18,0.0,0.0
2026-01-20 04:21:00,27,25,10,14,WNW,10.18,0.0,0.0
2026-01-20 04:36:00,28,25,10,15,WNW,10.18,0.0,0.0
2026-01-20 04:51:00,28,25,11,17,WNW,10.18,0.0,0.0
2026-01-20 05:06:00,28,25,10,15,WNW,10.18,0.0,0.0
2026-01-20 05:21:00,28,26,11,17,W,10.18,0.0,0.0
2026-01-20 05:36:00,28,26,10,16,WNW,10.18,0.0,0.0
2026-01-20 05:51:00,28,26,9,16,W,10.18,0.0,0.0
2026-01-20 06:06:00,27,26,9,17,W,10.18,0.0,0.0
2026-01-20 06:21:00,26,25,9,14,W,10.18,0.0,0.0
2026-01-20 06:36:00,26,26,10,15,WSW,10.18,0.0,0.0
2026-01-20 06:51:00,26,26,9,16,W,10.18,0.0,0.0
2026-01-20 07:06:00,26,27,8,12,W,10.18,0.0,0.0
2026-01-20 07:21:00,26,28,7,13,W,10.18,0.0,0.0
2026-01-20 07:36:00,26,30,7,13,W,10.18,0.0,0.0
2026-01-20 07:51:00,26,30,8,13,W,10.18,0.0,0.0
2026-01-20 08:06:00,26,29,9,14,W,10.18,0.0,0.0
2026-01-20 08:21:00,26,34,11,16,W,10.18,0.0,3.0
2026-01-20 08:36:00,25,40,11,17,W,10.18,0.0,11.0
2026-01-20 08:51:00,25,39,11,18,WNW,10.18,0.0,26.0
2026-01-20 09:06:00,26,29,12,18,WNW,10.18,0.0,62.0
2026-01-20 09:21:00,26,26,11,18,WNW,10.18,0.0,131.0
2026-01-20 09:36:00,26,26,13,20,WNW,10.18,0.0,181.0
2026-01-20 09:51:00,27,25,15,22,W,10.18,0.0,219.0
2026-01-20 10:06:00,28,22,12,21,W,10.18,0.0,267.0
2026-01-20 10:21:00,28,20,10,16,WNW,10.18,0.0,292.0
2026-01-20 10:36:00,29,20,12,20,WNW,10.18,0.0,340.0
2026-01-20 10:51:00,29,18,13,22,WNW,10.18,0.0,358.0
2026-01-20 11:06:00,30,17,10,16,NW,10.18,0.0,477.0
2026-01-20 11:21:00,32,19,10,17,NW,10.18,0.0,543.0
2026-01-20 11:36:00,33,20,11,17,N,10.18,0.0,678.0
2026-01-20 11:51:00,32,21,11,16,N,10.18,0.0,561.0
2026-01-20 12:06:00,33,21,10,13,N,10.18,0.0,566.0
2026-01-20 12:21:00,34,20,9,13,N,10.18,0.0,636.0
2026-01-20 12:36:00,36,17,11,17,N,10.18,0.0,734.0
2026-01-20 12:51:00,36,18,7,11,N,10.18,0.0,675.0
2026-01-20 13:06:00,36,23,4,12,NE,10.18,0.0,607.0
2026-01-20 13:21:00,36,21,6,10,N,10.18,0.0,639.0
2026-01-20 13:36:00,37,17,7,11,NNW,10.18,0.0,632.0
2026-01-20 13:51:00,38,18,7,11,NNW,10.18,0.0,635.0
2026-01-20 14:06:00,37,23,4,10,NNE,10.18,0.0,637.0
2026-01-20 14:21:00,35,23,8,11,NNW,10.18,0.0,627.0
2026-01-20 14:36:00,35,22,8,11,N,10.18,0.0,618.0
2026-01-20 14:51:00,35,23,7,11,N,10.18,0.0,561.0
2026-01-20 15:06:00,37,25,4,9,NNE,10.18,0.0,539.0
2026-01-20 15:21:00,36,22,6,13,N,10.18,0.0,549.0
2026-01-20 15:36:00,35,23,9,17,N,10.18,0.0,519.0
2026-01-20 15:51:00,34,25,6,10,N,10.18,0.0,379.0
2026-01-20 16:06:00,33,26,8,11,N,10.18,0.0,353.0
2026-01-20 16:21:00,32,26,7,10,N,10.18,0.0,271.0
2026-01-20 16:36:00,32,26,8,13,N,10.18,0.0,276.0
2026-01-20 16:51:00,31,28,10,12,NNE,10.18,0.0,225.0
2026-01-20 17:06:00,31,28,10,12,NNE,10.18,0.0,207.0
2026-01-20 17:21:00,30,29,11,13,NNE,10.18,0.0,111.0
2026-01-20 17:36:00,29,29,11,13,NNE,10.18,0.0,54.0
2026-01-20 17:51:00,29,27,12,15,NNE,10.18,0.0,21.0
2026-01-20 18:06:00,28,29,12,15,NNE,10.18,0.0,3.0
2026-01-20 18:21:00,28,30,10,13,NNE,10.18,0.0,0.0
2026-01-20 18:36:00,27,30,5,10,NE,10.18,0.0,0.0
2026-01-20 18:51:00,28,30,6,10,NE,10.18,0.0,0.0
2026-01-20 19:06:00,28,27,10,12,NNE,10.18,0.0,0.0
2026-01-20 19:21:00,28,23,11,13,NNE,10.18,0.0,0.0
2026-01-20 19:36:00,28,17,9,10,NNE,10.18,0.0,0.0
2026-01-20 19:51:00,28,18,9,10,NNE,10.18,0.0,0.0
2026-01-20 20:06:00,28,14,8,9,NNE,10.18,0.0,0.0
2026-01-20 20:21:00,29,10,7,10,NNE,10.18,0.0,0.0
2026-01-20 20:36:00,29,12,5,6,NNE,10.18,0.0,0.0
2026-01-20 20:51:00,29,9,6,7,NNE,10.18,0.0,0.0
2026-01-20 21:06:00,29,9,6,7,NNE,10.18,0.0,0.0
2026-01-20 21:21:00,29,8,5,6,N,10.18,0.0,0.0
2026-01-20 21:36:00,29,8,4,5,N,10.18,0.0,0.0
2026-01-20 21:51:00,30,6,5,6,N,10.18,0.0,0.0
2026-01-20 22:06:00,29,7,5,6,N,10.18,0.0,0.0
2026-01-20 22:21:00,29,8,6,6,N,10.18,0.0,0.0
2026-01-20 22:36:00,30,8,7,9,N,10.18,0.0,0.0
2026-01-20 22:51:00,30,8,6,9,NNW,10.18,0.0,0.0
2026-01-20 23:06:00,29,10,5,7,NW,10.18,0.0,0.0
2026-01-20 23:21:00,30,9,6,9,NW,10.18,0.0,0.0
2026-01-20 23:36:00,30,8,6,8,NNW,10.18,0.0,0.0
2026-01-20 23:51:00,30,7,8,11,NW,10.18,0.0,0.0
2026-01-21 00:06:00,30,7,7,11,NNW,10.18,0.0,0.0
2026-01-21 00:21:00,30,7,8,11,NNW,10.18,0.0,0.0
2026-01-21 00:36:00,29,7,7,10,NNW,10.18,0.0,0.0
2026-01-21 00:51:00,30,6,9,11,NNW,10.18,0.0,0.0
2026-01-21 01:06:00,29,6,9,12,NNW,10.18,0.0,0.0
2026-01-21 01:21:00,29,6,9,11,NNW,10.18,0.0,0.0
2026-01-21 01:36:00,30,5,8,10,NNW,10.18,0.0,0.0
2026-01-21 01:51:00,29,5,7,10,NW,10.18,0.0,0.0
2026-01-21 02:06:00,30,5,8,10,NW,10.18,0.0,0.0
2026-01-21 02:21:00,30,5,8,10,NNW,10.18,0.0,0.0
2026-01-21 02:36:00,30,5,9,11,NW,10.18,0.0,0.0
2026-01-21 02:51:00,29,6,7,10,NW,10.18,0.0,0.0
2026-01-21 03:06:00,29,5,8,12,NW,10.18,0.0,0.0
2026-01-21 03:21:00,29,5,8,10,NNW,10.18,0.0,0.0
2026-01-21 03:36:00,29,4,9,11,NNW,10.18,0.0,0.0
2026-01-21 03:51:00,29,4,9,12,NNW,10.18,0.0,0.0
2026-01-21 04:06:00,29,5,8,11,NNW,10.18,0.0,0.0
2026-01-21 04:21:00,29,4,7,10,N,10.18,0.0,0.0
2026-01-21 04:36:00,30,4,7,9,N,10.18,0.0,0.0
2026-01-21 04:51:00,30,3,6,8,NNW,10.18,0.0,0.0
2026-01-21 05:06:00,30,3,6,8,NNW,10.18,0.0,0.0
2026-01-21 05:21:00,29,3,5,7,NNW,10.18,0.0,0.0
2026-01-21 05:36:00,29,4,5,6,N,10.18,0.0,0.0
2026-01-21 05:51:00,29,4,6,8,N,10.18,0.0,0.0
2026-01-21 06:06:00,28,5,6,8,N,10.18,0.0,0.0
2026-01-21 06:21:00,28,5,4,6,NNW,10.18,0.0,0.0
2026-01-21 06:36:00,28,5,4,6,NW,10.18,0.0,0.0
2026-01-21 06:51:00,28,7,5,8,NNW,10.18,0.0,0.0
2026-01-21 07:06:00,27,11,5,7,NNW,10.18,0.0,0.0
2026-01-21 07:21:00,28,8,5,7,NNW,10.18,0.0,0.0
2026-01-21 07:36:00,28,12,5,8,NW,10.18,0.0,0.0
2026-01-21 07:51:00,28,14,5,9,WNW,10.18,0.0,0.0
2026-01-21 08:06:00,27,20,5,8,WNW,10.18,0.0,0.0
2026-01-21 08:21:00,27,22,7,10,NNW,10.18,0.0,6.0
2026-01-21 08:36:00,27,25,6,10,NW,10.18,0.0,15.0
2026-01-21 08:51:00,28,23,5,7,NW,10.18,0.0,28.0
2026-01-21 09:06:00,29,17,5,9,NW,10.18,0.0,43.0
2026-01-21 09:21:00,29,23,6,9,WNW,10.18,0.0,88.0
2026-01-21 09:36:00,29,23,7,10,WNW,10.18,0.0,141.0
2026-01-21 09:51:00,30,23,6,10,NW,10.18,0.0,168.0
2026-01-21 10:06:00,30,22,6,8,NW,10.18,0.0,219.0
2026-01-21 10:21:00,31,20,5,8,NW,10.18,0.0,282.0
2026-01-21 10:36:00,32,15,5,8,NW,10.18,0.0,329.0
2026-01-21 10:51:00,33,14,5,7,NW,10.18,0.0,377.0
2026-01-21 11:06:00,34,14,5,8,WNW,10.18,0.0,415.0
2026-01-21 11:21:00,34,18,5,8,WNW,10.18,0.0,459.0
2026-01-21 11:36:00,35,19,4,8,WNW,10.18,0.0,501.0
2026-01-21 11:51:00,35,18,4,8,WNW,10.18,0.0,543.0
2026-01-21 12:06:00,36,16,4,8,WNW,10.18,0.0,576.0
2026-01-21 12:21:00,36,17,4,7,NW,10.18,0.0,596.0
2026-01-21 12:36:00,37,17,4,7,WNW,10.18,0.0,613.0
2026-01-21 12:51:00,36,18,4,7,NW,10.18,0.0,609.0
2026-01-21 13:06:00,37,20,3,7,NW,10.18,0.0,600.0
2026-01-21 13:21:00,36,21,4,8,NNW,10.18,0.0,602.0
2026-01-21 13:36:00,37,22,4,7,NNW,10.18,0.0,585.0
2026-01-21 13:51:00,37,23,4,6,NW,10.18,0.0,582.0
2026-01-21 14:06:00,37,22,3,6,NW,10.18,0.0,570.0
2026-01-21 14:21:00,38,23,3,6,NNW,10.18,0.0,601.0
2026-01-21 14:36:00,37,23,3,5,NNW,10.18,0.0,592.0
2026-01-21 14:51:00,36,24,4,6,N,10.18,0.0,565.0
2026-01-21 15:06:00,36,24,4,6,N,10.18,0.0,558.0
2026-01-21 15:21:00,36,23,4,6,N,10.18,0.0,534.0
2026-01-21 15:36:00,38,22,2,7,NNW,10.18,0.0,497.0
2026-01-21 15:51:00,36,23,4,6,NNW,10.18,0.0,447.0
2026-01-21 16:06:00,36,24,3,5,NW,10.18,0.0,420.0
2026-01-21 16:21:00,36,24,3,6,NW,10.18,0.0,378.0
2026-01-21 16:36:00,35,23,3,5,NNW,10.18,0.0,339.0
2026-01-21 16:51:00,34,23,4,6,NNW,10.18,0.0,295.0
2026-01-21 17:06:00,33,24,3,6,NNW,10.18,0.0,247.0
2026-01-21 17:21:00,33,25,3,5,NW,10.18,0.0,174.0
2026-01-21 17:36:00,31,25,3,6,NW,10.18,0.0,112.0
2026-01-21 17:51:00,28,25,5,7,N,10.18,0.0,25.0
2026-01-21 18:06:00,27,26,6,7,N,10.18,0.0,4.0
2026-01-21 18:21:00,27,26,5,6,N,10.18,0.0,0.0
2026-01-21 18:36:00,28,25,5,6,N,10.18,0.0,0.0
2026-01-21 18:51:00,28,26,5,6,N,10.18,0.0,0.0
2026-01-21 19:06:00,28,25,5,6,N,10.18,0.0,0.0
2026-01-21 19:21:00,28,25,4,6,NNW,10.18,0.0,0.0
2026-01-21 19:36:00,28,26,4,5,NNW,10.18,0.0,0.0
2026-01-21 19:51:00,28,23,4,5,NNW,10.18,0.0,0.0
2026-01-21 20:06:00,28,22,4,5,NNW,10.18,0.0,0.0
2026-01-21 20:21:00,28,21,5,6,NNW,10.18,0.0,0.0
2026-01-21 20:36:00,28,23,4,5,NNW,10.18,0.0,0.0
2026-01-21 20:51:00,28,25,4,5,NNW,10.18,0.0,0.0
2026-01-21 21:06:00,28,24,4,5,NNW,10.18,0.0,0.0
2026-01-21 21:21:00,28,24,4,5,NNW,10.18,0.0,0.0
2026-01-21 21:36:00,28,23,4,6,NW,10.18,0.0,0.0
2026-01-21 21:51:00,28,24,4,6,NNW,10.18,0.0,0.0
2026-01-21 22:06:00,28,24,4,6,NNW,10.18,0.0,0.0
2026-01-21 22:21:00,27,24,4,5,NW,10.18,0.0,0.0
2026-01-21 22:36:00,27,24,3,4,WNW,10.18,0.0,0.0
2026-01-21 22:51:00,27,24,3,4,W,10.18,0.0,0.0
2026-01-21 23:06:00,27,24,4,6,W,10.18,0.0,0.0
2026-01-21 23:21:00,27,24,4,6,WNW,10.18,0.0,0.0
2026-01-21 23:36:00,27,24,4,6,WNW,10.18,0.0,0.0
2026-01-21 23:51:00,27,25,4,6,WNW,10.18,0.0,0.0
2026-01-22 00:06:00,27,25,4,6,WNW,10.18,0.0,0.0
2026-01-22 00:21:00,27,25,4,6,WNW,10.18,0.0,0.0
2026-01-22 00:36:00,27,25,4,5,NW,10.18,0.0,0.0
2026-01-22 00:51:00,27,26,4,6,NW,10.18,0.0,0.0
2026-01-22 01:06:00,27,27,3,5,NW,10.18,0.0,0.0
2026-01-22 01:21:00,27,27,3,5,NW,10.18,0.0,0.0
2026-01-22 01:36:00,28,24,4,6,WNW,10.18,0.0,0.0
2026-01-22 01:51:00,27,24,4,6,NW,10.18,0.0,0.0
2026-01-22 02:06:00,27,25,5,6,NW,10.18,0.0,0.0
2026-01-22 02:21:00,27,24,5,6,NNW,10.18,0.0,0.0
2026-01-22 02:36:00,28,13,4,6,NW,10.18,0.0,0.0
2026-01-22 02:51:00,29,9,5,6,NW,10.18,0.0,0.0
2026-01-22 03:06:00,29,8,6,8,NNW,10.18,0.0,0.0
2026-01-22 03:21:00,29,7,6,7,NNW,10.18,0.0,0.0
2026-01-22 03:36:00,29,8,6,9,NNW,10.18,0.0,0.0
2026-01-22 03:51:00,29,9,5,7,NW,10.18,0.0,0.0
2026-01-22 04:06:00,28,11,4,6,NW,10.18,0.0,0.0
2026-01-22 04:21:00,29,10,5,8,NW,10.18,0.0,0.0
2026-01-22 04:36:00,29,9,6,9,NW,10.18,0.0,0.0
2026-01-22 04:51:00,29,9,6,8,NNW,10.18,0.0,0.0
2026-01-22 05:06:00,29,9,7,9,NNW,10.18,0.0,0.0
2026-01-22 05:21:00,29,8,7,9,NNW,10.18,0.0,0.0
2026-01-22 05:36:00,29,8,6,8,NNW,10.18,0.0,0.0
2026-01-22 05:51:00,29,8,6,8,NNW,10.18,0.0,0.0
2026-01-22 06:06:00,29,7,6,8,NNW,10.18,0.0,0.0
2026-01-22 06:21:00,29,9,4,8,NW,10.18,0.0,0.0
2026-01-22 06:36:00,29,7,5,8,NW,10.18,0.0,0.0
2026-01-22 06:51:00,29,7,5,8,NW,10.18,0.0,0.0
2026-01-22 07:06:00,28,7,5,7,NW,10.18,0.0,0.0
2026-01-22 07:21:00,28,7,5,7,NW,10.18,0.0,0.0
2026-01-22 07:36:00,28,6,5,8,WNW,10.18,0.0,0.0
2026-01-22 07:51:00,28,7,5,8,WNW,10.18,0.0,0.0
2026-01-22 08:06:00,28,8,6,8,WNW,10.18,0.0,0.0
2026-01-22 08:21:00,28,9,6,9,NW,10.18,0.0,7.0
2026-01-22 08:36:00,29,9,6,8,NW,10.18,0.0,24.0
2026-01-22 08:51:00,29,10,5,7,NW,10.18,0.0,59.0
2026-01-22 09:06:00,28,11,5,8,WNW,10.18,0.0,80.0
2026-01-22 09:21:00,29,9,4,7,NW,10.18,0.0,138.0
2026-01-22 09:36:00,29,9,4,6,NW,10.18,0.0,190.0
2026-01-22 09:51:00,30,10,4,6,NW,10.18,0.0,254.0
2026-01-22 10:06:00,32,10,3,4,NW,10.18,0.0,337.0
2026-01-22 10:21:00,31,10,2,5,NW,10.18,0.0,219.0
2026-01-22 10:36:00,31,11,3,5,WNW,10.18,0.0,246.0
2026-01-22 10:51:00,33,13,3,5,W,10.18,0.0,387.0
2026-01-22 11:06:00,35,12,2,7,WNW,10.18,0.0,519.0
2026-01-22 11:21:00,34,11,3,6,NW,10.18,0.0,388.0
2026-01-22 11:36:00,35,12,2,4,NNE,10.18,0.0,492.0
2026-01-22 11:51:00,36,13,1,4,NNE,10.18,0.0,594.0
2026-01-22 12:06:00,37,16,0,1,NW,10.18,0.0,536.0
2026-01-22 12:21:00,36,18,3,5,W,10.18,0.0,787.0
2026-01-22 12:36:00,38,17,2,6,WSW,10.18,0.0,764.0
2026-01-22 12:51:00,35,15,2,5,W,10.18,0.0,651.0
2026-01-22 13:06:00,38,17,1,4,NW,10.18,0.0,689.0
2026-01-22 13:21:00,37,17,3,7,W,10.18,0.0,656.0
2026-01-22 13:36:00,37,18,3,7,W,10.18,0.0,637.0
2026-01-22 13:51:00,35,16,5,8,W,10.18,0.0,629.0
2026-01-22 14:06:00,34,16,5,9,W,10.18,0.0,617.0
2026-01-22 14:21:00,35,17,4,8,W,10.18,0.0,611.0
2026-01-22 14:36:00,34,19,5,9,W,10.18,0.0,600.0
2026-01-22 14:51:00,35,20,4,8,W,10.18,0.0,545.0
2026-01-22 15:06:00,34,20,5,12,WNW,10.18,0.0,540.0
2026-01-22 15:21:00,34,18,4,9,WNW,10.18,0.0,516.0
2026-01-22 15:36:00,33,17,4,9,NW,10.18,0.0,417.0
2026-01-22 15:51:00,32,18,5,8,NW,10.18,0.0,378.0
2026-01-22 16:06:00,32,19,5,9,WNW,10.18,0.0,411.0
2026-01-22 16:21:00,33,18,5,9,NW,10.18,0.0,461.0
2026-01-22 16:36:00,32,19,5,7,WNW,10.18,0.0,371.0
2026-01-22 16:51:00,31,20,5,8,WNW,10.18,0.0,290.0
2026-01-22 17:06:00,30,21,4,7,WNW,10.18,0.0,256.0
2026-01-22 17:21:00,30,22,4,7,WNW,10.18,0.0,180.0
2026-01-22 17:36:00,28,24,3,7,NW,10.18,0.0,121.0
2026-01-22 17:51:00,26,26,4,6,WNW,10.18,0.0,22.0
2026-01-22 18:06:00,25,28,5,8,WNW,10.18,0.0,4.0
2026-01-22 18:21:00,25,27,6,10,WNW,10.18,0.0,0.0
2026-01-22 18:36:00,24,21,5,8,NW,10.18,0.0,0.0
2026-01-22 18:51:00,24,19,5,7,NW,10.18,0.0,0.0
2026-01-22 19:06:00,24,23,7,9,NW,10.18,0.0,0.0
2026-01-22 19:21:00,24,22,7,9,NW,10.18,0.0,0.0
2026-01-22 19:36:00,24,19,6,9,NW,10.18,0.0,0.0
2026-01-22 19:51:00,24,26,7,8,NNW,10.18,0.0,0.0
2026-01-22 20:06:00,24,34,7,9,NNW,10.18,0.0,0.0
2026-01-22 20:21:00,24,34,6,9,NW,10.18,0.0,0.0
2026-01-22 20:36:00,24,30,6,11,NW,10.18,0.0,0.0
2026-01-22 20:51:00,24,33,6,10,NW,10.18,0.0,0.0
2026-01-22 21:06:00,24,36,7,11,NW,10.18,0.0,0.0
2026-01-22 21:21:00,24,35,8,12,NNW,10.18,0.0,0.0
2026-01-22 21:36:00,24,34,9,12,NNW,10.18,0.0,0.0
2026-01-22 21:51:00,24,32,9,11,NNW,10.18,0.0,0.0
2026-01-22 22:06:00,23,31,9,12,NNW,10.18,0.0,0.0
2026-01-22 22:21:00,23,34,8,11,NNW,10.18,0.0,0.0
2026-01-22 22:36:00,23,33,7,9,NNW,10.18,0.0,0.0
2026-01-22 22:51:00,23,33,6,7,NNW,10.18,0.0,0.0
2026-01-22 23:06:00,23,33,7,8,NNW,10.18,0.0,0.0
2026-01-22 23:21:00,23,32,7,9,NW,10.18,0.0,0.0
2026-01-22 23:36:00,23,32,7,10,NNW,10.18,0.0,0.0
2026-01-22 23:51:00,24,32,7,9,NNW,10.18,0.0,0.0
2026-01-23 00:06:00,24,31,5,7,NNW,10.18,0.0,0.0
2026-01-23 00:21:00,24,35,6,8,NNW,10.18,0.0,0.0
2026-01-23 00:36:00,24,27,5,8,NNW,10.18,0.0,0.0
2026-01-23 00:51:00,24,24,6,9,NW,10.18,0.0,0.0
2026-01-23 01:06:00,24,24,8,11,NNW,10.18,0.0,0.0
2026-01-23 01:21:00,24,25,8,11,NNW,10.18,0.0,0.0
2026-01-23 01:36:00,24,29,7,11,NNW,10.18,0.0,0.0
2026-01-23 01:51:00,24,25,7,10,NNW,10.18,0.0,0.0
2026-01-23 02:06:00,24,24,7,11,NNW,10.18,0.0,0.0
2026-01-23 02:21:00,24,22,9,11,NNW,10.18,0.0,0.0
2026-01-23 02:36:00,23,27,7,10,NNW,10.18,0.0,0.0
2026-01-23 02:51:00,24,24,7,9,N,10.18,0.0,0.0
2026-01-23 03:06:00,24,24,6,8,N,10.18,0.0,0.0
2026-01-23 03:21:00,24,25,5,6,N,10.18,0.0,0.0
2026-01-23 03:36:00,24,23,5,6,N,10.18,0.0,0.0
2026-01-23 03:51:00,24,20,5,6,N,10.18,0.0,0.0
2026-01-23 04:06:00,23,24,5,8,NNW,10.18,0.0,0.0
2026-01-23 04:21:00,23,26,6,8,NNW,10.18,0.0,0.0
2026-01-23 04:36:00,24,19,7,11,NNW,10.18,0.0,0.0
2026-01-23 04:51:00,23,26,7,11,NNW,10.18,0.0,0.0
2026-01-23 05:06:00,23,23,8,11,NNW,10.18,0.0,0.0
2026-01-23 05:21:00,22,31,7,8,NNW,10.18,0.0,0.0
2026-01-23 05:36:00,23,22,8,10,N,10.18,0.0,0.0
2026-01-23 05:51:00,22,24,8,10,N,10.18,0.0,0.0
2026-01-23 06:06:00,22,34,8,10,N,10.18,0.0,0.0
2026-01-23 06:21:00,21,39,8,10,N,10.18,0.0,0.0
2026-01-23 06:36:00,22,36,10,14,N,10.18,0.0,0.0
2026-01-23 06:51:00,22,29,12,16,N,10.18,0.0,0.0
2026-01-23 07:06:00,21,34,11,14,N,10.18,0.0,0.0
2026-01-23 07:21:00,21,35,11,14,N,10.18,0.0,0.0
2026-01-23 07:36:00,21,34,11,14,N,10.18,0.0,0.0
2026-01-23 07:51:00,21,34,12,14,N,10.18,0.0,0.0
2026-01-23 08:06:00,21,34,11,14,NNE,10.18,0.0,0.0
2026-01-23 08:21:00,21,30,11,13,NNE,10.18,0.0,5.0
2026-01-23 08:36:00,21,29,12,15,NNE,10.18,0.0,18.0
2026-01-23 08:51:00,21,31,12,15,NNE,10.18,0.0,35.0
2026-01-23 09:06:00,21,31,12,17,NNE,10.18,0.0,55.0
2026-01-23 09:21:00,21,32,12,14,NNE,10.18,0.0,137.0
2026-01-23 09:36:00,21,33,11,14,NNE,10.18,0.0,214.0
2026-01-23 09:51:00,21,33,11,14,NNE,10.18,0.0,226.0
2026-01-23 10:06:00,21,34,10,14,NNE,10.18,0.0,232.0
2026-01-23 10:21:00,21,34,11,13,NNE,10.18,0.0,204.0
2026-01-23 10:36:00,22,33,10,15,NNE,10.18,0.0,329.0
2026-01-23 10:51:00,22,33,10,15,NNE,10.18,0.0,371.0
2026-01-23 11:06:00,22,34,10,13,NNE,10.18,0.0,415.0
2026-01-23 11:21:00,22,35,10,14,NNE,10.18,0.0,456.0
2026-01-23 11:36:00,22,38,10,14,NNE,10.18,0.0,500.0
2026-01-23 11:51:00,22,38,11,16,NNE,10.18,0.0,535.0
2026-01-23 12:06:00,23,37,12,17,NNE,10.18,0.0,564.0
2026-01-23 12:21:00,23,37,12,15,NNE,10.18,0.0,589.0
2026-01-23 12:36:00,23,37,10,15,NNE,10.18,0.0,611.0
2026-01-23 12:51:00,24,35,10,14,NNE,10.18,0.0,627.0
2026-01-23 13:06:00,24,32,9,13,NNE,10.18,0.0,638.0
2026-01-23 13:21:00,25,31,7,10,NNE,10.18,0.0,642.0
2026-01-23 13:36:00,25,31,7,12,NNE,10.18,0.0,636.0
2026-01-23 13:51:00,25,32,8,11,NNE,10.18,0.0,627.0
2026-01-23 14:06:00,25,31,8,12,NNE,10.18,0.0,616.0
2026-01-23 14:21:00,25,31,8,13,NNE,10.18,0.0,606.0
2026-01-23 14:36:00,24,29,9,14,NNE,10.18,0.0,595.0
2026-01-23 14:51:00,24,31,10,16,NNE,10.18,0.0,580.0
2026-01-23 15:06:00,24,33,11,16,NNE,10.18,0.0,563.0
2026-01-23 15:21:00,24,35,10,15,NNE,10.18,0.0,539.0
2026-01-23 15:36:00,24,36,10,18,NNE,10.18,0.0,505.0
2026-01-23 15:51:00,24,36,9,17,NNE,10.18,0.0,464.0
2026-01-23 16:06:00,24,36,8,18,NNE,10.18,0.0,427.0
2026-01-23 16:21:00,24,36,7,16,NE,10.18,0.0,389.0
2026-01-23 16:36:00,23,37,10,15,NNE,10.18,0.0,344.0
2026-01-23 16:51:00,23,38,9,14,NNE,10.18,0.0,290.0
2026-01-23 17:06:00,22,39,10,14,NNE,10.18,0.0,244.0
2026-01-23 17:21:00,21,40,10,14,NNE,10.18,0.0,174.0
2026-01-23 17:36:00,21,43,9,14,NNE,10.18,0.0,114.0
2026-01-23 17:51:00,20,45,13,16,NNE,10.18,0.0,56.0
2026-01-23 18:06:00,19,48,14,17,NNE,10.18,0.0,7.0
2026-01-23 18:21:00,19,51,14,18,NNE,10.18,0.0,1.0
2026-01-23 18:36:00,18,54,15,19,NNE,10.18,0.0,0.0
2026-01-23 18:51:00,18,57,13,19,NNE,10.18,0.0,0.0
2026-01-23 19:06:00,18,56,13,19,NNE,10.18,0.0,0.0
2026-01-23 19:21:00,17,55,15,20,NNE,10.18,0.0,0.0
2026-01-23 19:36:00,17,55,15,19,NNE,10.18,0.0,0.0
2026-01-23 19:51:00,17,54,12,17,NNE,10.18,0.0,0.0
2026-01-23 20:06:00,17,53,12,18,NNE,10.18,0.0,0.0
2026-01-23 20:21:00,17,53,14,17,NNE,10.18,0.0,0.0
2026-01-23 20:36:00,16,53,14,17,NNE,10.18,0.0,0.0
2026-01-23 20:51:00,17,51,10,16,NNE,10.18,0.0,0.0
2026-01-23 21:06:00,17,51,10,16,NNE,10.18,0.0,0.0
2026-01-23 21:21:00,17,51,7,13,NE,10.18,0.0,0.0
2026-01-23 21:36:00,17,51,11,14,NNE,10.18,0.0,0.0
2026-01-23 21:51:00,16,52,8,12,NNE,10.18,0.0,0.0
2026-01-23 22:06:00,15,53,9,11,NNE,10.18,0.0,0.0
2026-01-23 22:21:00,15,54,5,9,NE,10.18,0.0,0.0
2026-01-23 22:36:00,15,52,4,8,NE,10.18,0.0,0.0
2026-01-23 22:51:00,15,50,3,8,NE,10.18,0.0,0.0
2026-01-23 23:06:00,16,48,9,11,NNE,10.18,0.0,0.0
2026-01-23 23:21:00,15,48,7,11,NNE,10.18,0.0,0.0
2026-01-23 23:36:00,15,49,9,12,NNE,10.18,0.0,0.0
2026-01-23 23:51:00,15,49,10,14,NNE,10.18,0.0,0.0
2026-01-24 00:06:00,15,52,10,12,NNE,10.18,0.0,0.0
2026-01-24 00:21:00,16,48,10,14,N,10.18,0.0,0.0
2026-01-24 00:36:00,15,48,10,13,N,10.18,0.0,0.0
2026-01-24 00:51:00,15,48,9,11,N,10.18,0.0,0.0
2026-01-24 01:06:00,15,48,10,11,N,10.18,0.0,0.0
2026-01-24 01:21:00,15,47,10,15,N,10.18,0.0,0.0
2026-01-24 01:36:00,15,43,11,13,N,10.18,0.0,0.0
2026-01-24 01:51:00,15,39,12,15,N,10.18,0.0,0.0
2026-01-24 02:06:00,15,40,11,13,N,10.18,0.0,0.0
2026-01-24 02:21:00,16,29,12,14,N,10.18,0.0,0.0
2026-01-24 02:36:00,16,28,11,15,N,10.18,0.0,0.0
2026-01-24 02:51:00,15,26,12,15,N,10.18,0.0,0.0
2026-01-24 03:06:00,15,24,12,15,N,10.18,0.0,0.0
2026-01-24 03:21:00,16,15,12,16,NNE,10.18,0.0,0.0
2026-01-24 03:36:00,15,14,12,15,N,10.18,0.0,0.0
2026-01-24 03:51:00,16,13,12,16,N,10.18,0.0,0.0
2026-01-24 04:06:00,15,14,12,16,N,10.18,0.0,0.0
2026-01-24 04:21:00,15,12,14,18,N,10.18,0.0,0.0
2026-01-24 04:36:00,14,13,13,18,N,10.18,0.0,0.0
2026-01-24 04:51:00,14,14,14,19,N,10.18,0.0,0.0
2026-01-24 05:06:00,14,14,13,18,N,10.18,0.0,0.0
2026-01-24 05:21:00,14,15,15,19,N,10.18,0.0,0.0
2026-01-24 05:36:00,14,15,15,19,NNE,10.18,0.0,0.0
2026-01-24 05:51:00,14,17,14,17,N,10.18,0.0,0.0
2026-01-24 06:06:00,14,15,16,22,N,10.18,0.0,0.0
2026-01-24 06:21:00,14,16,15,20,N,10.18,0.0,0.0
2026-01-24 06:36:00,13,16,14,18,N,10.18,0.0,0.0
2026-01-24 06:51:00,13,14,14,18,N,10.18,0.0,0.0
2026-01-24 07:06:00,13,14,14,18,N,10.18,0.0,0.0
2026-01-24 07:21:00,13,15,14,18,N,10.18,0.0,0.0
2026-01-24 07:36:00,13,16,13,17,N,10.18,0.0,0.0
2026-01-24 07:51:00,13,20,17,23,N,10.18,0.0,0.0
2026-01-24 08:06:00,12,24,18,23,N,10.18,0.0,0.0
2026-01-24 08:21:00,12,27,18,24,N,10.18,0.0,5.0
2026-01-24 08:36:00,12,28,17,24,N,10.18,0.0,16.0
2026-01-24 08:51:00,13,28,15,18,N,10.18,0.0,30.0
2026-01-24 09:06:00,13,27,14,18,NNE,10.18,0.0,56.0
2026-01-24 09:21:00,13,26,15,19,NNE,10.18,0.0,98.0
2026-01-24 09:36:00,13,26,15,18,NNE,10.18,0.0,138.0
2026-01-24 09:51:00,14,26,15,18,NNE,10.18,0.0,176.0
2026-01-24 10:06:00,14,27,13,18,NNE,10.18,0.0,234.0
2026-01-24 10:21:00,15,28,12,17,NNE,10.18,0.0,277.0
2026-01-24 10:36:00,15,29,11,16,NNE,10.18,0.0,325.0
2026-01-24 10:51:00,16,31,9,14,NNE,10.18,0.0,372.0
2026-01-24 11:06:00,17,30,8,12,NNE,10.18,0.0,417.0
2026-01-24 11:21:00,17,28,7,11,N,10.18,0.0,459.0
2026-01-24 11:36:00,18,27,7,12,NNW,10.18,0.0,503.0
2026-01-24 11:51:00,18,27,9,14,NNW,10.18,0.0,537.0
2026-01-24 12:06:00,17,29,12,19,NNW,10.18,0.0,565.0
2026-01-24 12:21:00,17,30,15,21,NNW,10.18,0.0,590.0
2026-01-24 12:36:00,17,30,15,20,NNW,10.18,0.0,610.0
2026-01-24 12:51:00,17,31,16,22,NNW,10.18,0.0,626.0
2026-01-24 13:06:00,18,31,14,26,NNW,10.18,0.0,635.0
2026-01-24 13:21:00,18,31,12,22,NNW,10.18,0.0,636.0
2026-01-24 13:36:00,19,31,11,16,NNW,10.18,0.0,631.0
2026-01-24 13:51:00,21,31,8,16,NW,10.18,0.0,624.0
2026-01-24 14:06:00,19,30,9,18,NW,10.18,0.0,613.0
2026-01-24 14:21:00,19,31,11,19,NW,10.18,0.0,602.0
2026-01-24 14:36:00,19,32,10,18,NNW,10.18,0.0,590.0
2026-01-24 14:51:00,19,32,9,17,NNW,10.18,0.0,576.0
2026-01-24 15:06:00,20,32,9,16,NW,10.18,0.0,558.0
2026-01-24 15:21:00,20,32,10,20,NW,10.18,0.0,534.0
2026-01-24 15:36:00,19,32,10,18,NW,10.18,0.0,502.0
2026-01-24 15:51:00,18,32,11,21,NNW,10.18,0.0,459.0
2026-01-24 16:06:00,18,32,13,25,NNW,10.18,0.0,420.0
2026-01-24 16:21:00,18,33,15,23,NNW,10.18,0.0,381.0
2026-01-24 16:36:00,17,35,13,20,NW,10.18,0.0,338.0
2026-01-24 16:51:00,16,37,14,21,NNW,10.18,0.0,282.0
2026-01-24 17:06:00,16,38,14,20,NNW,10.18,0.0,237.0
2026-01-24 17:21:00,15,40,14,20,NNW,10.18,0.0,171.0
2026-01-24 17:36:00,15,41,16,22,NNW,10.18,0.0,109.0
2026-01-24 17:51:00,13,44,14,20,NNW,10.18,0.0,58.0
2026-01-24 18:06:00,12,48,13,19,N,10.18,0.0,8.0
2026-01-24 18:21:00,12,52,13,20,N,10.18,0.0,1.0
2026-01-24 18:36:00,12,53,13,20,N,10.18,0.0,0.0
2026-01-24 18:51:00,12,53,13,21,N,10.18,0.0,0.0
2026-01-24 19:06:00,12,53,13,19,N,10.18,0.0,0.0
2026-01-24 19:21:00,12,53,12,19,N,10.18,0.0,0.0
2026-01-24 19:36:00,12,54,12,16,N,10.18,0.0,0.0
2026-01-24 19:51:00,12,53,13,17,N,10.18,0.0,0.0
2026-01-24 20:06:00,13,49,16,21,N,10.18,0.0,0.0
2026-01-24 20:21:00,13,48,15,20,NNE,10.18,0.0,0.0
2026-01-24 20:36:00,13,48,15,20,N,10.18,0.0,0.0
2026-01-24 20:51:00,13,48,15,21,N,10.18,0.0,0.0
2026-01-24 21:06:00,13,47,18,24,N,10.18,0.0,0.0
2026-01-24 21:21:00,12,51,17,23,N,10.18,0.0,0.0
2026-01-24 21:36:00,12,54,18,23,N,10.18,0.0,0.0
2026-01-24 21:51:00,12,52,19,26,N,10.18,0.0,0.0
2026-01-24 22:06:00,11,55,18,23,N,10.18,0.0,0.0
2026-01-24 22:21:00,12,52,18,24,N,10.18,0.0,0.0
2026-01-24 22:36:00,12,51,18,26,N,10.18,0.0,0.0
2026-01-24 22:51:00,12,50,18,24,N,10.18,0.0,0.0
2026-01-24 23:06:00,12,49,19,25,N,10.18,0.0,0.0
2026-01-24 23:21:00,11,48,19,28,N,10.18,0.0,0.0
2026-01-24 23:36:00,11,48,19,27,N,10.18,0.0,0.0
2026-01-24 23:51:00,12,48,20,27,N,10.18,0.0,0.0
2026-01-25 00:06:00,11,49,18,29,N,10.18,0.0,0.0
2026-01-25 00:21:00,11,51,18,26,N,10.18,0.0,0.0
2026-01-25 00:36:00,11,50,20,27,N,10.18,0.0,0.0
2026-01-25 00:51:00,12,50,19,27,N,10.18,0.0,0.0
2026-01-25 01:06:00,12,49,19,26,NNW,10.18,0.0,0.0
2026-01-25 01:21:00,11,49,18,25,NNW,10.18,0.0,0.0
2026-01-25 01:36:00,11,49,17,23,NNW,10.18,0.0,0.0
2026-01-25 01:51:00,12,48,17,23,NNW,10.18,0.0,0.0
2026-01-25 02:06:00,12,48,17,24,NW,10.18,0.0,0.0
2026-01-25 02:21:00,12,48,17,25,NNW,10.18,0.0,0.0
2026-01-25 02:36:00,12,48,17,27,NNW,10.18,0.0,0.0
2026-01-25 02:51:00,12,49,17,23,NNW,10.18,0.0,0.0
2026-01-25 03:06:00,12,49,17,23,NNW,10.18,0.0,0.0
2026-01-25 03:21:00,12,49,19,27,NNW,10.18,0.0,0.0
2026-01-25 03:36:00,11,49,17,26,N,10.18,0.0,0.0
2026-01-25 03:51:00,11,50,17,24,N,10.18,0.0,0.0
2026-01-25 04:06:00,11,50,17,24,N,10.18,0.0,0.0
2026-01-25 04:21:00,11,50,17,26,N,10.18,0.0,0.0
2026-01-25 04:36:00,11,51,19,27,N,10.18,0.0,0.0
2026-01-25 04:51:00,11,51,18,28,N,10.18,0.0,0.0
2026-01-25 05:06:00,11,50,18,27,N,10.18,0.0,0.0
2026-01-25 05:21:00,11,49,18,26,N,10.18,0.0,0.0
2026-01-25 05:36:00,11,49,16,24,N,10.18,0.0,0.0
2026-01-25 05:51:00,11,50,17,26,N,10.18,0.0,0.0
2026-01-25 06:06:00,11,50,16,23,N,10.18,0.0,0.0
2026-01-25 06:21:00,12,48,18,24,N,10.18,0.0,0.0
2026-01-25 06:36:00,11,47,18,26,N,10.18,0.0,0.0
2026-01-25 06:51:00,11,48,17,22,NNE,10.18,0.0,0.0
2026-01-25 07:06:00,10,50,18,24,NNE,10.18,0.0,0.0
2026-01-25 07:21:00,10,50,20,24,NNE,10.18,0.0,0.0
2026-01-25 07:36:00,10,50,20,26,NNE,10.18,0.0,0.0
2026-01-25 07:51:00,9,54,14,21,NNE,10.18,0.0,0.0
2026-01-25 08:06:00,10,55,11,20,NNE,10.18,0.0,0.0
2026-01-25 08:21:00,10,51,17,25,NNE,10.18,0.0,6.0
2026-01-25 08:36:00,11,49,21,25,NNE,10.18,0.0,17.0
2026-01-25 08:51:00,11,48,19,25,NNE,10.18,0.0,32.0
2026-01-25 09:06:00,11,47,18,25,NNE,10.18,0.0,59.0
2026-01-25 09:21:00,11,47,15,23,NNE,10.18,0.0,101.0
2026-01-25 09:36:00,11,46,17,22,NNE,10.18,0.0,141.0
2026-01-25 09:51:00,11,47,15,19,NNE,10.18,0.0,180.0
2026-01-25 10:06:00,12,47,14,19,NNE,10.18,0.0,240.0
2026-01-25 10:21:00,12,47,12,18,NNE,10.18,0.0,283.0
2026-01-25 10:36:00,13,47,10,15,NNE,10.18,0.0,332.0
2026-01-25 10:51:00,13,47,12,17,NNE,10.18,0.0,381.0
2026-01-25 11:06:00,14,47,9,17,NE,10.18,0.0,428.0
2026-01-25 11:21:00,15,45,6,16,NE,10.18,0.0,472.0
2026-01-25 11:36:00,16,43,6,17,NE,10.18,0.0,518.0
2026-01-25 11:51:00,16,43,7,18,NE,10.18,0.0,553.0
2026-01-25 12:06:00,16,42,8,16,NE,10.18,0.0,581.0
2026-01-25 12:21:00,17,42,8,17,NE,10.18,0.0,607.0
2026-01-25 12:36:00,17,41,10,17,NNE,10.18,0.0,628.0
2026-01-25 12:51:00,17,40,9,14,NNE,10.18,0.0,644.0
2026-01-25 13:06:00,18,39,8,14,NNE,10.18,0.0,653.0
2026-01-25 13:21:00,19,36,8,12,N,10.18,0.0,655.0
2026-01-25 13:36:00,20,32,6,8,N,10.18,0.0,650.0
2026-01-25 13:51:00,22,30,4,6,NNW,10.18,0.0,643.0
2026-01-25 14:06:00,25,26,3,5,WNW,10.18,0.0,631.0
2026-01-25 14:21:00,27,20,2,4,WNW,10.18,0.0,622.0
2026-01-25 14:36:00,28,19,3,6,WSW,10.18,0.0,610.0
2026-01-25 14:51:00,35,18,0,2,ESE,10.18,0.0,598.0
2026-01-25 15:06:00,30,15,2,4,NNE,10.18,0.0,581.0
2026-01-25 15:21:00,30,17,1,4,NW,10.18,0.0,556.0
2026-01-25 15:36:00,29,17,1,4,NNW,10.18,0.0,523.0
2026-01-25 15:51:00,27,25,3,8,SSW,10.18,0.0,478.0
2026-01-25 16:06:00,26,29,5,9,SSW,10.18,0.0,434.0
2026-01-25 16:21:00,25,32,6,10,SSW,10.18,0.0,395.0
2026-01-25 16:36:00,24,32,6,10,SSW,10.18,0.0,352.0
2026-01-25 16:51:00,23,32,7,10,SSW,10.18,0.0,294.0
2026-01-25 17:06:00,23,32,6,10,SSW,10.18,0.0,248.0
2026-01-25 17:21:00,22,32,7,10,SSW,10.18,0.0,185.0
2026-01-25 17:36:00,21,33,5,9,SSW,10.18,0.0,119.0
2026-01-25 17:51:00,19,35,4,7,SSW,10.18,0.0,28.0
2026-01-25 18:06:00,17,37,3,6,S,10.18,0.0,6.0
2026-01-25 18:21:00,17,38,4,5,SSW,10.18,0.0,0.0
2026-01-25 18:36:00,17,37,4,5,SSW,10.18,0.0,0.0
2026-01-25 18:51:00,17,38,4,6,SSW,10.18,0.0,0.0
2026-01-25 19:06:00,17,37,5,7,SSW,10.18,0.0,0.0
2026-01-25 19:21:00,17,35,5,6,SSW,10.18,0.0,0.0
2026-01-25 19:36:00,18,31,5,6,SSW,10.18,0.0,0.0
2026-01-25 19:51:00,18,28,4,5,SSW,10.18,0.0,0.0
2026-01-25 20:06:00,18,27,0,2,SW,10.18,0.0,0.0
2026-01-25 20:21:00,18,29,1,2,W,10.18,0.0,0.0
2026-01-25 20:36:00,18,29,2,3,WSW,10.18,0.0,0.0
2026-01-25 20:51:00,18,29,3,5,WSW,10.18,0.0,0.0
2026-01-25 21:06:00,19,33,5,8,WSW,10.18,0.0,0.0
2026-01-25 21:21:00,19,38,5,7,WSW,10.18,0.0,0.0
2026-01-25 21:36:00,19,40,6,8,SW,10.18,0.0,0.0
2026-01-25 21:51:00,18,38,7,9,SW,10.18,0.0,0.0
2026-01-25 22:06:00,18,40,7,10,SW,10.18,0.0,0.0
2026-01-25 22:21:00,18,42,7,10,SW,10.18,0.0,0.0
2026-01-25 22:36:00,18,45,6,10,SW,10.18,0.0,0.0
2026-01-25 22:51:00,18,47,7,9,SW,10.18,0.0,0.0
2026-01-25 23:06:00,18,47,7,11,SW,10.18,0.0,0.0
2026-01-25 23:21:00,18,44,7,11,SW,10.18,0.0,0.0
2026-01-25 23:36:00,18,44,8,11,SW,10.18,0.0,0.0
2026-01-25 23:51:00,17,46,7,10,SW,10.18,0.0,0.0
2026-01-26 00:06:00,18,46,8,11,SSW,10.18,0.0,0.0
2026-01-26 00:21:00,18,42,8,12,SW,10.18,0.0,0.0
2026-01-26 00:36:00,18,43,7,11,SSW,10.18,0.0,0.0
2026-01-26 00:51:00,18,46,8,11,SSW,10.18,0.0,0.0
2026-01-26 01:06:00,18,45,9,12,SSW,10.18,0.0,0.0
2026-01-26 01:21:00,18,44,9,12,SSW,10.18,0.0,0.0
2026-01-26 01:36:00,18,41,9,13,SSW,10.18,0.0,0.0
2026-01-26 01:51:00,18,32,9,12,SSW,10.18,0.0,0.0
2026-01-26 02:06:00,19,27,9,12,SSW,10.18,0.0,0.0
2026-01-26 02:21:00,19,27,9,13,SSW,10.18,0.0,0.0
2026-01-26 02:36:00,19,27,9,13,SSW,10.18,0.0,0.0
2026-01-26 02:51:00,19,29,8,12,SSW,10.18,0.0,0.0
2026-01-26 03:06:00,19,29,10,14,SW,10.18,0.0,0.0
2026-01-26 03:21:00,20,29,10,14,SW,10.18,0.0,0.0
2026-01-26 03:36:00,19,29,9,15,SW,10.18,0.0,0.0
2026-01-26 03:51:00,19,29,8,12,SSW,10.18,0.0,0.0
2026-01-26 04:06:00,20,31,10,15,SW,10.18,0.0,0.0
2026-01-26 04:21:00,21,32,10,20,SW,10.18,0.0,0.0
2026-01-26 04:36:00,21,32,9,16,SW,10.18,0.0,0.0
2026-01-26 04:51:00,21,32,9,15,SW,10.18,0.0,0.0
2026-01-26 05:06:00,21,32,8,13,SW,10.18,0.0,0.0
2026-01-26 05:21:00,21,32,8,13,SW,10.18,0.0,0.0
2026-01-26 05:36:00,21,31,8,12,SW,10.18,0.0,0.0
2026-01-26 05:51:00,21,32,8,11,SW,10.18,0.0,0.0
2026-01-26 06:06:00,21,32,8,13,SW,10.18,0.0,0.0
2026-01-26 06:21:00,21,32,8,13,SW,10.18,0.0,0.0
2026-01-26 06:36:00,21,32,8,12,SW,10.18,0.0,0.0
2026-01-26 06:51:00,21,34,9,12,WSW,10.18,0.0,0.0
2026-01-26 07:06:00,20,34,8,11,SW,10.18,0.0,0.0
2026-01-26 07:21:00,20,34,8,11,SW,10.18,0.0,0.0
2026-01-26 07:36:00,20,33,8,12,SW,10.18,0.0,0.0
2026-01-26 07:51:00,20,31,8,10,SW,10.18,0.0,0.0
2026-01-26 08:06:00,20,32,8,11,SSW,10.18,0.0,1.0
2026-01-26 08:21:00,19,32,8,10,SSW,10.18,0.0,12.0
2026-01-26 08:36:00,20,33,8,11,SSW,10.18,0.0,38.0
2026-01-26 08:51:00,20,32,8,10,SSW,10.18,0.0,63.0
2026-01-26 09:06:00,21,32,9,11,SSW,10.18,0.0,103.0
2026-01-26 09:21:00,22,32,9,12,SSW,10.18,0.0,130.0
2026-01-26 09:36:00,22,32,8,11,SSW,10.18,0.0,145.0
2026-01-26 09:51:00,23,32,9,14,SW,10.18,0.0,188.0
2026-01-26 10:06:00,23,32,9,15,SW,10.18,0.0,252.0
2026-01-26 10:21:00,24,32,7,12,SW,10.18,0.0,281.0
2026-01-26 10:36:00,25,31,6,11,SW,10.18,0.0,334.0
2026-01-26 10:51:00,26,30,7,13,SW,10.18,0.0,383.0
2026-01-26 11:06:00,26,29,8,12,SW,10.18,0.0,433.0
2026-01-26 11:21:00,27,29,8,14,SW,10.18,0.0,482.0
2026-01-26 11:36:00,28,28,7,11,SW,10.18,0.0,573.0
2026-01-26 11:51:00,27,28,6,10,SW,10.18,0.0,562.0
2026-01-26 12:06:00,28,29,6,10,SW,10.18,0.0,744.0
2026-01-26 12:21:00,29,28,5,10,WSW,10.18,0.0,830.0
2026-01-26 12:36:00,29,27,6,13,WSW,10.18,0.0,790.0
2026-01-26 12:51:00,27,28,8,14,WSW,10.18,0.0,665.0
2026-01-26 13:06:00,28,30,6,12,SW,10.18,0.0,861.0
2026-01-26 13:21:00,29,28,5,10,WSW,10.18,0.0,787.0
2026-01-26 13:36:00,29,28,6,11,WSW,10.18,0.0,810.0
2026-01-26 13:51:00,26,29,8,14,WSW,10.18,0.0,711.0
2026-01-26 14:06:00,26,32,9,17,SW,10.18,0.0,721.0
2026-01-26 14:21:00,26,31,10,15,SW,10.18,0.0,782.0
2026-01-26 14:36:00,25,31,9,13,WSW,10.18,0.0,658.0
2026-01-26 14:51:00,25,29,10,15,WSW,10.18,0.0,479.0
2026-01-26 15:06:00,26,28,9,14,WSW,10.18,0.0,453.0
2026-01-26 15:21:00,26,25,7,14,WSW,10.18,0.0,436.0
2026-01-26 15:36:00,27,25,8,13,WSW,10.18,0.0,563.0
2026-01-26 15:51:00,27,26,6,11,WSW,10.18,0.0,444.0
2026-01-26 16:06:00,27,25,6,12,SW,10.18,0.0,469.0
2026-01-26 16:21:00,27,26,7,12,SW,10.18,0.0,348.0
2026-01-26 16:36:00,25,29,8,12,WSW,10.18,0.0,195.0
2026-01-26 16:51:00,25,28,8,14,WSW,10.18,0.0,178.0
2026-01-26 17:06:00,25,26,8,13,WSW,10.18,0.0,127.0
2026-01-26 17:21:00,24,29,7,11,WSW,10.18,0.0,111.0
2026-01-26 17:36:00,23,29,8,14,WSW,10.18,0.0,63.0
2026-01-26 17:51:00,23,29,10,14,WSW,10.18,0.0,36.0
2026-01-26 18:06:00,23,28,11,16,WSW,10.18,0.0,8.0
2026-01-26 18:21:00,23,27,10,16,WSW,10.18,0.0,1.0
2026-01-26 18:36:00,23,28,9,13,WSW,10.18,0.0,0.0
2026-01-26 18:51:00,24,28,10,15,WSW,10.18,0.0,0.0
2026-01-26 19:06:00,24,26,11,16,WSW,10.18,0.0,0.0
2026-01-26 19:21:00,25,25,10,17,WSW,10.18,0.0,0.0
2026-01-26 19:36:00,24,25,10,19,SW,10.18,0.0,0.0
2026-01-26 19:51:00,24,25,9,14,SW,10.18,0.0,0.0
2026-01-26 20:06:00,24,26,8,12,WSW,10.18,0.0,0.0
2026-01-26 20:21:00,23,27,9,14,WSW,10.18,0.0,0.0
2026-01-26 20:36:00,23,27,9,13,SW,10.18,0.0,0.0
2026-01-26 20:51:00,23,27,10,14,WSW,10.18,0.0,0.0
2026-01-26 21:06:00,23,26,9,14,WSW,10.18,0.0,0.0
2026-01-26 21:21:00,23,27,10,16,WSW,10.18,0.0,0.0
2026-01-26 21:36:00,24,26,10,14,WSW,10.18,0.0,0.0
2026-01-26 21:51:00,24,26,9,13,SW,10.18,0.0,0.0
2026-01-26 22:06:00,23,27,9,13,SW,10.18,0.0,0.0
2026-01-26 22:21:00,24,27,9,14,WSW,10.18,0.0,0.0
2026-01-26 22:36:00,23,27,8,13,SW,10.18,0.0,0.0
2026-01-26 22:51:00,23,27,8,14,WSW,10.18,0.0,0.0
2026-01-26 23:06:00,23,27,10,15,WSW,10.18,0.0,0.0
2026-01-26 23:21:00,23,27,9,15,WSW,10.18,0.0,0.0
2026-01-26 23:36:00,23,28,9,13,WSW,10.18,0.0,0.0
2026-01-26 23:51:00,23,28,9,13,WSW,10.18,0.0,0.0
2026-01-27 00:06:00,22,28,8,12,WSW,10.18,0.0,0.0
2026-01-27 00:21:00,23,29,8,12,SW,10.18,0.0,0.0
2026-01-27 00:36:00,22,29,7,11,WSW,10.18,0.0,0.0
2026-01-27 00:51:00,23,29,8,13,WSW,10.18,0.0,0.0
2026-01-27 01:06:00,23,29,8,11,WSW,10.18,0.0,0.0
2026-01-27 01:21:00,23,29,7,9,WSW,10.18,0.0,0.0
2026-01-27 01:36:00,23,28,7,10,WSW,10.18,0.0,0.0
2026-01-27 01:51:00,23,27,7,10,WSW,10.18,0.0,0.0
2026-01-27 02:06:00,23,26,6,9,W,10.18,0.0,0.0
2026-01-27 02:21:00,24,24,4,6,WNW,10.18,0.0,0.0
2026-01-27 02:36:00,23,25,5,7,WSW,10.18,0.0,0.0
2026-01-27 02:51:00,23,25,3,5,W,10.18,0.0,0.0
2026-01-27 03:06:00,24,24,3,4,W,10.18,0.0,0.0
2026-01-27 03:21:00,24,25,5,8,WSW,10.18,0.0,0.0
2026-01-27 03:36:00,23,28,4,7,WSW,10.18,0.0,0.0
2026-01-27 03:51:00,23,27,4,6,WSW,10.18,0.0,0.0
2026-01-27 04:06:00,23,26,5,7,WSW,10.18,0.0,0.0
2026-01-27 04:21:00,23,25,4,6,WSW,10.18,0.0,0.0
2026-01-27 04:36:00,24,24,4,6,W,10.18,0.0,0.0
2026-01-27 04:51:00,23,24,3,5,WSW,10.18,0.0,0.0
2026-01-27 05:06:00,24,24,3,5,W,10.18,0.0,0.0
2026-01-27 05:21:00,24,24,3,3,WSW,10.18,0.0,0.0
2026-01-27 05:36:00,24,25,3,5,WNW,10.18,0.0,0.0
2026-01-27 05:51:00,24,26,2,3,WNW,10.18,0.0,0.0
2026-01-27 06:06:00,24,26,2,3,WNW,10.18,0.0,0.0
2026-01-27 06:21:00,24,27,3,5,W,10.18,0.0,0.0
2026-01-27 06:36:00,25,27,3,5,WNW,10.18,0.0,0.0
2026-01-27 06:51:00,25,28,4,6,NNW,10.18,0.0,0.0
2026-01-27 07:06:00,25,28,4,5,NNW,10.18,0.0,0.0
2026-01-27 07:21:00,25,30,5,6,N,10.18,0.0,0.0
2026-01-27 07:36:00,25,32,4,5,NNW,10.18,0.0,0.0
2026-01-27 07:51:00,25,33,3,4,N,10.18,0.0,0.0
2026-01-27 08:06:00,25,34,4,5,N,10.18,0.0,2.0
2026-01-27 08:21:00,25,38,3,4,N,10.18,0.0,11.0
2026-01-27 08:36:00,26,47,4,4,N,10.18,0.0,25.0
2026-01-27 08:51:00,27,45,2,4,NE,10.18,0.0,43.0
2026-01-27 09:06:00,28,42,0,1,E,10.18,0.0,72.0
2026-01-27 09:21:00,29,39,0,1,NNE,10.18,0.0,108.0
2026-01-27 09:36:00,31,35,0,1,NNE,10.18,0.0,135.0
2026-01-27 09:51:00,33,30,0,1,W,10.18,0.0,194.0
2026-01-27 10:06:00,33,23,1,4,SE,10.18,0.0,272.0
2026-01-27 10:21:00,30,21,4,7,SE,10.18,0.0,330.0
2026-01-27 10:36:00,29,23,6,8,SE,10.18,0.0,384.0
2026-01-27 10:51:00,29,23,7,10,SE,10.18,0.0,472.0
2026-01-27 11:06:00,30,25,6,9,SE,10.18,0.0,501.0
2026-01-27 11:21:00,29,27,8,11,SE,10.18,0.0,506.0
2026-01-27 11:36:00,30,29,8,11,SSE,10.18,0.0,543.0
2026-01-27 11:51:00,31,30,6,10,SSE,10.18,0.0,554.0
2026-01-27 12:06:00,31,28,6,11,S,10.18,0.0,647.0
2026-01-27 12:21:00,32,27,7,11,S,10.18,0.0,724.0
2026-01-27 12:36:00,32,27,7,12,S,10.18,0.0,795.0
2026-01-27 12:51:00,32,26,6,12,S,10.18,0.0,772.0
2026-01-27 13:06:00,32,26,8,13,S,10.18,0.0,861.0
2026-01-27 13:21:00,32,26,8,14,S,10.18,0.0,803.0
2026-01-27 13:36:00,32,26,9,15,S,10.18,0.0,816.0
2026-01-27 13:51:00,32,23,10,18,S,10.18,0.0,755.0
2026-01-27 14:06:00,31,22,11,18,S,10.18,0.0,706.0
2026-01-27 14:21:00,30,22,12,19,S,10.18,0.0,627.0
2026-01-27 14:36:00,31,22,11,16,SSW,10.18,0.0,649.0
2026-01-27 14:51:00,31,21,12,18,S,10.18,0.0,695.0
2026-01-27 15:06:00,30,23,10,15,S,10.18,0.0,558.0
2026-01-27 15:21:00,32,23,11,17,S,10.18,0.0,771.0
2026-01-27 15:36:00,32,24,10,18,S,10.18,0.0,558.0
2026-01-27 15:51:00,32,23,10,17,S,10.18,0.0,534.0
2026-01-27 16:06:00,32,23,10,16,S,10.18,0.0,517.0
2026-01-27 16:21:00,32,23,9,16,S,10.18,0.0,444.0
2026-01-27 16:36:00,31,24,8,14,S,10.18,0.0,309.0
2026-01-27 16:51:00,28,26,9,15,S,10.18,0.0,89.0
2026-01-27 17:06:00,27,27,9,14,S,10.18,0.0,90.0
2026-01-27 17:21:00,27,28,11,16,S,10.18,0.0,109.0
2026-01-27 17:36:00,27,28,10,13,S,10.18,0.0,57.0
2026-01-27 17:51:00,27,29,10,15,S,10.18,0.0,28.0
2026-01-27 18:06:00,27,28,11,15,S,10.18,0.0,6.0
2026-01-27 18:21:00,27,28,11,15,S,10.18,0.0,0.0
2026-01-27 18:36:00,27,28,11,14,S,10.18,0.0,0.0
2026-01-27 18:51:00,27,28,12,17,S,10.18,0.0,0.0
2026-01-27 19:06:00,27,27,11,16,S,10.18,0.0,0.0
2026-01-27 19:21:00,27,25,12,16,S,10.18,0.0,0.0
2026-01-27 19:36:00,28,24,14,19,S,10.18,0.0,0.0
2026-01-27 19:51:00,28,24,14,20,S,10.18,0.0,0.0
2026-01-27 20:06:00,28,24,14,19,S,10.18,0.0,0.0
2026-01-27 20:21:00,28,23,13,20,S,10.18,0.0,0.0
2026-01-27 20:36:00,28,24,14,20,S,10.18,0.0,0.0
2026-01-27 20:51:00,28,24,15,22,S,10.18,0.0,0.0
2026-01-27 21:06:00,28,24,15,21,S,10.18,0.0,0.0
2026-01-27 21:21:00,28,24,14,21,S,10.18,0.0,0.0
2026-01-27 21:36:00,28,24,15,24,S,10.18,0.0,0.0
2026-01-27 21:51:00,28,24,15,22,S,10.18,0.0,0.0
2026-01-27 22:06:00,28,24,15,22,S,10.18,0.0,0.0
2026-01-27 22:21:00,28,24,15,23,S,10.18,0.0,0.0
2026-01-27 22:36:00,28,25,15,22,S,10.18,0.0,0.0
2026-01-27 22:51:00,28,25,14,21,S,10.18,0.0,0.0
2026-01-27 23:06:00,28,26,13,21,S,10.18,0.0,0.0
2026-01-27 23:21:00,28,26,15,22,S,10.18,0.0,0.0
2026-01-27 23:36:00,28,26,15,22,S,10.18,0.0,0.0
2026-01-27 23:51:00,28,26,15,23,S,10.18,0.0,0.0
2026-01-28 00:06:00,28,26,15,24,S,10.18,0.0,0.0
2026-01-28 00:21:00,28,26,14,21,S,10.18,0.0,0.0
2026-01-28 00:36:00,28,25,13,19,S,10.18,0.0,0.0
2026-01-28 00:51:00,28,25,13,20,S,10.18,0.0,0.0
2026-01-28 01:06:00,28,25,14,21,S,10.18,0.0,0.0
2026-01-28 01:21:00,28,24,14,20,S,10.18,0.0,0.0
2026-01-28 01:36:00,29,25,13,18,S,10.18,0.0,0.0
2026-01-28 01:51:00,28,24,12,18,S,10.18,0.0,0.0
2026-01-28 02:06:00,28,25,12,20,SSW,10.18,0.0,0.0
2026-01-28 02:21:00,28,25,13,19,SSW,10.18,0.0,0.0
2026-01-28 02:36:00,28,25,13,18,SSW,10.18,0.0,0.0
2026-01-28 02:51:00,28,26,12,21,SW,10.18,0.0,0.0
2026-01-28 03:06:00,28,26,12,21,SW,10.18,0.0,0.0
2026-01-28 03:21:00,27,28,11,21,SW,10.18,0.0,0.0
2026-01-28 03:36:00,27,29,13,22,SW,10.18,0.0,0.0
2026-01-28 03:51:00,26,29,14,22,SW,10.18,0.0,0.0
2026-01-28 04:06:00,25,31,13,23,SW,10.18,0.0,0.0
2026-01-28 04:21:00,25,33,12,20,SW,10.18,0.0,0.0
2026-01-28 04:36:00,24,35,10,18,WSW,10.18,0.0,0.0
2026-01-28 04:51:00,24,38,10,18,WSW,10.18,0.0,0.0
2026-01-28 05:06:00,22,53,13,20,WSW,10.18,0.0,0.0
2026-01-28 05:21:00,20,64,11,16,WSW,10.18,0.0,0.0
2026-01-28 05:36:00,19,79,8,15,WSW,10.18,0.0,0.0
2026-01-28 05:51:00,19,86,6,11,SW,10.18,0.0,0.0
2026-01-28 06:06:00,19,90,9,13,SW,10.18,0.0,0.0
2026-01-28 06:21:00,19,90,10,15,SSW,10.18,0.0,0.0
2026-01-28 06:36:00,20,90,11,15,SSW,10.18,0.0,0.0
2026-01-28 06:51:00,20,90,10,15,SW,10.18,0.0,0.0
2026-01-28 07:06:00,21,91,8,14,WSW,10.18,0.0,0.0
2026-01-28 07:21:00,21,90,7,13,W,10.18,0.0,0.0
2026-01-28 07:36:00,22,90,8,15,W,10.18,0.0,0.0
2026-01-28 07:51:00,22,90,7,13,WNW,10.18,0.0,0.0
2026-01-28 08:06:00,22,90,7,14,WNW,10.18,0.0,0.0
2026-01-28 08:21:00,22,90,8,14,WNW,10.18,0.0,2.0
2026-01-28 08:36:00,22,90,6,12,WNW,10.18,0.0,6.0
2026-01-28 08:51:00,22,91,8,14,WNW,10.18,0.0,19.0
2026-01-28 09:06:00,22,90,8,15,WNW,10.18,0.0,38.0
2026-01-28 09:21:00,22,90,8,16,WNW,10.18,0.0,59.0
2026-01-28 09:36:00,22,90,7,14,W,10.18,0.0,64.0
2026-01-28 09:51:00,22,90,8,17,WNW,10.18,0.0,83.0
2026-01-28 10:06:00,22,90,7,14,W,10.18,0.0,138.0
2026-01-28 10:21:00,23,90,7,12,W,10.18,0.0,149.0
2026-01-28 10:36:00,23,90,8,14,W,10.18,0.0,175.0
2026-01-28 10:51:00,23,90,7,12,W,10.18,0.0,208.0
2026-01-28 11:06:00,23,90,7,13,W,10.18,0.0,216.0
2026-01-28 11:21:00,23,90,6,12,W,10.18,0.0,217.0
2026-01-28 11:36:00,23,90,7,12,WNW,10.18,0.0,210.0
2026-01-28 11:51:00,23,90,6,13,WNW,10.18,0.0,290.0
2026-01-28 12:06:00,23,90,5,12,WNW,10.18,0.0,266.0
2026-01-28 12:21:00,23,90,6,11,W,10.18,0.0,309.0
2026-01-28 12:36:00,23,90,5,9,W,10.18,0.0,273.0
2026-01-28 12:51:00,23,90,6,12,WNW,10.18,0.0,294.0
2026-01-28 13:06:00,23,90,6,13,NW,10.18,0.0,288.0
2026-01-28 13:21:00,23,90,5,10,NW,10.18,0.0,328.0
2026-01-28 13:36:00,23,89,6,11,NW,10.18,0.0,315.0
2026-01-28 13:51:00,23,89,4,9,NNW,10.18,0.0,310.0
2026-01-28 14:06:00,23,89,5,11,NNW,10.18,0.0,444.0
2026-01-28 14:21:00,23,88,8,14,NNW,10.18,0.0,494.0
2026-01-28 14:36:00,23,89,9,16,NNW,10.18,0.0,349.0
2026-01-28 14:51:00,23,89,9,14,NNW,10.18,0.0,499.0
2026-01-28 15:06:00,24,89,8,13,NNW,10.18,0.0,499.0
2026-01-28 15:21:00,24,87,9,15,N,10.18,0.0,599.0
2026-01-28 15:36:00,24,87,7,14,N,10.18,0.0,384.0
2026-01-28 15:51:00,25,88,4,9,NNW,10.18,0.0,478.0
2026-01-28 16:06:00,24,86,6,11,NW,10.18,0.0,332.0
2026-01-28 16:21:00,24,87,6,11,NNW,10.18,0.0,321.0
2026-01-28 16:36:00,24,86,7,12,NNW,10.18,0.0,306.0
2026-01-28 16:51:00,25,87,6,16,NW,10.18,0.0,310.0
2026-01-28 17:06:00,24,85,5,12,NW,10.18,0.0,217.0
2026-01-28 17:21:00,22,87,5,9,WNW,10.18,0.0,76.0
2026-01-28 17:36:00,22,89,5,9,NW,10.18,0.0,88.0
2026-01-28 17:51:00,21,89,7,11,NW,10.18,0.0,33.0
2026-01-28 18:06:00,20,89,7,13,NW,10.18,0.0,12.0
2026-01-28 18:21:00,20,90,7,12,NNW,10.18,0.0,1.0
2026-01-28 18:36:00,20,91,8,11,NNE,10.18,0.0,0.0
2026-01-28 18:51:00,20,91,10,14,NNE,10.18,0.0,0.0
2026-01-28 19:06:00,20,91,11,14,N,10.18,0.0,0.0
2026-01-28 19:21:00,20,90,11,13,NNE,10.18,0.0,0.0
2026-01-28 19:36:00,20,90,11,13,NNE,10.18,0.0,0.0
2026-01-28 19:51:00,20,90,12,15,NNE,10.18,0.0,0.0
2026-01-28 20:06:00,20,90,12,16,NNE,10.18,0.0,0.0
2026-01-28 20:21:00,20,90,11,15,NNE,10.18,0.0,0.0
2026-01-28 20:36:00,20,90,12,16,NNE,10.18,0.0,0.0
2026-01-28 20:51:00,20,90,12,15,NNE,10.18,0.0,0.0
2026-01-28 21:06:00,20,90,13,16,NNE,10.18,0.0,0.0
2026-01-28 21:21:00,20,89,11,15,NNE,10.18,0.0,0.0
2026-01-28 21:36:00,20,89,11,14,NNE,10.18,0.0,0.0
2026-01-28 21:51:00,20,89,10,13,NNE,10.18,0.0,0.0
2026-01-28 22:06:00,20,89,10,12,NNE,10.18,0.0,0.0
2026-01-28 22:21:00,20,89,9,11,NNE,10.18,0.0,0.0
2026-01-28 22:36:00,20,88,9,12,NNE,10.18,0.0,0.0
2026-01-28 22:51:00,20,87,9,11,NNE,10.18,0.0,0.0
2026-01-28 23:06:00,20,86,8,11,NNE,10.18,0.0,0.0
2026-01-28 23:21:00,20,85,8,10,NNE,10.18,0.0,0.0
2026-01-28 23:36:00,20,85,6,9,N,10.18,0.0,0.0
2026-01-28 23:51:00,20,84,5,7,N,10.18,0.0,0.0
2026-01-29 00:06:00,21,84,8,13,NNW,10.18,0.0,0.0
2026-01-29 00:21:00,21,83,9,12,NNW,10.18,0.0,0.0
2026-01-29 00:36:00,21,86,8,11,NW,10.18,0.0,0.0
2026-01-29 00:51:00,21,87,8,12,NW,10.18,0.0,0.0
2026-01-29 01:06:00,21,88,8,12,NW,10.18,0.0,0.0
2026-01-29 01:21:00,22,89,8,12,WNW,10.18,0.0,0.0
2026-01-29 01:36:00,21,89,7,11,WNW,10.18,0.0,0.0
2026-01-29 01:51:00,22,89,7,11,WNW,10.18,0.0,0.0
2026-01-29 02:06:00,22,90,7,12,WNW,10.18,0.0,0.0
2026-01-29 02:21:00,22,90,7,11,WNW,10.18,0.0,0.0
2026-01-29 02:36:00,21,90,7,10,WNW,10.18,0.0,0.0
2026-01-29 02:51:00,21,90,7,11,W,10.18,0.0,0.0
2026-01-29 03:06:00,22,90,7,12,W,10.18,0.0,0.0
2026-01-29 03:21:00,22,90,7,11,W,10.18,0.0,0.0
2026-01-29 03:36:00,22,90,5,8,W,10.18,0.0,0.0
2026-01-29 03:51:00,21,90,5,8,W,10.18,0.0,0.0
2026-01-29 04:06:00,21,90,6,9,WSW,10.18,0.0,0.0
2026-01-29 04:21:00,21,90,5,7,WSW,10.18,0.0,0.0
2026-01-29 04:36:00,21,90,5,8,WSW,10.18,0.0,0.0
2026-01-29 04:51:00,21,89,4,6,WSW,10.18,0.0,0.0
2026-01-29 05:06:00,21,89,4,6,WSW,10.18,0.0,0.0
2026-01-29 05:21:00,21,90,4,6,W,10.18,0.0,0.0
2026-01-29 05:36:00,21,91,3,4,W,10.18,0.0,0.0
2026-01-29 05:51:00,21,91,4,5,WNW,10.18,0.0,0.0
2026-01-29 06:06:00,21,91,4,5,W,10.18,0.0,0.0
2026-01-29 06:21:00,21,91,3,5,W,10.18,0.0,0.0
2026-01-29 06:36:00,22,91,3,4,W,10.18,0.0,0.0
2026-01-29 06:51:00,22,91,3,5,W,10.18,0.0,0.0
2026-01-29 07:06:00,22,90,4,5,WSW,10.18,0.0,0.0
2026-01-29 07:21:00,22,90,3,4,W,10.18,0.0,0.0
2026-01-29 07:36:00,22,90,3,6,W,10.18,0.0,0.0
2026-01-29 07:51:00,22,89,4,6,W,10.18,0.0,0.0
2026-01-29 08:06:00,22,89,5,7,WSW,10.18,0.0,0.0
2026-01-29 08:21:00,22,89,6,8,WSW,10.18,0.0,4.0
2026-01-29 08:36:00,22,90,4,6,W,10.18,0.0,14.0
2026-01-29 08:51:00,22,89,4,6,W,10.18,0.0,43.0
2026-01-29 09:06:00,22,88,4,6,WSW,10.18,0.0,93.0
2026-01-29 09:21:00,24,87,4,6,WSW,10.18,0.0,207.0
2026-01-29 09:36:00,24,84,4,6,WSW,10.18,0.0,185.0
2026-01-29 09:51:00,23,84,4,6,SW,10.18,0.0,112.0
2026-01-29 10:06:00,24,84,3,6,SW,10.18,0.0,220.0
2026-01-29 10:21:00,26,81,3,6,WSW,10.18,0.0,373.0
2026-01-29 10:36:00,27,79,2,5,WSW,10.18,0.0,366.0
2026-01-29 10:51:00,25,80,4,8,SW,10.18,0.0,157.0
2026-01-29 11:06:00,25,82,5,9,SW,10.18,0.0,217.0
2026-01-29 11:21:00,25,81,6,10,SW,10.18,0.0,382.0
2026-01-29 11:36:00,25,79,7,10,SW,10.18,0.0,397.0
2026-01-29 11:51:00,26,78,7,13,SW,10.18,0.0,469.0
2026-01-29 12:06:00,28,76,5,9,SW,10.18,0.0,711.0
2026-01-29 12:21:00,29,71,6,12,WSW,10.18,0.0,956.0
2026-01-29 12:36:00,28,71,5,11,WSW,10.18,0.0,940.0
2026-01-29 12:51:00,27,73,8,14,WSW,10.18,0.0,844.0
2026-01-29 13:06:00,27,75,7,12,WSW,10.19,0.01,842.0
2026-01-29 13:21:00,28,74,6,12,WSW,10.19,0.01,972.0
2026-01-29 13:36:00,28,73,5,11,WSW,10.19,0.01,772.0
2026-01-29 13:51:00,27,74,5,10,WSW,10.2,0.02,506.0
2026-01-29 14:06:00,26,77,6,10,WSW,10.2,0.02,431.0
2026-01-29 14:21:00,26,78,6,11,WSW,10.2,0.02,447.0
2026-01-29 14:36:00,27,77,5,9,WSW,10.2,0.02,611.0
2026-01-29 14:51:00,27,76,3,6,WSW,10.2,0.02,501.0
2026-01-29 15:06:00,27,73,4,7,WSW,10.2,0.02,524.0
2026-01-29 15:21:00,28,73,4,7,WSW,10.2,0.02,510.0
2026-01-29 15:36:00,27,72,4,6,WSW,10.2,0.02,409.0
2026-01-29 15:51:00,28,73,3,6,WSW,10.2,0.02,470.0
2026-01-29 16:06:00,28,71,2,5,W,10.2,0.02,377.0
2026-01-29 16:21:00,27,73,2,5,W,10.2,0.02,240.0
2026-01-29 16:36:00,27,73,1,3,W,10.2,0.02,251.0
2026-01-29 16:51:00,27,74,2,4,WSW,10.2,0.02,208.0
2026-01-29 17:06:00,26,75,1,3,W,10.2,0.02,151.0
2026-01-29 17:21:00,26,78,1,2,SW,10.2,0.02,122.0
2026-01-29 17:36:00,25,82,3,4,SSW,10.2,0.02,75.0
2026-01-29 17:51:00,24,85,2,3,SSW,10.2,0.02,32.0
2026-01-29 18:06:00,24,85,2,3,S,10.2,0.02,7.0
2026-01-29 18:21:00,25,79,3,5,SW,10.2,0.02,1.0
2026-01-29 18:36:00,25,76,4,7,SW,10.2,0.02,0.0
2026-01-29 18:51:00,25,76,3,5,SW,10.2,0.02,0.0
2026-01-29 19:06:00,24,81,3,4,S,10.2,0.02,0.0
2026-01-29 19:21:00,24,81,3,4,S,10.2,0.02,0.0
2026-01-29 19:36:00,24,84,5,7,SSE,10.2,0.02,0.0
2026-01-29 19:51:00,24,85,4,7,SSE,10.2,0.02,0.0
2026-01-29 20:06:00,24,83,6,9,SSE,10.2,0.02,0.0
2026-01-29 20:21:00,25,79,5,9,S,10.2,0.02,0.0
2026-01-29 20:36:00,25,76,5,7,S,10.2,0.02,0.0
2026-01-29 20:51:00,25,76,4,6,SSW,10.2,0.02,0.0
2026-01-29 21:06:00,25,76,5,7,SSW,10.2,0.02,0.0
2026-01-29 21:21:00,25,77,5,7,SSW,10.2,0.02,0.0
2026-01-29 21:36:00,24,77,5,8,SSW,10.2,0.02,0.0
2026-01-29 21:51:00,24,79,5,9,SSW,10.2,0.02,0.0
2026-01-29 22:06:00,24,79,6,9,SSW,10.2,0.02,0.0
2026-01-29 22:21:00,24,81,6,8,SSW,10.2,0.02,0.0
2026-01-29 22:36:00,24,82,7,9,SSW,10.2,0.02,0.0
2026-01-29 22:51:00,24,82,7,10,SSW,10.2,0.02,0.0
2026-01-29 23:06:00,25,81,7,10,SW,10.2,0.02,0.0
2026-01-29 23:21:00,25,79,6,8,SW,10.2,0.02,0.0
2026-01-29 23:36:00,25,78,6,8,SW,10.2,0.02,0.0
2026-01-29 23:51:00,24,79,5,8,SSW,10.2,0.02,0.0
2026-01-30 00:06:00,24,80,7,9,SSW,10.2,0.02,0.0
2026-01-30 00:21:00,24,80,7,11,SSW,10.2,0.02,0.0
2026-01-30 00:36:00,26,78,7,11,WSW,10.2,0.02,0.0
2026-01-30 00:51:00,26,76,5,9,WSW,10.2,0.02,0.0
2026-01-30 01:06:00,26,75,6,8,WSW,10.2,0.02,0.0
2026-01-30 01:21:00,26,75,7,10,WSW,10.2,0.02,0.0
2026-01-30 01:36:00,26,76,6,10,WSW,10.2,0.02,0.0
2026-01-30 01:51:00,26,75,7,10,WSW,10.2,0.02,0.0
2026-01-30 02:06:00,26,75,6,9,WSW,10.2,0.02,0.0
2026-01-30 02:21:00,26,76,6,9,WSW,10.2,0.02,0.0
2026-01-30 02:36:00,26,77,6,9,WSW,10.2,0.02,0.0
2026-01-30 02:51:00,26,79,5,8,SW,10.2,0.02,0.0
2026-01-30 03:06:00,25,80,5,8,SW,10.2,0.02,0.0
2026-01-30 03:21:00,26,80,5,8,SW,10.2,0.02,0.0
2026-01-30 03:36:00,26,80,5,8,SW,10.2,0.02,0.0
2026-01-30 03:51:00,26,79,6,9,SW,10.2,0.02,0.0
2026-01-30 04:06:00,26,79,6,11,SW,10.2,0.02,0.0
2026-01-30 04:21:00,26,80,7,10,SW,10.2,0.02,0.0
2026-01-30 04:36:00,27,78,7,12,SW,10.2,0.02,0.0
2026-01-30 04:51:00,27,77,7,11,SW,10.2,0.02,0.0
2026-01-30 05:06:00,27,77,6,9,SW,10.2,0.02,0.0
2026-01-30 05:21:00,27,78,4,7,SW,10.2,0.02,0.0
2026-01-30 05:36:00,27,78,3,5,SW,10.2,0.02,0.0
2026-01-30 05:51:00,27,79,4,7,SW,10.2,0.02,0.0
2026-01-30 06:06:00,27,78,6,12,WSW,10.2,0.02,0.0
2026-01-30 06:21:00,26,83,5,11,WSW,10.2,0.02,0.0
2026-01-30 06:36:00,26,83,4,9,WSW,10.2,0.02,0.0
2026-01-30 06:51:00,27,80,6,10,WSW,10.2,0.02,0.0
2026-01-30 07:06:00,27,76,6,10,WSW,10.2,0.02,0.0
2026-01-30 07:21:00,28,75,5,8,WSW,10.2,0.02,0.0
2026-01-30 07:36:00,28,73,6,8,WSW,10.2,0.02,0.0
2026-01-30 07:51:00,29,70,4,7,W,10.2,0.02,0.0
2026-01-30 08:06:00,29,69,6,9,WSW,10.2,0.02,1.0
2026-01-30 08:21:00,29,69,5,11,WSW,10.2,0.02,8.0
2026-01-30 08:36:00,29,69,3,6,WSW,10.2,0.02,24.0
2026-01-30 08:51:00,29,68,5,12,WSW,10.2,0.02,47.0
2026-01-30 09:06:00,28,69,4,8,S,10.2,0.02,83.0
2026-01-30 09:21:00,28,76,6,9,S,10.2,0.02,185.0
2026-01-30 09:36:00,29,72,4,7,SSW,10.2,0.02,197.0
2026-01-30 09:51:00,29,71,5,9,S,10.2,0.02,209.0
2026-01-30 10:06:00,29,74,6,9,S,10.2,0.02,239.0
2026-01-30 10:21:00,30,75,8,11,SSE,10.2,0.02,415.0
2026-01-30 10:36:00,30,73,7,10,SSE,10.2,0.02,362.0
2026-01-30 10:51:00,31,70,6,10,S,10.2,0.02,496.0
2026-01-30 11:06:00,33,67,6,9,SSW,10.2,0.02,457.0
2026-01-30 11:21:00,33,64,7,10,SSW,10.2,0.02,568.0
2026-01-30 11:36:00,33,64,7,9,SSW,10.2,0.02,614.0
2026-01-30 11:51:00,32,64,7,9,SSW,10.2,0.02,486.0
2026-01-30 12:06:00,31,66,9,12,S,10.2,0.02,412.0
2026-01-30 12:21:00,31,66,9,12,SSW,10.2,0.02,390.0
2026-01-30 12:36:00,32,64,8,11,SSW,10.2,0.02,617.0
2026-01-30 12:51:00,34,60,8,12,SSW,10.2,0.02,904.0
2026-01-30 13:06:00,36,58,8,12,S,10.2,0.01,922.0
2026-01-30 13:21:00,36,55,8,13,S,10.2,0.01,917.0
2026-01-30 13:36:00,35,56,9,12,SSW,10.2,0.01,762.0
2026-01-30 13:51:00,34,57,9,14,SSW,10.2,0.0,772.0
2026-01-30 14:06:00,34,57,8,14,SSW,10.2,0.0,645.0
2026-01-30 14:21:00,34,59,8,12,SSW,10.2,0.0,598.0
2026-01-30 14:36:00,33,60,9,13,SSW,10.2,0.0,524.0
2026-01-30 14:51:00,34,61,8,12,SW,10.2,0.0,493.0
2026-01-30 15:06:00,34,60,7,14,SW,10.2,0.0,682.0
2026-01-30 15:21:00,34,59,8,14,SW,10.2,0.0,557.0
2026-01-30 15:36:00,33,60,8,15,SW,10.2,0.0,414.0
2026-01-30 15:51:00,33,58,10,16,SSW,10.2,0.0,366.0
2026-01-30 16:06:00,33,56,10,16,SSW,10.2,0.0,393.0
2026-01-30 16:21:00,33,56,9,15,SSW,10.2,0.0,326.0
2026-01-30 16:36:00,33,57,8,13,SSW,10.2,0.0,210.0
2026-01-30 16:51:00,33,57,7,12,SSW,10.2,0.0,125.0
2026-01-30 17:06:00,33,57,8,15,SW,10.2,0.0,107.0
2026-01-30 17:21:00,33,53,10,16,SW,10.2,0.0,98.0
2026-01-30 17:36:00,32,55,7,11,SW,10.2,0.0,41.0
2026-01-30 17:51:00,32,57,8,13,SW,10.2,0.0,17.0
2026-01-30 18:06:00,32,58,9,14,SW,10.2,0.0,5.0
2026-01-30 18:21:00,32,57,9,14,SW,10.2,0.0,1.0
2026-01-30 18:36:00,31,56,8,12,SW,10.2,0.0,0.0
2026-01-30 18:51:00,31,56,9,13,SW,10.2,0.0,0.0
2026-01-30 19:06:00,31,55,10,15,SW,10.2,0.0,0.0
2026-01-30 19:21:00,31,54,10,14,SW,10.2,0.0,0.0
2026-01-30 19:36:00,31,54,9,14,SW,10.2,0.0,0.0
2026-01-30 19:51:00,31,56,9,16,SW,10.2,0.0,0.0
2026-01-30 20:06:00,31,56,10,18,SW,10.2,0.0,0.0
2026-01-30 20:21:00,31,57,9,15,SW,10.2,0.0,0.0
2026-01-30 20:36:00,31,59,9,15,SW,10.2,0.0,0.0
2026-01-30 20:51:00,31,59,9,13,SW,10.2,0.0,0.0
2026-01-30 21:06:00,30,60,11,18,SW,10.2,0.0,0.0
2026-01-30 21:21:00,30,60,11,16,SW,10.2,0.0,0.0
2026-01-30 21:36:00,30,60,11,17,SW,10.2,0.0,0.0
2026-01-30 21:51:00,30,59,11,19,WSW,10.2,0.0,0.0
2026-01-30 22:06:00,30,59,11,17,WSW,10.2,0.0,0.0
2026-01-30 22:21:00,30,62,11,17,WSW,10.2,0.0,0.0
2026-01-30 22:36:00,30,62,13,19,WSW,10.2,0.0,0.0
2026-01-30 22:51:00,31,58,12,17,WSW,10.2,0.0,0.0
2026-01-30 23:06:00,31,54,11,18,WSW,10.2,0.0,0.0
2026-01-30 23:21:00,30,54,5,10,W,10.2,0.0,0.0
2026-01-30 23:36:00,30,53,6,11,W,10.2,0.0,0.0
2026-01-30 23:51:00,30,58,6,10,WSW,10.2,0.0,0.0
2026-01-31 00:06:00,30,55,7,11,WSW,10.2,0.0,0.0
2026-01-31 00:21:00,30,53,6,9,W,10.2,0.0,0.0
2026-01-31 00:36:00,31,49,8,13,WSW,10.2,0.0,0.0
2026-01-31 00:51:00,31,50,9,13,W,10.2,0.0,0.0
2026-01-31 01:06:00,30,51,9,13,WSW,10.2,0.0,0.0
2026-01-31 01:21:00,31,48,8,13,WSW,10.2,0.0,0.0
2026-01-31 01:36:00,31,48,9,14,W,10.2,0.0,0.0
2026-01-31 01:51:00,31,50,9,14,WSW,10.2,0.0,0.0
2026-01-31 02:06:00,31,50,6,11,WNW,10.2,0.0,0.0
2026-01-31 02:21:00,31,49,7,11,WNW,10.2,0.0,0.0
2026-01-31 02:36:00,30,49,8,13,NW,10.2,0.0,0.0
2026-01-31 02:51:00,30,54,5,7,NNE,10.2,0.0,0.0
2026-01-31 03:06:00,30,53,6,10,N,10.2,0.0,0.0
2026-01-31 03:21:00,32,43,8,12,NW,10.2,0.0,0.0
2026-01-31 03:36:00,32,37,9,17,WNW,10.2,0.0,0.0
2026-01-31 03:51:00,33,35,11,19,WNW,10.2,0.0,0.0
2026-01-31 04:06:00,33,33,10,15,WNW,10.2,0.0,0.0
2026-01-31 04:21:00,32,34,10,14,WNW,10.2,0.0,0.0
2026-01-31 04:36:00,32,34,10,15,WNW,10.2,0.0,0.0
2026-01-31 04:51:00,32,34,9,15,WNW,10.2,0.0,0.0
2026-01-31 05:06:00,33,37,10,16,WNW,10.2,0.0,0.0
2026-01-31 05:21:00,33,37,11,16,WNW,10.2,0.0,0.0
2026-01-31 05:36:00,33,35,10,15,WNW,10.2,0.0,0.0
2026-01-31 05:51:00,33,35,8,13,NW,10.2,0.0,0.0
2026-01-31 06:06:00,33,36,8,13,NNW,10.2,0.0,0.0
2026-01-31 06:21:00,33,40,9,11,NNW,10.2,0.0,0.0
2026-01-31 06:36:00,33,41,8,12,NNW,10.2,0.0,0.0
2026-01-31 06:51:00,33,43,9,12,NNW,10.2,0.0,0.0
2026-01-31 07:06:00,33,39,7,10,NNW,10.2,0.0,0.0
2026-01-31 07:21:00,33,38,7,10,NNW,10.2,0.0,0.0
2026-01-31 07:36:00,33,39,7,11,NW,10.2,0.0,0.0
2026-01-31 07:51:00,34,45,6,10,NNW,10.2,0.0,0.0
2026-01-31 08:06:00,33,46,4,7,NW,10.2,0.0,1.0
2026-01-31 08:21:00,33,48,5,7,N,10.2,0.0,9.0
2026-01-31 08:36:00,34,46,5,7,N,10.2,0.0,37.0
2026-01-31 08:51:00,35,58,5,6,N,10.2,0.0,56.0
2026-01-31 09:06:00,36,46,2,5,NE,10.2,0.0,119.0
2026-01-31 09:21:00,36,53,3,5,NE,10.2,0.0,235.0
2026-01-31 09:36:00,36,56,3,5,NE,10.2,0.0,234.0
2026-01-31 09:51:00,36,66,4,8,NNW,10.2,0.0,263.0
2026-01-31 10:06:00,37,61,2,4,WNW,10.2,0.0,280.0
2026-01-31 10:21:00,38,58,1,6,SSW,10.2,0.0,435.0
2026-01-31 10:36:00,38,60,4,6,SSW,10.2,0.0,425.0
2026-01-31 10:51:00,37,58,4,6,SW,10.2,0.0,471.0
2026-01-31 11:06:00,37,59,5,8,SW,10.2,0.0,510.0
2026-01-31 11:21:00,40,52,4,9,WSW,10.2,0.0,570.0
2026-01-31 11:36:00,41,46,3,6,SW,10.2,0.0,523.0
2026-01-31 11:51:00,40,42,2,4,SSW,10.2,0.0,639.0
2026-01-31 12:06:00,39,42,3,5,S,10.2,0.0,624.0
2026-01-31 12:21:00,38,39,5,8,S,10.2,0.0,763.0
2026-01-31 12:36:00,38,37,7,11,SSW,10.2,0.0,831.0
2026-01-31 12:51:00,39,36,6,10,SSW,10.2,0.0,720.0
2026-01-31 13:06:00,41,33,5,8,SW,10.2,0.0,908.0
2026-01-31 13:21:00,40,30,5,10,SSW,10.2,0.0,833.0
2026-01-31 13:36:00,41,32,4,8,SSW,10.2,0.0,882.0
2026-01-31 13:51:00,41,33,6,9,SW,10.2,0.0,863.0
2026-01-31 14:06:00,41,33,5,8,SW,10.2,0.0,770.0
2026-01-31 14:21:00,41,33,4,8,SSW,10.2,0.0,732.0
2026-01-31 14:36:00,41,32,3,6,SSW,10.2,0.0,809.0
2026-01-31 14:51:00,40,31,5,8,SW,10.2,0.0,633.0
2026-01-31 15:06:00,39,30,5,8,SW,10.2,0.0,613.0
2026-01-31 15:21:00,40,26,4,7,SW,10.2,0.0,560.0
2026-01-31 15:36:00,39,21,4,6,SSW,10.2,0.0,472.0
2026-01-31 15:51:00,39,19,5,8,SSW,10.2,0.0,468.0
2026-01-31 16:06:00,39,20,3,6,SW,10.2,0.0,389.0
2026-01-31 16:21:00,40,21,4,7,SSW,10.2,0.0,412.0
2026-01-31 16:36:00,39,21,5,8,SSW,10.2,0.0,374.0
2026-01-31 16:51:00,38,29,6,8,SSW,10.2,0.0,276.0
2026-01-31 17:06:00,36,33,6,9,SSW,10.2,0.0,157.0
2026-01-31 17:21:00,35,37,7,10,S,10.2,0.0,128.0
2026-01-31 17:36:00,35,37,8,11,S,10.2,0.0,97.0
2026-01-31 17:51:00,35,29,8,11,S,10.2,0.0,41.0
2026-01-31 18:06:00,35,23,9,11,S,10.2,0.0,9.0
2026-01-31 18:21:00,35,26,8,10,S,10.2,0.0,2.0
2026-01-31 18:36:00,35,21,8,12,S,10.2,0.0,0.0
2026-01-31 18:51:00,36,18,9,12,S,10.2,0.0,0.0
2026-01-31 19:06:00,35,21,8,12,S,10.2,0.0,0.0
2026-01-31 19:21:00,35,32,9,11,S,10.2,0.0,0.0
2026-01-31 19:36:00,35,37,9,12,S,10.2,0.0,0.0
2026-01-31 19:51:00,35,24,9,12,S,10.2,0.0,0.0
2026-01-31 20:06:00,35,22,10,13,S,10.2,0.0,0.0
2026-01-31 20:21:00,35,22,10,13,S,10.2,0.0,0.0
2026-01-31 20:36:00,35,24,10,13,S,10.2,0.0,0.0
2026-01-31 20:51:00,35,24,10,13,S,10.2,0.0,0.0
2026-01-31 21:06:00,35,24,10,13,S,10.2,0.0,0.0
2026-01-31 21:21:00,35,24,10,16,S,10.2,0.0,0.0
2026-01-31 21:36:00,35,24,11,16,S,10.2,0.0,0.0
2026-01-31 21:51:00,35,26,11,15,S,10.2,0.0,0.0
2026-01-31 22:06:00,35,28,11,16,S,10.2,0.0,0.0
2026-01-31 22:21:00,34,27,12,16,S,10.2,0.0,0.0
2026-01-31 22:36:00,34,27,12,17,S,10.2,0.0,0.0
2026-01-31 22:51:00,34,29,11,16,S,10.2,0.0,0.0
2026-01-31 23:06:00,34,33,13,19,S,10.2,0.0,0.0
2026-01-31 23:21:00,34,35,14,21,S,10.2,0.0,0.0
2026-01-31 23:36:00,34,36,13,19,S,10.2,0.0,0.0
2026-01-31 23:51:00,34,35,13,18,S,10.2,0.0,0.0
2026-02-01 00:06:00,35,34,13,18,S,10.2,0.0,0.0
2026-02-01 00:21:00,35,35,14,18,S,10.2,0.0,0.0
2026-02-01 00:36:00,35,37,14,18,S,10.2,0.0,0.0
2026-02-01 00:51:00,35,38,14,18,S,10.2,0.0,0.0
2026-02-01 01:06:00,35,40,13,20,S,10.2,0.0,0.0
2026-02-01 01:21:00,35,42,13,19,S,10.2,0.0,0.0
2026-02-01 01:36:00,35,43,13,20,S,10.2,0.0,0.0
2026-02-01 01:51:00,35,43,13,19,S,10.2,0.0,0.0
2026-02-01 02:06:00,35,44,13,18,S,10.2,0.0,0.0
2026-02-01 02:21:00,35,45,12,17,S,10.2,0.0,0.0
2026-02-01 02:36:00,35,45,11,18,S,10.2,0.0,0.0
2026-02-01 02:51:00,35,45,12,16,S,10.2,0.0,0.0
2026-02-01 03:06:00,35,44,13,18,S,10.2,0.0,0.0
2026-02-01 03:21:00,35,44,14,19,S,10.2,0.0,0.0
2026-02-01 03:36:00,35,43,14,21,S,10.2,0.0,0.0
2026-02-01 03:51:00,35,42,14,19,S,10.2,0.0,0.0
2026-02-01 04:06:00,35,41,14,21,S,10.2,0.0,0.0
2026-02-01 04:21:00,35,40,13,18,S,10.2,0.0,0.0
2026-02-01 04:36:00,36,38,13,23,S,10.2,0.0,0.0
2026-02-01 04:51:00,36,37,15,21,S,10.2,0.0,0.0
2026-02-01 05:06:00,35,37,13,21,S,10.2,0.0,0.0
2026-02-01 05:21:00,36,36,14,18,S,10.2,0.0,0.0
2026-02-01 05:36:00,36,35,12,17,S,10.2,0.0,0.0
2026-02-01 05:51:00,36,35,13,19,S,10.2,0.0,0.0
2026-02-01 06:06:00,36,35,12,18,S,10.2,0.0,0.0
2026-02-01 06:21:00,35,35,11,18,S,10.2,0.0,0.0
2026-02-01 06:36:00,36,34,13,18,S,10.2,0.0,0.0
2026-02-01 06:51:00,36,33,14,22,S,10.2,0.0,0.0
2026-02-01 07:06:00,36,34,13,20,S,10.2,0.0,0.0
2026-02-01 07:21:00,36,34,14,20,S,10.2,0.0,0.0
2026-02-01 07:36:00,36,33,14,19,S,10.2,0.0,0.0
2026-02-01 07:51:00,36,33,14,22,S,10.2,0.0,0.0
2026-02-01 08:06:00,36,33,14,19,S,10.2,0.0,1.0
2026-02-01 08:21:00,36,34,14,20,S,10.2,0.0,8.0
2026-02-01 08:36:00,35,34,14,19,S,10.2,0.0,36.0
2026-02-01 08:51:00,36,34,14,19,S,10.2,0.0,103.0
2026-02-01 09:06:00,36,35,12,19,SSW,10.2,0.0,122.0
2026-02-01 09:21:00,36,35,12,16,SSW,10.2,0.0,133.0
2026-02-01 09:36:00,37,34,12,18,SSW,10.2,0.0,336.0
2026-02-01 09:51:00,37,34,12,17,S,10.2,0.0,324.0
2026-02-01 10:06:00,37,34,12,18,S,10.2,0.0,324.0
2026-02-01 10:21:00,37,35,14,20,S,10.2,0.0,353.0
2026-02-01 10:36:00,37,34,13,21,S,10.2,0.0,608.0
2026-02-01 10:51:00,37,34,12,20,SSW,10.2,0.0,521.0
2026-02-01 11:06:00,37,34,13,18,S,10.2,0.0,479.0
2026-02-01 11:21:00,37,34,13,20,SSW,10.2,0.0,620.0
2026-02-01 11:36:00,37,35,13,19,S,10.2,0.0,645.0
2026-02-01 11:51:00,37,36,11,19,SSW,10.2,0.0,487.0
2026-02-01 12:06:00,38,36,11,17,SSW,10.2,0.0,687.0
2026-02-01 12:21:00,38,35,12,20,SSW,10.2,0.0,923.0
2026-02-01 12:36:00,39,35,11,19,SSW,10.2,0.0,863.0
2026-02-01 12:51:00,38,35,10,16,SSW,10.2,0.0,847.0
2026-02-01 13:06:00,39,36,10,17,SW,10.2,0.0,845.0
2026-02-01 13:21:00,38,37,11,20,SW,10.2,0.0,890.0
2026-02-01 13:36:00,38,37,10,16,SW,10.2,0.0,893.0
2026-02-01 13:51:00,37,38,10,18,SW,10.2,0.0,838.0
2026-02-01 14:06:00,38,39,8,18,SW,10.2,0.0,774.0
2026-02-01 14:21:00,37,40,10,20,SW,10.2,0.0,714.0
2026-02-01 14:36:00,36,40,12,21,SW,10.2,0.0,725.0
2026-02-01 14:51:00,36,41,12,23,SW,10.2,0.0,688.0
2026-02-01 15:06:00,35,43,9,16,WSW,10.2,0.0,645.0
2026-02-01 15:21:00,34,44,12,21,WSW,10.2,0.0,586.0
2026-02-01 15:36:00,34,45,12,18,WSW,10.2,0.0,551.0
2026-02-01 15:51:00,34,44,13,20,WSW,10.2,0.0,485.0
2026-02-01 16:06:00,34,44,11,19,WSW,10.2,0.0,440.0
2026-02-01 16:21:00,34,43,12,17,WSW,10.2,0.0,415.0
2026-02-01 16:36:00,34,45,9,14,WSW,10.2,0.0,329.0
2026-02-01 16:51:00,33,44,8,14,WSW,10.2,0.0,264.0
2026-02-01 17:06:00,32,46,9,15,WSW,10.2,0.0,199.0
2026-02-01 17:21:00,32,49,8,13,WSW,10.2,0.0,128.0
2026-02-01 17:36:00,31,51,7,12,WSW,10.2,0.0,88.0
2026-02-01 17:51:00,30,53,7,15,WSW,10.2,0.0,35.0
2026-02-01 18:06:00,30,54,7,15,W,10.2,0.0,19.0
2026-02-01 18:21:00,30,56,9,17,W,10.2,0.0,8.0
2026-02-01 18:36:00,30,57,11,18,W,10.2,0.0,0.0
2026-02-01 18:51:00,30,59,11,19,W,10.2,0.0,0.0
2026-02-01 19:06:00,30,58,12,20,W,10.2,0.0,0.0
2026-02-01 19:21:00,30,58,11,19,W,10.2,0.0,0.0
2026-02-01 19:36:00,30,57,10,17,W,10.2,0.0,0.0
2026-02-01 19:51:00,29,59,9,17,W,10.2,0.0,0.0
2026-02-01 20:06:00,29,61,8,14,WNW,10.2,0.0,0.0
2026-02-01 20:21:00,29,62,8,12,WNW,10.2,0.0,0.0
2026-02-01 20:36:00,28,63,7,11,W,10.2,0.0,0.0
2026-02-01 20:51:00,29,64,7,10,WNW,10.2,0.0,0.0
2026-02-01 21:06:00,29,62,8,12,NW,10.2,0.0,0.0
2026-02-01 21:21:00,29,59,9,15,NW,10.2,0.0,0.0
2026-02-01 21:36:00,29,60,9,12,NW,10.2,0.0,0.0
2026-02-01 21:51:00,29,59,8,13,NW,10.2,0.0,0.0
2026-02-01 22:06:00,29,59,8,11,NW,10.2,0.0,0.0
2026-02-01 22:21:00,29,60,8,12,WNW,10.2,0.0,0.0
2026-02-01 22:36:00,29,61,7,11,NW,10.2,0.0,0.0
2026-02-01 22:51:00,29,61,6,10,NW,10.2,0.0,0.0
2026-02-01 23:06:00,29,61,6,11,NW,10.2,0.0,0.0
2026-02-01 23:21:00,29,62,8,11,NNW,10.2,0.0,0.0
2026-02-01 23:36:00,28,64,8,11,NNW,10.2,0.0,0.0
2026-02-01 23:51:00,28,65,7,10,NNW,10.2,0.0,0.0
2026-02-02 00:06:00,28,65,7,12,NNW,10.2,0.0,0.0
2026-02-02 00:21:00,28,63,8,12,NNW,10.2,0.0,0.0
2026-02-02 00:36:00,28,61,7,9,NW,10.2,0.0,0.0
2026-02-02 00:51:00,28,60,8,13,NNW,10.2,0.0,0.0
2026-02-02 01:06:00,28,59,9,13,NNW,10.2,0.0,0.0
2026-02-02 01:21:00,28,61,9,12,NNW,10.2,0.0,0.0
2026-02-02 01:36:00,28,62,10,13,NNW,10.2,0.0,0.0
2026-02-02 01:51:00,28,63,10,16,NNW,10.2,0.0,0.0
2026-02-02 02:06:00,28,63,10,15,NNW,10.2,0.0,0.0
2026-02-02 02:21:00,28,63,10,15,NNW,10.2,0.0,0.0
2026-02-02 02:36:00,28,64,11,16,NNW,10.2,0.0,0.0
2026-02-02 02:51:00,27,66,10,14,NNW,10.2,0.0,0.0
2026-02-02 03:06:00,27,67,10,14,N,10.2,0.0,0.0
2026-02-02 03:21:00,27,67,10,14,N,10.2,0.0,0.0
2026-02-02 03:36:00,27,68,10,13,N,10.2,0.0,0.0
2026-02-02 03:51:00,27,68,11,15,N,10.2,0.0,0.0
2026-02-02 04:06:00,27,68,10,13,N,10.2,0.0,0.0
2026-02-02 04:21:00,26,68,9,13,NNE,10.2,0.0,0.0
2026-02-02 04:36:00,26,69,9,11,NNE,10.2,0.0,0.0
2026-02-02 04:51:00,26,70,9,11,NNE,10.2,0.0,0.0
2026-02-02 05:06:00,26,70,9,11,NNE,10.2,0.0,0.0
2026-02-02 05:21:00,25,70,7,10,NNE,10.2,0.0,0.0
2026-02-02 05:36:00,24,71,3,8,NE,10.2,0.0,0.0
2026-02-02 05:51:00,24,73,0,6,E,10.2,0.0,0.0
2026-02-02 06:06:00,23,75,0,5,E,10.2,0.0,0.0
2026-02-02 06:21:00,23,76,0,1,ENE,10.2,0.0,0.0
2026-02-02 06:36:00,23,78,1,5,NE,10.2,0.0,0.0
2026-02-02 06:51:00,25,73,5,6,NNE,10.2,0.0,0.0
2026-02-02 07:06:00,25,71,5,7,NNE,10.2,0.0,0.0
2026-02-02 07:21:00,25,69,6,9,N,10.2,0.0,0.0
2026-02-02 07:36:00,25,68,7,9,NNE,10.2,0.0,0.0
2026-02-02 07:51:00,25,67,7,10,N,10.2,0.0,0.0
2026-02-02 08:06:00,25,66,6,8,N,10.2,0.0,2.0
2026-02-02 08:21:00,25,65,6,9,N,10.2,0.0,11.0
2026-02-02 08:36:00,26,64,6,8,N,10.2,0.0,24.0
2026-02-02 08:51:00,26,64,5,7,N,10.2,0.0,38.0
2026-02-02 09:06:00,27,61,4,5,N,10.2,0.0,75.0
2026-02-02 09:21:00,27,58,5,7,NNW,10.2,0.0,120.0
2026-02-02 09:36:00,28,54,5,7,NNW,10.2,0.0,157.0
2026-02-02 09:51:00,29,52,4,10,WNW,10.2,0.0,215.0
2026-02-02 10:06:00,30,52,5,9,W,10.2,0.0,293.0
2026-02-02 10:21:00,31,49,3,6,W,10.2,0.0,349.0
2026-02-02 10:36:00,32,47,3,6,WSW,10.2,0.0,433.0
2026-02-02 10:51:00,32,47,3,7,W,10.2,0.0,523.0
2026-02-02 11:06:00,33,48,3,6,W,10.2,0.0,586.0
2026-02-02 11:21:00,32,48,3,8,WSW,10.2,0.0,594.0
2026-02-02 11:36:00,33,48,2,6,WSW,10.2,0.0,628.0
2026-02-02 11:51:00,34,47,3,6,SW,10.2,0.0,653.0
2026-02-02 12:06:00,34,49,3,7,SSW,10.2,0.0,717.0
2026-02-02 12:21:00,34,51,3,8,SW,10.2,0.0,729.0
2026-02-02 12:36:00,34,51,4,9,SSW,10.2,0.0,583.0
2026-02-02 12:51:00,35,47,4,12,WSW,10.2,0.0,725.0
2026-02-02 13:06:00,37,43,3,7,WSW,10.2,0.0,722.0
2026-02-02 13:21:00,36,44,5,10,S,10.2,0.0,685.0
2026-02-02 13:36:00,36,44,5,9,SSW,10.2,0.0,665.0
2026-02-02 13:51:00,35,41,6,11,WSW,10.2,0.0,667.0
2026-02-02 14:06:00,36,45,6,11,SW,10.2,0.0,639.0
2026-02-02 14:21:00,36,43,5,10,WSW,10.2,0.0,657.0
2026-02-02 14:36:00,36,44,7,14,SW,10.2,0.0,740.0
2026-02-02 14:51:00,36,43,6,11,WSW,10.2,0.0,746.0
2026-02-02 15:06:00,34,42,6,12,W,10.2,0.0,642.0
2026-02-02 15:21:00,35,44,7,14,WSW,10.2,0.0,607.0
2026-02-02 15:36:00,35,43,8,14,WSW,10.2,0.0,566.0
2026-02-02 15:51:00,35,48,8,14,WSW,10.2,0.0,664.0
2026-02-02 16:06:00,34,49,6,12,WSW,10.2,0.0,484.0
2026-02-02 16:21:00,33,52,6,11,WSW,10.2,0.0,478.0
2026-02-02 16:36:00,32,55,5,10,W,10.2,0.0,391.0
2026-02-02 16:51:00,30,58,5,11,WNW,10.2,0.0,286.0
2026-02-02 17:06:00,29,62,5,9,WNW,10.2,0.0,187.0
2026-02-02 17:21:00,29,64,5,8,W,10.2,0.0,134.0
2026-02-02 17:36:00,28,64,4,9,W,10.2,0.0,70.0
2026-02-02 17:51:00,28,63,3,4,W,10.2,0.0,40.0
2026-02-02 18:06:00,28,63,5,9,W,10.2,0.0,34.0
2026-02-02 18:21:00,28,62,7,11,WSW,10.2,0.0,6.0
2026-02-02 18:36:00,27,64,7,10,WSW,10.2,0.0,0.0
2026-02-02 18:51:00,27,66,7,12,WSW,10.2,0.0,0.0
2026-02-02 19:06:00,27,66,4,8,W,10.2,0.0,0.0
2026-02-02 19:21:00,27,68,7,10,W,10.2,0.0,0.0
2026-02-02 19:36:00,27,67,7,11,W,10.2,0.0,0.0
2026-02-02 19:51:00,27,65,3,6,WSW,10.2,0.0,0.0
2026-02-02 20:06:00,26,63,3,7,WSW,10.2,0.0,0.0
2026-02-02 20:21:00,27,58,7,10,WSW,10.2,0.0,0.0
2026-02-02 20:36:00,27,56,6,10,W,10.2,0.0,0.0
2026-02-02 20:51:00,27,58,5,9,W,10.2,0.0,0.0
2026-02-02 21:06:00,27,64,6,11,NW,10.2,0.0,0.0
2026-02-02 21:21:00,27,67,8,13,WNW,10.2,0.0,0.0
2026-02-02 21:36:00,27,60,9,14,WNW,10.2,0.0,0.0
2026-02-02 21:51:00,28,46,10,15,WNW,10.2,0.0,0.0
2026-02-02 22:06:00,28,45,10,15,W,10.2,0.0,0.0
2026-02-02 22:21:00,28,44,8,14,W,10.2,0.0,0.0
2026-02-02 22:36:00,28,42,9,16,WNW,10.2,0.0,0.0
2026-02-02 22:51:00,28,46,10,15,WNW,10.2,0.0,0.0
2026-02-02 23:06:00,28,47,9,13,NW,10.2,0.0,0.0
2026-02-02 23:21:00,29,53,13,19,NW,10.2,0.0,0.0
2026-02-02 23:36:00,29,55,12,19,NNW,10.2,0.0,0.0
2026-02-02 23:51:00,29,57,11,17,NNW,10.2,0.0,0.0
2026-02-03 00:06:00,29,58,10,15,NW,10.2,0.0,0.0
2026-02-03 00:21:00,29,63,11,16,NNW,10.2,0.0,0.0
2026-02-03 00:36:00,29,65,10,15,NNW,10.2,0.0,0.0
2026-02-03 00:51:00,29,67,9,14,NNW,10.2,0.0,0.0
2026-02-03 01:06:00,29,74,11,15,NNW,10.2,0.0,0.0
2026-02-03 01:21:00,28,77,10,14,NNW,10.2,0.0,0.0
2026-02-03 01:36:00,29,82,10,15,NNW,10.2,0.0,0.0
2026-02-03 01:51:00,29,83,10,14,NNW,10.2,0.0,0.0
2026-02-03 02:06:00,28,81,10,13,NNW,10.2,0.0,0.0
2026-02-03 02:21:00,28,78,9,13,NNW,10.2,0.0,0.0
2026-02-03 02:36:00,28,77,9,13,NNW,10.2,0.0,0.0
2026-02-03 02:51:00,28,75,11,14,NNW,10.2,0.0,0.0
2026-02-03 03:06:00,28,76,11,14,NNW,10.2,0.0,0.0
2026-02-03 03:21:00,28,75,8,13,NNW,10.2,0.0,0.0
2026-02-03 03:36:00,28,76,10,14,NNW,10.2,0.0,0.0
2026-02-03 03:51:00,28,84,10,15,NNW,10.2,0.0,0.0
2026-02-03 04:06:00,28,84,10,14,NNW,10.2,0.0,0.0
2026-02-03 04:21:00,28,81,8,12,NNW,10.2,0.0,0.0
2026-02-03 04:36:00,28,81,8,11,NW,10.2,0.0,0.0
2026-02-03 04:51:00,28,81,6,10,NW,10.2,0.0,0.0
2026-02-03 05:06:00,28,83,6,11,NW,10.2,0.0,0.0
2026-02-03 05:21:00,28,83,7,11,NW,10.2,0.0,0.0
2026-02-03 05:36:00,28,81,7,9,NW,10.2,0.0,0.0
2026-02-03 05:51:00,28,83,8,10,NNW,10.2,0.0,0.0
2026-02-03 06:06:00,28,84,8,11,N,10.2,0.0,0.0
2026-02-03 06:21:00,27,82,8,10,N,10.2,0.0,0.0
2026-02-03 06:36:00,27,83,8,11,NNE,10.2,0.0,0.0
2026-02-03 06:51:00,27,87,4,10,NE,10.2,0.0,0.0
2026-02-03 07:06:00,26,88,0,4,ENE,10.2,0.0,0.0
2026-02-03 07:21:00,26,88,0,4,ENE,10.2,0.0,0.0
2026-02-03 07:36:00,26,88,1,7,NE,10.2,0.0,0.0
2026-02-03 07:51:00,26,88,3,11,NE,10.2,0.0,0.0
2026-02-03 08:06:00,26,93,1,10,ENE,10.2,0.0,2.0
2026-02-03 08:21:00,26,94,0,3,E,10.2,0.0,13.0
2026-02-03 08:36:00,27,91,0,2,ESE,10.2,0.0,40.0
2026-02-03 08:51:00,28,88,0,2,ESE,10.2,0.0,63.0
2026-02-03 09:06:00,29,85,0,3,ESE,10.2,0.0,83.0
2026-02-03 09:21:00,30,83,0,2,E,10.2,0.0,113.0
2026-02-03 09:36:00,30,81,1,6,ENE,10.2,0.0,178.0
2026-02-03 09:51:00,31,80,2,8,NE,10.2,0.0,248.0
2026-02-03 10:06:00,31,75,3,11,NE,10.2,0.0,273.0
2026-02-03 10:21:00,32,73,2,7,NE,10.2,0.0,320.0
2026-02-03 10:36:00,33,70,1,7,ENE,10.2,0.0,362.0
2026-02-03 10:51:00,34,68,1,8,NE,10.2,0.0,427.0
2026-02-03 11:06:00,33,72,5,11,NE,10.2,0.0,483.0
2026-02-03 11:21:00,35,72,3,9,NE,10.2,0.0,528.0
2026-02-03 11:36:00,35,68,3,8,NE,10.2,0.0,546.0
2026-02-03 11:51:00,37,68,4,8,NNE,10.2,0.0,573.0
2026-02-03 12:06:00,39,64,3,5,N,10.2,0.0,619.0
2026-02-03 12:21:00,39,61,5,7,N,10.2,0.0,644.0
2026-02-03 12:36:00,41,59,5,8,N,10.2,0.0,669.0
2026-02-03 12:51:00,42,55,4,8,N,10.2,0.0,693.0
2026-02-03 13:06:00,42,54,4,7,N,10.2,0.0,717.0
2026-02-03 13:21:00,44,53,4,8,N,10.2,0.0,806.0
2026-02-03 13:36:00,44,49,3,7,N,10.2,0.0,764.0
2026-02-03 13:51:00,44,49,4,6,NNW,10.2,0.0,710.0
2026-02-03 14:06:00,45,47,3,8,NNW,10.2,0.0,665.0
2026-02-03 14:21:00,49,42,1,5,N,10.2,0.0,651.0
2026-02-03 14:36:00,50,39,1,4,SSE,10.2,0.0,734.0
2026-02-03 14:51:00,48,41,1,3,NNW,10.2,0.0,634.0
2026-02-03 15:06:00,51,40,1,4,N,10.2,0.0,598.0
2026-02-03 15:21:00,52,35,0,5,SE,10.2,0.0,583.0
2026-02-03 15:36:00,53,38,1,3,W,10.2,0.0,556.0
2026-02-03 15:51:00,48,37,1,4,NNE,10.2,0.0,550.0
2026-02-03 16:06:00,46,44,1,4,NW,10.2,0.0,490.0
2026-02-03 16:21:00,44,49,1,4,WSW,10.2,0.0,364.0
2026-02-03 16:36:00,41,55,2,4,SSW,10.2,0.0,278.0
2026-02-03 16:51:00,40,59,4,6,SSW,10.2,0.0,267.0
2026-02-03 17:06:00,40,60,3,5,WSW,10.2,0.0,246.0
2026-02-03 17:21:00,39,60,1,3,WSW,10.2,0.0,143.0
2026-02-03 17:36:00,38,62,1,2,WSW,10.2,0.0,99.0
2026-02-03 17:51:00,36,66,0,0,N,10.2,0.0,50.0
2026-02-03 18:06:00,35,70,0,1,E,10.2,0.0,14.0
2026-02-03 18:21:00,34,72,0,1,ENE,10.2,0.0,5.0
2026-02-03 18:36:00,32,76,0,0,N,10.2,0.0,0.0
2026-02-03 18:51:00,32,77,0,1,E,10.2,0.0,0.0
2026-02-03 19:06:00,33,75,3,5,NE,10.2,0.0,0.0
2026-02-03 19:21:00,32,74,0,4,NE,10.2,0.0,0.0
2026-02-03 19:36:00,32,77,0,0,ESE,10.2,0.0,0.0
2026-02-03 19:51:00,32,76,0,0,ESE,10.2,0.0,0.0
2026-02-03 20:06:00,32,75,0,1,E,10.2,0.0,0.0
2026-02-03 20:21:00,31,76,0,1,E,10.2,0.0,0.0
2026-02-03 20:36:00,32,75,0,1,E,10.2,0.0,0.0
2026-02-03 20:51:00,32,73,0,1,E,10.2,0.0,0.0
2026-02-03 21:06:00,35,69,1,3,N,10.2,0.0,0.0
2026-02-03 21:21:00,35,65,2,3,WSW,10.2,0.0,0.0
2026-02-03 21:36:00,35,65,1,3,SSW,10.2,0.0,0.0
2026-02-03 21:51:00,35,63,2,3,S,10.2,0.0,0.0
2026-02-03 22:06:00,35,64,3,5,SSE,10.2,0.0,0.0
2026-02-03 22:21:00,35,60,1,2,SSW,10.2,0.0,0.0
2026-02-03 22:36:00,35,60,2,3,WNW,10.2,0.0,0.0
2026-02-03 22:51:00,35,61,2,4,WNW,10.2,0.0,0.0
2026-02-03 23:06:00,35,62,1,3,W,10.2,0.0,0.0
2026-02-03 23:21:00,36,57,2,3,SW,10.2,0.0,0.0
2026-02-03 23:36:00,37,43,2,3,W,10.2,0.0,0.0
2026-02-03 23:51:00,37,25,2,3,WNW,10.2,0.0,0.0
2026-02-04 00:06:00,37,32,2,4,W,10.2,0.0,0.0
2026-02-04 00:21:00,37,39,4,6,WSW,10.2,0.0,0.0
2026-02-04 00:36:00,37,42,6,8,WSW,10.2,0.0,0.0
2026-02-04 00:51:00,36,53,7,9,WSW,10.2,0.0,0.0
2026-02-04 01:06:00,36,54,8,10,WSW,10.2,0.0,0.0
2026-02-04 01:21:00,36,55,8,10,WSW,10.2,0.0,0.0
2026-02-04 01:36:00,35,45,7,9,WSW,10.2,0.0,0.0
2026-02-04 01:51:00,35,38,7,11,W,10.2,0.0,0.0
2026-02-04 02:06:00,36,35,7,10,WNW,10.2,0.0,0.0
2026-02-04 02:21:00,36,31,6,9,WNW,10.2,0.0,0.0
2026-02-04 02:36:00,37,24,7,9,WNW,10.2,0.0,0.0
2026-02-04 02:51:00,36,25,8,11,WNW,10.2,0.0,0.0
2026-02-04 03:06:00,36,30,8,10,NW,10.2,0.0,0.0
2026-02-04 03:21:00,36,30,8,10,NW,10.2,0.0,0.0
2026-02-04 03:36:00,36,29,7,9,NNW,10.2,0.0,0.0
2026-02-04 03:51:00,37,28,7,9,NNW,10.2,0.0,0.0
2026-02-04 04:06:00,37,26,8,10,NNW,10.2,0.0,0.0
2026-02-04 04:21:00,38,24,8,11,NNW,10.2,0.0,0.0
2026-02-04 04:36:00,38,21,9,10,NNW,10.2,0.0,0.0
2026-02-04 04:51:00,38,21,9,11,N,10.2,0.0,0.0
2026-02-04 05:06:00,38,22,8,10,NNW,10.2,0.0,0.0
2026-02-04 05:21:00,38,23,8,11,NNW,10.2,0.0,0.0
2026-02-04 05:36:00,38,23,8,10,N,10.2,0.0,0.0
2026-02-04 05:51:00,38,24,8,10,NNW,10.2,0.0,0.0
2026-02-04 06:06:00,37,25,8,11,N,10.2,0.0,0.0
2026-02-04 06:21:00,37,26,8,11,N,10.2,0.0,0.0
2026-02-04 06:36:00,37,28,8,11,N,10.2,0.0,0.0
2026-02-04 06:51:00,37,29,7,9,N,10.2,0.0,0.0
2026-02-04 07:06:00,38,28,8,10,N,10.2,0.0,0.0
2026-02-04 07:21:00,38,25,9,11,N,10.2,0.0,0.0
2026-02-04 07:36:00,38,26,7,9,N,10.2,0.0,0.0
2026-02-04 07:51:00,38,25,7,9,NNW,10.2,0.0,0.0
2026-02-04 08:06:00,38,26,8,10,N,10.2,0.0,3.0
2026-02-04 08:21:00,38,24,7,10,N,10.2,0.0,12.0
2026-02-04 08:36:00,38,23,5,7,N,10.2,0.0,34.0
2026-02-04 08:51:00,39,22,5,6,N,10.2,0.0,48.0
2026-02-04 09:06:00,39,22,4,6,NNE,10.2,0.0,75.0
2026-02-04 09:21:00,40,22,4,5,NNE,10.2,0.0,125.0
2026-02-04 09:36:00,42,21,4,5,NNE,10.2,0.0,170.0
2026-02-04 09:51:00,43,17,2,4,N,10.2,0.0,212.0
2026-02-04 10:06:00,44,16,2,4,WSW,10.2,0.0,253.0
2026-02-04 10:21:00,43,19,4,7,NW,10.2,0.0,309.0
2026-02-04 10:36:00,45,21,2,4,W,10.2,0.0,393.0
2026-02-04 10:51:00,45,20,2,5,NW,10.2,0.0,449.0
2026-02-04 11:06:00,45,20,3,5,NW,10.2,0.0,403.0
2026-02-04 11:21:00,46,15,4,7,NW,10.2,0.0,469.0
2026-02-04 11:36:00,47,15,4,8,NW,10.2,0.0,556.0
2026-02-04 11:51:00,48,14,4,7,NNW,10.2,0.0,665.0
2026-02-04 12:06:00,51,15,2,6,N,10.2,0.0,740.0
2026-02-04 12:21:00,51,18,2,4,N,10.2,0.0,760.0
2026-02-04 12:36:00,52,22,1,3,NW,10.2,0.0,793.0
2026-02-04 12:51:00,50,22,2,3,W,10.2,0.0,712.0
2026-02-04 13:06:00,51,23,1,4,WSW,10.2,0.0,816.0
2026-02-04 13:21:00,48,25,3,4,N,10.2,0.0,766.0
2026-02-04 13:36:00,47,27,2,5,N,10.2,0.0,683.0
2026-02-04 13:51:00,48,25,4,6,NNW,10.2,0.0,665.0
2026-02-04 14:06:00,49,21,3,5,NNW,10.2,0.0,682.0
2026-02-04 14:21:00,49,20,4,6,N,10.2,0.0,684.0
2026-02-04 14:36:00,51,19,3,6,N,10.2,0.0,822.0
2026-02-04 14:51:00,51,20,2,4,NNE,10.2,0.0,874.0
2026-02-04 15:06:00,50,23,2,5,NNE,10.2,0.0,789.0
2026-02-04 15:21:00,49,23,2,4,N,10.2,0.0,743.0
2026-02-04 15:36:00,48,24,3,5,N,10.2,0.0,692.0
2026-02-04 15:51:00,48,23,2,4,N,10.2,0.0,618.0
2026-02-04 16:06:00,46,26,2,3,NNE,10.2,0.0,538.0
2026-02-04 16:21:00,46,27,0,2,NNE,10.2,0.0,420.0
2026-02-04 16:36:00,46,28,1,2,NNE,10.2,0.0,358.0
2026-02-04 16:51:00,43,31,3,4,NNE,10.2,0.0,228.0
2026-02-04 17:06:00,43,31,1,4,NE,10.2,0.0,215.0
2026-02-04 17:21:00,43,25,0,0,ESE,10.2,0.0,179.0
2026-02-04 17:36:00,41,24,0,3,ESE,10.2,0.0,96.0
2026-02-04 17:51:00,40,23,1,3,E,10.2,0.0,59.0
2026-02-04 18:06:00,40,28,0,1,E,10.2,0.0,37.0
2026-02-04 18:21:00,39,29,0,3,ESE,10.2,0.0,14.0
2026-02-04 18:36:00,39,31,2,4,E,10.2,0.0,2.0
2026-02-04 18:51:00,39,33,2,4,E,10.2,0.0,0.0
2026-02-04 19:06:00,39,36,2,5,ESE,10.2,0.0,0.0
2026-02-04 19:21:00,39,37,3,4,E,10.2,0.0,0.0
2026-02-04 19:36:00,39,36,2,4,E,10.2,0.0,0.0
2026-02-04 19:51:00,38,38,2,4,E,10.2,0.0,0.0
2026-02-04 20:06:00,38,40,1,4,ESE,10.2,0.0,0.0
2026-02-04 20:21:00,38,29,0,3,E,10.2,0.0,0.0
2026-02-04 20:36:00,38,28,0,3,E,10.2,0.0,0.0
2026-02-04 20:51:00,39,29,1,4,E,10.2,0.0,0.0
2026-02-04 21:06:00,40,31,1,4,E,10.2,0.0,0.0
2026-02-04 21:21:00,40,33,1,4,E,10.2,0.0,0.0
2026-02-04 21:36:00,40,35,1,4,ESE,10.2,0.0,0.0
2026-02-04 21:51:00,41,34,1,4,E,10.2,0.0,0.0
2026-02-04 22:06:00,40,33,1,4,E,10.2,0.0,0.0
2026-02-04 22:21:00,40,33,0,4,E,10.2,0.0,0.0
2026-02-04 22:36:00,41,32,3,6,E,10.2,0.0,0.0
2026-02-04 22:51:00,41,34,4,5,E,10.2,0.0,0.0
2026-02-04 23:06:00,41,32,3,4,ESE,10.2,0.0,0.0
2026-02-04 23:21:00,42,29,4,7,ESE,10.2,0.0,0.0
2026-02-04 23:36:00,42,29,6,8,SE,10.2,0.0,0.0
2026-02-04 23:51:00,43,28,5,7,SE,10.2,0.0,0.0
2026-02-05 00:06:00,43,25,3,5,ESE,10.2,0.0,0.0
2026-02-05 00:21:00,43,25,3,6,ESE,10.2,0.0,0.0
2026-02-05 00:36:00,43,27,5,6,SE,10.2,0.0,0.0
2026-02-05 00:51:00,43,27,5,7,SSE,10.2,0.0,0.0
2026-02-05 01:06:00,42,27,5,7,S,10.2,0.0,0.0
2026-02-05 01:21:00,42,27,6,8,S,10.2,0.0,0.0
2026-02-05 01:36:00,42,27,7,8,S,10.2,0.0,0.0
2026-02-05 01:51:00,42,27,8,10,S,10.2,0.0,0.0
2026-02-05 02:06:00,42,27,8,10,SSW,10.2,0.0,0.0
2026-02-05 02:21:00,42,26,8,10,SSW,10.2,0.0,0.0
2026-02-05 02:36:00,42,26,8,9,SSW,10.2,0.0,0.0
2026-02-05 02:51:00,41,27,7,8,SSW,10.2,0.0,0.0
2026-02-05 03:06:00,41,27,8,10,S,10.2,0.0,0.0
2026-02-05 03:21:00,41,27,9,11,S,10.2,0.0,0.0
2026-02-05 03:36:00,41,29,10,11,S,10.2,0.0,0.0
2026-02-05 03:51:00,42,27,10,12,S,10.2,0.0,0.0
2026-02-05 04:06:00,42,27,9,11,S,10.2,0.0,0.0
2026-02-05 04:21:00,42,27,8,10,S,10.2,0.0,0.0
2026-02-05 04:36:00,43,26,7,9,S,10.2,0.0,0.0
2026-02-05 04:51:00,43,26,7,8,SSE,10.2,0.0,0.0
2026-02-05 05:06:00,43,26,5,7,SE,10.2,0.0,0.0
2026-02-05 05:21:00,43,27,4,6,ESE,10.2,0.0,0.0
2026-02-05 05:36:00,41,29,2,3,ESE,10.2,0.0,0.0
2026-02-05 05:51:00,40,31,2,3,E,10.2,0.0,0.0
2026-02-05 06:06:00,40,31,2,3,E,10.2,0.0,0.0
2026-02-05 06:21:00,39,31,0,3,E,10.2,0.0,0.0
2026-02-05 06:36:00,39,32,0,1,ENE,10.2,0.0,0.0
2026-02-05 06:51:00,38,32,0,0,E,10.2,0.0,0.0
2026-02-05 07:06:00,38,32,0,1,E,10.2,0.0,0.0
2026-02-05 07:21:00,38,32,0,1,E,10.2,0.0,0.0
2026-02-05 07:36:00,39,32,1,3,ESE,10.2,0.0,0.0
2026-02-05 07:51:00,40,31,2,4,ESE,10.2,0.0,0.0
2026-02-05 08:06:00,41,31,2,5,ESE,10.2,0.0,4.0
2026-02-05 08:21:00,40,32,0,1,ESE,10.2,0.0,13.0
2026-02-05 08:36:00,42,31,2,4,ESE,10.2,0.0,25.0
2026-02-05 08:51:00,44,28,4,6,ESE,10.2,0.0,40.0
2026-02-05 09:06:00,44,27,4,7,ESE,10.2,0.0,79.0
2026-02-05 09:21:00,45,27,4,8,ESE,10.2,0.0,122.0
2026-02-05 09:36:00,45,28,7,9,SE,10.2,0.0,157.0
2026-02-05 09:51:00,45,27,7,10,SE,10.2,0.0,216.0
2026-02-05 10:06:00,45,25,8,11,SSE,10.2,0.0,264.0
2026-02-05 10:21:00,46,25,8,11,SSE,10.2,0.0,305.0
2026-02-05 10:36:00,47,25,6,11,S,10.2,0.0,351.0
2026-02-05 10:51:00,48,25,4,10,SSE,10.2,0.0,397.0
2026-02-05 11:06:00,50,24,3,7,S,10.2,0.0,448.0
2026-02-05 11:21:00,50,23,3,8,S,10.2,0.0,504.0
2026-02-05 11:36:00,48,24,5,9,SSW,10.2,0.0,544.0
2026-02-05 11:51:00,49,23,6,11,S,10.2,0.0,575.0
2026-02-05 12:06:00,48,24,6,9,SSE,10.2,0.0,603.0
2026-02-05 12:21:00,49,23,5,8,SSE,10.2,0.0,628.0
2026-02-05 12:36:00,51,22,4,8,SE,10.2,0.0,647.0
2026-02-05 12:51:00,49,22,5,8,SE,10.2,0.0,659.0
2026-02-05 13:06:00,50,23,5,9,SE,10.2,0.0,666.0
2026-02-05 13:21:00,50,23,4,8,SE,10.2,0.0,670.0
2026-02-05 13:36:00,51,22,5,8,SE,10.2,0.0,668.0
2026-02-05 13:51:00,49,24,7,10,SSE,10.2,0.0,661.0
2026-02-05 14:06:00,49,25,7,11,SE,10.2,0.0,651.0
2026-02-05 14:21:00,49,26,7,11,SE,10.2,0.0,640.0
2026-02-05 14:36:00,50,25,6,9,SE,10.2,0.0,632.0
2026-02-05 14:51:00,50,25,7,12,SE,10.2,0.0,622.0
2026-02-05 15:06:00,49,26,9,14,SSE,10.2,0.0,607.0
2026-02-05 15:21:00,49,27,9,15,SE,10.2,0.0,588.0
2026-02-05 15:36:00,49,26,8,14,SE,10.2,0.0,565.0
2026-02-05 15:51:00,49,26,8,15,SE,10.2,0.0,534.0
2026-02-05 16:06:00,49,27,8,13,SE,10.2,0.0,490.0
2026-02-05 16:21:00,50,26,8,11,SE,10.2,0.0,435.0
2026-02-05 16:36:00,49,26,7,9,SE,10.2,0.0,388.0
2026-02-05 16:51:00,50,26,5,8,SE,10.2,0.0,343.0
2026-02-05 17:06:00,49,26,6,10,SE,10.2,0.0,281.0
2026-02-05 17:21:00,48,27,7,11,SE,10.2,0.0,235.0
2026-02-05 17:36:00,47,29,8,11,SSE,10.2,0.0,174.0
2026-02-05 17:51:00,46,30,8,12,SSE,10.2,0.0,112.0
2026-02-05 18:06:00,45,31,7,10,SSE,10.2,0.0,61.0
2026-02-05 18:21:00,44,33,8,11,SSE,10.2,0.0,13.0
2026-02-05 18:36:00,43,33,8,11,SE,10.2,0.0,1.0
2026-02-05 18:51:00,43,33,7,11,ESE,10.2,0.0,0.0
2026-02-05 19:06:00,43,33,7,11,ESE,10.2,0.0,0.0
2026-02-05 19:21:00,43,33,8,11,SE,10.2,0.0,0.0
2026-02-05 19:36:00,42,34,9,12,SE,10.2,0.0,0.0
2026-02-05 19:51:00,42,34,9,12,SE,10.2,0.0,0.0
2026-02-05 20:06:00,42,35,10,14,SE,10.2,0.0,0.0
2026-02-05 20:21:00,42,35,10,14,SE,10.2,0.0,0.0
2026-02-05 20:36:00,42,35,10,15,SE,10.2,0.0,0.0
2026-02-05 20:51:00,41,36,11,16,SE,10.2,0.0,0.0
2026-02-05 21:06:00,41,37,10,14,ESE,10.2,0.0,0.0
2026-02-05 21:21:00,41,37,12,16,SE,10.2,0.0,0.0
2026-02-05 21:36:00,42,37,12,17,SSE,10.2,0.0,0.0
2026-02-05 21:51:00,42,37,13,19,SSE,10.2,0.0,0.0
2026-02-05 22:06:00,41,37,13,18,SSE,10.2,0.0,0.0
2026-02-05 22:21:00,41,38,14,18,SE,10.2,0.0,0.0
2026-02-05 22:36:00,40,39,10,16,SSE,10.2,0.0,0.0
2026-02-05 22:51:00,41,40,10,16,SSE,10.2,0.0,0.0
2026-02-05 23:06:00,41,40,13,20,SSE,10.2,0.0,0.0
2026-02-05 23:21:00,41,40,14,21,SSE,10.2,0.0,0.0
2026-02-05 23:36:00,41,41,15,20,SE,10.2,0.0,0.0
2026-02-05 23:51:00,41,40,14,20,SE,10.2,0.0,0.0
2026-02-06 00:06:00,40,40,14,22,SE,10.2,0.0,0.0
2026-02-06 00:21:00,41,39,14,22,SSE,10.2,0.0,0.0
2026-02-06 00:36:00,41,38,15,20,SE,10.2,0.0,0.0
2026-02-06 00:51:00,41,38,14,22,SSE,10.2,0.0,0.0
2026-02-06 01:06:00,40,39,13,22,SSE,10.2,0.0,0.0
2026-02-06 01:21:00,40,39,11,20,SSE,10.2,0.0,0.0
2026-02-06 01:36:00,40,39,10,16,S,10.2,0.0,0.0
2026-02-06 01:51:00,40,39,11,16,SSE,10.2,0.0,0.0
2026-02-06 02:06:00,40,39,12,17,SSE,10.2,0.0,0.0
2026-02-06 02:21:00,40,39,11,18,SSE,10.2,0.0,0.0
2026-02-06 02:36:00,40,39,11,18,SSE,10.2,0.0,0.0
2026-02-06 02:51:00,40,39,11,19,SSE,10.2,0.0,0.0
2026-02-06 03:06:00,40,38,10,18,SSE,10.2,0.0,0.0
2026-02-06 03:21:00,40,38,9,17,SSE,10.2,0.0,0.0
2026-02-06 03:36:00,40,38,9,15,SSE,10.2,0.0,0.0
2026-02-06 03:51:00,41,37,8,16,SSE,10.2,0.0,0.0
2026-02-06 04:06:00,40,37,10,14,SSE,10.2,0.0,0.0
2026-02-06 04:21:00,40,37,10,15,SSE,10.2,0.0,0.0
2026-02-06 04:36:00,40,38,9,12,SSE,10.2,0.0,0.0
2026-02-06 04:51:00,40,37,8,13,SSE,10.2,0.0,0.0
2026-02-06 05:06:00,40,37,7,11,SSE,10.2,0.0,0.0
2026-02-06 05:21:00,41,37,7,10,SSE,10.2,0.0,0.0
2026-02-06 05:36:00,41,36,8,11,SSE,10.2,0.0,0.0
2026-02-06 05:51:00,41,36,8,11,S,10.2,0.0,0.0
2026-02-06 06:06:00,41,36,8,10,SSE,10.2,0.0,0.0
2026-02-06 06:21:00,41,36,8,10,SSE,10.2,0.0,0.0
2026-02-06 06:36:00,40,36,8,10,SSE,10.2,0.0,0.0
2026-02-06 06:51:00,40,36,8,11,SSE,10.2,0.0,0.0
2026-02-06 07:06:00,40,36,8,11,SSE,10.2,0.0,0.0
2026-02-06 07:21:00,40,36,8,11,SSE,10.2,0.0,0.0
2026-02-06 07:36:00,40,37,7,10,S,10.2,0.0,0.0
2026-02-06 07:51:00,40,37,7,9,S,10.2,0.0,0.0
2026-02-06 08:06:00,40,37,7,9,S,10.2,0.0,4.0
2026-02-06 08:21:00,40,37,7,9,S,10.2,0.0,14.0
2026-02-06 08:36:00,40,37,6,8,S,10.2,0.0,26.0
2026-02-06 08:51:00,41,36,4,8,S,10.2,0.0,42.0
2026-02-06 09:06:00,42,35,3,5,SSE,10.2,0.0,81.0
2026-02-06 09:21:00,44,33,2,5,SE,10.2,0.0,124.0
2026-02-06 09:36:00,45,33,1,2,ESE,10.2,0.0,161.0
2026-02-06 09:51:00,45,32,1,4,S,10.2,0.0,221.0
2026-02-06 10:06:00,47,32,2,4,SE,10.2,0.0,267.0
2026-02-06 10:21:00,48,31,1,4,ESE,10.2,0.0,311.0
2026-02-06 10:36:00,47,31,2,5,ESE,10.2,0.0,361.0
2026-02-06 10:51:00,45,31,5,8,SE,10.2,0.0,400.0
2026-02-06 11:06:00,45,32,5,8,S,10.2,0.0,444.0
2026-02-06 11:21:00,47,32,3,7,SSW,10.2,0.0,499.0
2026-02-06 11:36:00,47,30,4,8,SSW,10.2,0.0,566.0
2026-02-06 11:51:00,48,30,3,10,SW,10.2,0.0,592.0
2026-02-06 12:06:00,46,31,7,12,SSW,10.2,0.0,612.0
2026-02-06 12:21:00,46,32,7,13,SSW,10.2,0.0,667.0
2026-02-06 12:36:00,46,33,7,12,SSW,10.2,0.0,644.0
2026-02-06 12:51:00,46,33,6,12,SSW,10.2,0.0,776.0
2026-02-06 13:06:00,47,33,7,12,SSW,10.2,0.0,780.0
2026-02-06 13:21:00,47,34,6,12,SSW,10.2,0.0,745.0
2026-02-06 13:36:00,47,34,6,11,SSW,10.2,0.0,759.0
2026-02-06 13:51:00,47,34,6,10,S,10.2,0.0,762.0
2026-02-06 14:06:00,48,34,5,8,SSW,10.2,0.0,826.0
2026-02-06 14:21:00,47,34,5,11,SSW,10.2,0.0,771.0
2026-02-06 14:36:00,47,36,6,12,SSW,10.2,0.0,822.0
2026-02-06 14:51:00,47,37,6,10,SSW,10.2,0.0,736.0
2026-02-06 15:06:00,48,37,4,6,SW,10.2,0.0,804.0
2026-02-06 15:21:00,45,37,4,10,WSW,10.2,0.0,590.0
2026-02-06 15:36:00,43,42,6,11,WSW,10.2,0.0,525.0
2026-02-06 15:51:00,44,42,6,10,SW,10.2,0.0,635.0
2026-02-06 16:06:00,42,45,7,12,WSW,10.2,0.0,532.0
2026-02-06 16:21:00,42,47,7,11,WSW,10.2,0.0,545.0
2026-02-06 16:36:00,42,47,7,10,WSW,10.2,0.0,464.0
2026-02-06 16:51:00,41,49,6,10,WSW,10.2,0.0,326.0
2026-02-06 17:06:00,40,51,6,10,SW,10.2,0.0,206.0
2026-02-06 17:21:00,39,52,6,8,SW,10.2,0.0,177.0
2026-02-06 17:36:00,38,53,7,10,SW,10.2,0.0,125.0
2026-02-06 17:51:00,38,56,6,10,WSW,10.2,0.0,71.0
2026-02-06 18:06:00,37,57,6,9,SW,10.2,0.0,30.0
2026-02-06 18:21:00,37,55,7,10,SW,10.2,0.0,7.0
2026-02-06 18:36:00,37,55,8,11,SW,10.2,0.0,1.0
2026-02-06 18:51:00,36,58,8,12,SW,10.2,0.0,0.0
2026-02-06 19:06:00,36,57,6,9,SSW,10.2,0.0,0.0
2026-02-06 19:21:00,37,55,6,10,SSW,10.2,0.0,0.0
2026-02-06 19:36:00,37,51,6,10,SSW,10.2,0.0,0.0
2026-02-06 19:51:00,38,46,7,10,SSW,10.2,0.0,0.0
2026-02-06 20:06:00,38,44,8,11,SSW,10.2,0.0,0.0
2026-02-06 20:21:00,37,50,8,11,SW,10.2,0.0,0.0
2026-02-06 20:36:00,36,55,8,11,SW,10.2,0.0,0.0
2026-02-06 20:51:00,36,56,7,11,SW,10.2,0.0,0.0
2026-02-06 21:06:00,36,55,7,10,SW,10.2,0.0,0.0
2026-02-06 21:21:00,36,56,7,10,SW,10.2,0.0,0.0
2026-02-06 21:36:00,36,51,7,10,SSW,10.2,0.0,0.0
2026-02-06 21:51:00,35,52,7,12,SW,10.2,0.0,0.0
2026-02-06 22:06:00,35,51,6,9,SW,10.2,0.0,0.0
2026-02-06 22:21:00,35,48,6,8,SW,10.2,0.0,0.0
2026-02-06 22:36:00,36,47,6,9,SW,10.2,0.0,0.0
2026-02-06 22:51:00,36,46,5,9,WSW,10.2,0.0,0.0
2026-02-06 23:06:00,36,43,5,8,WSW,10.2,0.0,0.0
2026-02-06 23:21:00,36,43,6,8,WSW,10.2,0.0,0.0
2026-02-06 23:36:00,35,44,5,8,WSW,10.2,0.0,0.0
2026-02-06 23:51:00,35,47,6,8,WSW,10.2,0.0,0.0
2026-02-07 00:06:00,35,47,5,8,WSW,10.2,0.0,0.0
2026-02-07 00:21:00,36,44,6,9,WSW,10.2,0.0,0.0
2026-02-07 00:36:00,35,48,6,9,W,10.2,0.0,0.0
2026-02-07 00:51:00,34,51,6,10,W,10.2,0.0,0.0
2026-02-07 01:06:00,33,54,6,9,WSW,10.2,0.0,0.0
2026-02-07 01:21:00,33,55,6,9,W,10.2,0.0,0.0
2026-02-07 01:36:00,33,57,6,10,W,10.2,0.0,0.0
2026-02-07 01:51:00,34,51,5,8,W,10.2,0.0,0.0
2026-02-07 02:06:00,34,46,5,8,WSW,10.2,0.0,0.0
2026-02-07 02:21:00,34,45,5,9,WSW,10.2,0.0,0.0
2026-02-07 02:36:00,34,47,5,8,WSW,10.2,0.0,0.0
2026-02-07 02:51:00,34,50,5,8,WSW,10.2,0.0,0.0
2026-02-07 03:06:00,34,51,6,10,SW,10.2,0.0,0.0
2026-02-07 03:21:00,33,53,7,12,WSW,10.2,0.0,0.0
2026-02-07 03:36:00,33,56,7,11,WSW,10.2,0.0,0.0
2026-02-07 03:51:00,33,56,8,12,W,10.2,0.0,0.0
2026-02-07 04:06:00,33,56,9,13,W,10.2,0.0,0.0
2026-02-07 04:21:00,34,54,9,13,WNW,10.2,0.0,0.0
2026-02-07 04:36:00,34,49,11,17,WNW,10.2,0.0,0.0
2026-02-07 04:51:00,34,51,11,17,NW,10.2,0.0,0.0
2026-02-07 05:06:00,35,50,10,14,NW,10.2,0.0,0.0
2026-02-07 05:21:00,35,46,9,14,NW,10.2,0.0,0.0
2026-02-07 05:36:00,34,46,10,15,WNW,10.2,0.0,0.0
2026-02-07 05:51:00,34,48,10,17,WNW,10.2,0.0,0.0
2026-02-07 06:06:00,34,50,10,15,WNW,10.2,0.0,0.0
2026-02-07 06:21:00,34,48,9,15,WNW,10.2,0.0,0.0
2026-02-07 06:36:00,34,48,9,13,WNW,10.2,0.0,0.0
2026-02-07 06:51:00,34,49,9,14,WNW,10.2,0.0,0.0
2026-02-07 07:06:00,34,46,9,14,WNW,10.2,0.0,0.0
2026-02-07 07:21:00,34,44,9,14,WNW,10.2,0.0,0.0
2026-02-07 07:36:00,34,42,8,12,WNW,10.2,0.0,0.0
2026-02-07 07:51:00,34,44,8,13,W,10.2,0.0,0.0
2026-02-07 08:06:00,33,46,8,11,W,10.2,0.0,4.0
2026-02-07 08:21:00,33,49,8,12,W,10.2,0.0,15.0
2026-02-07 08:36:00,34,52,8,12,W,10.2,0.0,29.0
2026-02-07 08:51:00,34,52,8,11,W,10.2,0.0,48.0
2026-02-07 09:06:00,35,50,7,11,W,10.2,0.0,87.0
2026-02-07 09:21:00,35,48,7,11,W,10.2,0.0,126.0
2026-02-07 09:36:00,36,47,8,12,W,10.2,0.0,166.0
2026-02-07 09:51:00,36,46,8,13,W,10.2,0.0,228.0
2026-02-07 10:06:00,37,45,8,13,W,10.2,0.0,275.0
2026-02-07 10:21:00,37,44,7,11,W,10.2,0.0,328.0
2026-02-07 10:36:00,37,45,7,13,WSW,10.2,0.0,361.0
2026-02-07 10:51:00,37,46,8,12,WSW,10.2,0.0,396.0
2026-02-07 11:06:00,38,45,6,11,W,10.2,0.0,460.0
2026-02-07 11:21:00,38,43,7,11,WSW,10.2,0.0,522.0
2026-02-07 11:36:00,39,42,7,11,WSW,10.2,0.0,563.0
2026-02-07 11:51:00,40,44,6,11,WSW,10.2,0.0,599.0
2026-02-07 12:06:00,41,43,6,11,WSW,10.2,0.0,682.0
2026-02-07 12:21:00,41,42,7,11,SW,10.2,0.0,692.0
2026-02-07 12:36:00,42,43,5,12,WSW,10.2,0.0,763.0
2026-02-07 12:51:00,42,44,5,12,SW,10.2,0.0,699.0
2026-02-07 13:06:00,43,44,5,10,SW,10.2,0.0,687.0
2026-02-07 13:21:00,41,44,6,13,WSW,10.2,0.0,655.0
2026-02-07 13:36:00,41,43,7,13,WSW,10.2,0.0,735.0
2026-02-07 13:51:00,42,43,5,9,SW,10.2,0.0,728.0
2026-02-07 14:06:00,41,46,6,11,SSW,10.2,0.0,772.0
2026-02-07 14:21:00,40,48,6,11,SW,10.2,0.0,736.0
2026-02-07 14:36:00,40,47,7,14,WSW,10.2,0.0,661.0
2026-02-07 14:51:00,39,47,10,17,WSW,10.2,0.0,650.0
2026-02-07 15:06:00,38,50,11,16,SW,10.2,0.0,563.0
2026-02-07 15:21:00,37,52,10,15,WSW,10.2,0.0,572.0
2026-02-07 15:36:00,37,54,8,14,WSW,10.2,0.0,483.0
2026-02-07 15:51:00,38,52,6,11,SW,10.2,0.0,504.0
2026-02-07 16:06:00,38,50,4,9,WSW,10.2,0.0,505.0
2026-02-07 16:21:00,37,53,6,12,WSW,10.2,0.0,444.0
2026-02-07 16:36:00,36,55,9,15,WSW,10.2,0.0,318.0
2026-02-07 16:51:00,37,54,10,18,WSW,10.2,0.0,465.0
2026-02-07 17:06:00,35,55,6,12,WSW,10.2,0.0,311.0
2026-02-07 17:21:00,34,57,6,11,WSW,10.2,0.0,171.0
2026-02-07 17:36:00,34,57,6,12,WSW,10.2,0.0,157.0
2026-02-07 17:51:00,34,54,6,11,SW,10.2,0.0,118.0
2026-02-07 18:06:00,34,53,6,9,SW,10.2,0.0,37.0
2026-02-07 18:21:00,33,54,6,11,SW,10.2,0.0,5.0
2026-02-07 18:36:00,33,56,7,10,SW,10.2,0.0,0.0
2026-02-07 18:51:00,33,58,6,11,SW,10.2,0.0,0.0
2026-02-07 19:06:00,33,58,7,12,SW,10.2,0.0,0.0
2026-02-07 19:21:00,34,55,8,14,SW,10.2,0.0,0.0
2026-02-07 19:36:00,34,52,10,14,SW,10.2,0.0,0.0
2026-02-07 19:51:00,34,52,10,17,SW,10.2,0.0,0.0
2026-02-07 20:06:00,34,52,10,16,SW,10.2,0.0,0.0
2026-02-07 20:21:00,34,52,11,20,SW,10.2,0.0,0.0
2026-02-07 20:36:00,35,51,11,20,SW,10.2,0.0,0.0
2026-02-07 20:51:00,35,50,12,23,SW,10.2,0.0,0.0
2026-02-07 21:06:00,35,50,13,20,SW,10.2,0.0,0.0
2026-02-07 21:21:00,35,52,11,20,SW,10.2,0.0,0.0
2026-02-07 21:36:00,35,54,12,25,SW,10.2,0.0,0.0
2026-02-07 21:51:00,35,54,12,23,SW,10.2,0.0,0.0
2026-02-07 22:06:00,34,56,8,19,SW,10.2,0.0,0.0
2026-02-07 22:21:00,34,56,11,20,SW,10.2,0.0,0.0
2026-02-07 22:36:00,34,57,10,20,SW,10.2,0.0,0.0
2026-02-07 22:51:00,34,59,9,19,SW,10.2,0.0,0.0
2026-02-07 23:06:00,34,59,9,17,SW,10.2,0.0,0.0
2026-02-07 23:21:00,34,58,10,23,SW,10.2,0.0,0.0
2026-02-07 23:36:00,33,59,11,19,WSW,10.2,0.0,0.0
2026-02-07 23:51:00,32,62,13,23,WSW,10.2,0.0,0.0
2026-02-08 00:06:00,32,67,11,18,WSW,10.2,0.0,0.0
2026-02-08 00:21:00,32,66,9,16,WSW,10.2,0.0,0.0
2026-02-08 00:36:00,32,64,9,14,SW,10.2,0.0,0.0
2026-02-08 00:51:00,33,62,9,17,SW,10.2,0.0,0.0
2026-02-08 01:06:00,33,61,9,15,SW,10.2,0.0,0.0
2026-02-08 01:21:00,33,61,10,19,SW,10.2,0.0,0.0
2026-02-08 01:36:00,33,60,10,20,SW,10.2,0.0,0.0
2026-02-08 01:51:00,33,61,10,18,SW,10.2,0.0,0.0
2026-02-08 02:06:00,33,60,10,17,SW,10.2,0.0,0.0
2026-02-08 02:21:00,33,61,8,16,WSW,10.2,0.0,0.0
2026-02-08 02:36:00,33,61,8,17,SW,10.2,0.0,0.0
2026-02-08 02:51:00,33,62,8,17,SW,10.2,0.0,0.0
2026-02-08 03:06:00,32,62,7,11,SW,10.2,0.0,0.0
2026-02-08 03:21:00,32,62,8,11,SW,10.2,0.0,0.0
2026-02-08 03:36:00,32,64,9,17,WSW,10.2,0.0,0.0
2026-02-08 03:51:00,32,64,9,16,SW,10.2,0.0,0.0
2026-02-08 04:06:00,32,64,10,16,SW,10.2,0.0,0.0
2026-02-08 04:21:00,32,65,10,15,SW,10.2,0.0,0.0
2026-02-08 04:36:00,32,66,10,15,SW,10.2,0.0,0.0
2026-02-08 04:51:00,32,66,10,16,SW,10.2,0.0,0.0
2026-02-08 05:06:00,32,67,9,15,SW,10.2,0.0,0.0
2026-02-08 05:21:00,32,69,10,17,SW,10.2,0.0,0.0
2026-02-08 05:36:00,30,76,11,18,SW,10.2,0.0,0.0
2026-02-08 05:51:00,29,81,12,19,WSW,10.2,0.0,0.0
2026-02-08 06:06:00,29,85,11,17,SW,10.2,0.0,0.0
2026-02-08 06:21:00,29,88,10,17,SW,10.2,0.0,0.0
2026-02-08 06:36:00,29,88,10,16,SSW,10.2,0.0,0.0
2026-02-08 06:51:00,29,85,10,17,SSW,10.2,0.0,0.0
2026-02-08 07:06:00,30,82,10,16,SSW,10.2,0.0,0.0
2026-02-08 07:21:00,30,79,13,22,SSW,10.2,0.0,0.0
2026-02-08 07:36:00,30,79,14,26,SW,10.2,0.0,0.0
2026-02-08 07:51:00,29,84,14,23,SSW,10.2,0.0,0.0
2026-02-08 08:06:00,29,86,12,19,SW,10.2,0.0,2.0
2026-02-08 08:21:00,29,86,11,19,SSW,10.2,0.0,9.0
2026-02-08 08:36:00,29,85,12,21,SSW,10.2,0.0,23.0
2026-02-08 08:51:00,29,83,12,24,SW,10.2,0.0,63.0
2026-02-08 09:06:00,29,84,11,23,SW,10.2,0.0,90.0
2026-02-08 09:21:00,29,86,13,22,SSW,10.2,0.0,161.0
2026-02-08 09:36:00,30,84,15,22,S,10.2,0.0,205.0
2026-02-08 09:51:00,30,79,17,27,S,10.2,0.0,273.0
2026-02-08 10:06:00,30,79,17,26,S,10.2,0.0,268.0
2026-02-08 10:21:00,30,80,16,32,SSW,10.2,0.0,294.0
2026-02-08 10:36:00,30,83,14,23,SSW,10.2,0.0,266.0
2026-02-08 10:51:00,29,88,15,25,SSW,10.2,0.0,252.0
2026-02-08 11:06:00,29,92,14,24,SSW,10.2,0.0,141.0
2026-02-08 11:21:00,28,93,15,21,SSW,10.2,0.0,207.0
2026-02-08 11:36:00,28,93,16,25,SSW,10.2,0.0,181.0
2026-02-08 11:51:00,29,94,16,25,SSW,10.2,0.0,204.0
2026-02-08 12:06:00,29,94,18,27,SSW,10.2,0.0,148.0
2026-02-08 12:21:00,28,94,17,25,S,10.2,0.0,150.0
2026-02-08 12:36:00,28,94,15,21,S,10.2,0.0,147.0
2026-02-08 12:51:00,28,93,13,22,S,10.2,0.0,134.0
2026-02-08 13:06:00,28,93,12,19,S,10.2,0.0,137.0
2026-02-08 13:21:00,28,93,11,17,S,10.2,0.0,155.0
2026-02-08 13:36:00,28,93,12,17,SSW,10.2,0.0,217.0
2026-02-08 13:51:00,29,92,12,20,SSW,10.2,0.0,243.0
2026-02-08 14:06:00,29,92,12,20,SSW,10.2,0.0,275.0
2026-02-08 14:21:00,29,92,14,21,SSW,10.2,0.0,291.0
2026-02-08 14:36:00,29,93,13,18,SSW,10.2,0.0,265.0
2026-02-08 14:51:00,30,94,13,22,SSW,10.2,0.0,265.0
2026-02-08 15:06:00,30,92,14,21,SSW,10.2,0.0,152.0
2026-02-08 15:21:00,30,91,13,19,S,10.2,0.0,124.0
2026-02-08 15:36:00,29,91,12,19,SSW,10.2,0.0,93.0
2026-02-08 15:51:00,29,91,12,19,SSW,10.2,0.0,76.0
2026-02-08 16:06:00,29,92,13,20,S,10.2,0.0,90.0
2026-02-08 16:21:00,30,92,12,19,S,10.2,0.0,74.0
2026-02-08 16:36:00,30,90,13,20,S,10.2,0.0,70.0
2026-02-08 16:51:00,30,88,14,20,S,10.2,0.0,58.0
2026-02-08 17:06:00,31,86,15,22,S,10.2,0.0,87.0
2026-02-08 17:21:00,31,82,16,23,S,10.2,0.0,55.0
2026-02-08 17:36:00,31,80,16,26,S,10.2,0.0,20.0
2026-02-08 17:51:00,31,79,16,23,S,10.2,0.0,10.0
2026-02-08 18:06:00,32,78,16,23,S,10.2,0.0,4.0
2026-02-08 18:21:00,32,78,16,25,S,10.2,0.0,1.0
2026-02-08 18:36:00,32,78,16,22,S,10.2,0.0,0.0
2026-02-08 18:51:00,32,76,17,25,S,10.2,0.0,0.0
2026-02-08 19:06:00,33,76,15,23,S,10.2,0.0,0.0
2026-02-08 19:21:00,33,76,17,27,S,10.2,0.0,0.0
2026-02-08 19:36:00,32,77,16,26,S,10.2,0.0,0.0
2026-02-08 19:51:00,32,79,13,24,SSW,10.2,0.0,0.0
2026-02-08 20:06:00,32,82,14,29,SSW,10.2,0.0,0.0
2026-02-08 20:21:00,31,89,16,29,SSW,10.2,0.0,0.0
2026-02-08 20:36:00,30,94,13,23,SW,10.2,0.0,0.0
2026-02-08 20:51:00,31,95,14,22,SSW,10.2,0.0,0.0
2026-02-08 21:06:00,31,95,13,27,SW,10.2,0.0,0.0
2026-02-08 21:21:00,31,95,16,26,SSW,10.2,0.0,0.0
2026-02-08 21:36:00,31,95,14,24,SSW,10.2,0.0,0.0
2026-02-08 21:51:00,31,95,15,24,S,10.2,0.0,0.0
2026-02-08 22:06:00,31,95,14,23,S,10.2,0.0,0.0
2026-02-08 22:21:00,31,95,11,19,SSW,10.2,0.0,0.0
2026-02-08 22:36:00,31,95,11,21,SSW,10.2,0.0,0.0
2026-02-08 22:51:00,31,96,12,19,SSW,10.2,0.0,0.0
2026-02-08 23:06:00,31,96,9,18,SW,10.2,0.0,0.0
2026-02-08 23:21:00,29,95,12,20,WSW,10.2,0.0,0.0
2026-02-08 23:36:00,28,95,15,23,WSW,10.2,0.0,0.0
2026-02-08 23:51:00,27,94,13,21,WSW,10.2,0.0,0.0
2026-02-09 00:06:00,27,94,13,20,WSW,10.2,0.0,0.0
2026-02-09 00:21:00,27,93,12,19,WSW,10.2,0.0,0.0
2026-02-09 00:36:00,27,93,14,19,WSW,10.2,0.0,0.0
2026-02-09 00:51:00,26,93,14,20,WSW,10.2,0.0,0.0
2026-02-09 01:06:00,26,93,13,20,WSW,10.2,0.0,0.0
2026-02-09 01:21:00,26,93,15,24,WSW,10.2,0.0,0.0
2026-02-09 01:36:00,26,93,15,23,WSW,10.2,0.0,0.0
2026-02-09 01:51:00,26,92,13,24,WSW,10.2,0.0,0.0
2026-02-09 02:06:00,25,92,14,24,WSW,10.2,0.0,0.0
2026-02-09 02:21:00,25,92,16,26,SW,10.2,0.0,0.0
2026-02-09 02:36:00,24,92,17,24,SW,10.2,0.0,0.0
2026-02-09 02:51:00,24,92,15,27,W,10.2,0.0,0.0
2026-02-09 03:06:00,24,91,14,21,W,10.2,0.0,0.0
2026-02-09 03:21:00,24,91,10,22,WNW,10.2,0.0,0.0
2026-02-09 03:36:00,23,91,10,16,WNW,10.2,0.0,0.0
2026-02-09 03:51:00,23,91,9,16,WNW,10.2,0.0,0.0
2026-02-09 04:06:00,23,91,9,14,WNW,10.2,0.0,0.0
2026-02-09 04:21:00,23,91,10,18,WNW,10.2,0.0,0.0
2026-02-09 04:36:00,23,91,10,17,WNW,10.2,0.0,0.0
2026-02-09 04:51:00,23,91,9,15,WNW,10.2,0.0,0.0
2026-02-09 05:06:00,23,91,6,11,W,10.2,0.0,0.0
2026-02-09 05:21:00,23,91,5,9,WSW,10.2,0.0,0.0
2026-02-09 05:36:00,23,91,6,13,W,10.2,0.0,0.0
2026-02-09 05:51:00,22,91,8,16,WSW,10.2,0.0,0.0
2026-02-09 06:06:00,23,91,7,14,WSW,10.2,0.0,0.0
2026-02-09 06:21:00,22,91,9,14,WSW,10.2,0.0,0.0
2026-02-09 06:36:00,21,90,13,22,W,10.2,0.0,0.0
2026-02-09 06:51:00,21,90,11,19,WSW,10.2,0.0,0.0
2026-02-09 07:06:00,20,90,13,20,WSW,10.2,0.0,0.0
2026-02-09 07:21:00,19,89,13,21,WSW,10.2,0.0,0.0
2026-02-09 07:36:00,19,89,14,22,WSW,10.2,0.0,0.0
2026-02-09 07:51:00,19,90,13,22,WSW,10.2,0.0,0.0
2026-02-09 08:06:00,19,89,12,19,W,10.2,0.0,4.0
2026-02-09 08:21:00,19,90,10,16,W,10.2,0.0,14.0
2026-02-09 08:36:00,19,89,11,18,WSW,10.2,0.0,34.0
2026-02-09 08:51:00,19,89,13,19,WSW,10.2,0.0,103.0
2026-02-09 09:06:00,19,89,13,24,WSW,10.2,0.0,153.0
2026-02-09 09:21:00,19,89,12,19,WSW,10.2,0.0,186.0
2026-02-09 09:36:00,19,89,13,21,W,10.2,0.0,285.0
2026-02-09 09:51:00,19,89,12,20,W,10.2,0.0,256.0
2026-02-09 10:06:00,19,89,12,20,WSW,10.2,0.0,155.0
2026-02-09 10:21:00,19,89,10,18,WSW,10.2,0.0,206.0
2026-02-09 10:36:00,19,89,10,18,WSW,10.2,0.0,194.0
2026-02-09 10:51:00,19,89,11,18,WSW,10.2,0.0,332.0
2026-02-09 11:06:00,20,89,10,19,WSW,10.2,0.0,325.0
2026-02-09 11:21:00,20,89,10,16,W,10.2,0.0,377.0
2026-02-09 11:36:00,20,89,10,15,WSW,10.2,0.0,344.0
2026-02-09 11:51:00,20,89,10,16,W,10.2,0.0,415.0
2026-02-09 12:06:00,20,89,10,16,W,10.2,0.0,567.0
2026-02-09 12:21:00,21,89,9,16,W,10.2,0.0,524.0
2026-02-09 12:36:00,20,89,8,14,W,10.2,0.0,446.0
2026-02-09 12:51:00,20,89,7,15,W,10.2,0.0,355.0
2026-02-09 13:06:00,20,89,7,13,W,10.2,0.0,258.0
2026-02-09 13:21:00,20,89,6,13,W,10.2,0.0,356.0
2026-02-09 13:36:00,20,89,6,12,W,10.2,0.0,260.0
2026-02-09 13:51:00,21,89,4,10,WSW,10.2,0.0,348.0
2026-02-09 14:06:00,21,89,5,10,W,10.2,0.0,360.0
2026-02-09 14:21:00,20,89,6,13,W,10.2,0.0,367.0
2026-02-09 14:36:00,20,89,5,11,W,10.2,0.0,324.0
2026-02-09 14:51:00,21,89,6,13,W,10.2,0.0,540.0
2026-02-09 15:06:00,21,88,6,12,W,10.2,0.0,422.0
2026-02-09 15:21:00,22,89,7,11,W,10.2,0.0,589.0
2026-02-09 15:36:00,22,88,8,13,WNW,10.2,0.0,589.0
2026-02-09 15:51:00,21,88,7,11,WNW,10.2,0.0,303.0
2026-02-09 16:06:00,20,88,6,13,WNW,10.2,0.0,193.0
2026-02-09 16:21:00,20,89,6,12,NW,10.2,0.0,211.0
2026-02-09 16:36:00,20,89,5,10,WNW,10.2,0.0,162.0
2026-02-09 16:51:00,19,88,6,10,NW,10.2,0.0,109.0
2026-02-09 17:06:00,20,89,6,11,NW,10.2,0.0,183.0
2026-02-09 17:21:00,20,88,7,12,NW,10.2,0.0,224.0
2026-02-09 17:36:00,20,87,7,11,NW,10.2,0.0,196.0
2026-02-09 17:51:00,19,87,8,12,NW,10.2,0.0,134.0
2026-02-09 18:06:00,18,87,9,13,NW,10.2,0.0,63.0
2026-02-09 18:21:00,18,88,9,12,NNW,10.2,0.0,13.0
2026-02-09 18:36:00,17,89,8,12,NNW,10.2,0.0,2.0
2026-02-09 18:51:00,17,89,8,12,NNW,10.2,0.0,0.0
2026-02-09 19:06:00,17,89,8,11,NW,10.2,0.0,0.0
2026-02-09 19:21:00,17,89,7,10,NW,10.2,0.0,0.0
2026-02-09 19:36:00,17,89,6,10,NW,10.2,0.0,0.0
2026-02-09 19:51:00,17,89,4,7,NW,10.2,0.0,0.0
2026-02-09 20:06:00,17,89,5,7,NW,10.2,0.0,0.0
2026-02-09 20:21:00,17,89,4,7,NW,10.2,0.0,0.0
2026-02-09 20:36:00,17,89,4,6,WNW,10.2,0.0,0.0
2026-02-09 20:51:00,17,89,5,8,W,10.2,0.0,0.0
2026-02-09 21:06:00,17,89,5,9,WNW,10.2,0.0,0.0
2026-02-09 21:21:00,17,89,6,9,WNW,10.2,0.0,0.0
2026-02-09 21:36:00,17,89,5,9,WNW,10.2,0.0,0.0
2026-02-09 21:51:00,17,89,4,8,W,10.2,0.0,0.0
2026-02-09 22:06:00,17,89,4,6,WSW,10.2,0.0,0.0
2026-02-09 22:21:00,18,89,3,8,WSW,10.2,0.0,0.0
2026-02-09 22:36:00,18,89,2,4,WSW,10.2,0.0,0.0
2026-02-09 22:51:00,17,89,2,3,WSW,10.2,0.0,0.0
2026-02-09 23:06:00,17,89,1,3,WSW,10.2,0.0,0.0
2026-02-09 23:21:00,17,88,2,5,WSW,10.2,0.0,0.0
2026-02-09 23:36:00,17,88,3,5,SW,10.2,0.0,0.0
2026-02-09 23:51:00,16,88,0,2,SW,10.2,0.0,0.0
2026-02-10 00:06:00,16,88,0,2,SSW,10.2,0.0,0.0
2026-02-10 00:21:00,16,88,0,2,SSW,10.2,0.0,0.0
2026-02-10 00:36:00,16,88,2,4,S,10.2,0.0,0.0
2026-02-10 00:51:00,16,89,2,3,SSE,10.2,0.0,0.0
2026-02-10 01:06:00,16,89,2,3,SE,10.2,0.0,0.0
2026-02-10 01:21:00,17,89,2,3,ESE,10.2,0.0,0.0
2026-02-10 01:36:00,17,89,0,2,ESE,10.2,0.0,0.0
2026-02-10 01:51:00,15,87,0,2,E,10.2,0.0,0.0
2026-02-10 02:06:00,14,87,0,1,ESE,10.2,0.0,0.0
2026-02-10 02:21:00,14,88,0,2,E,10.2,0.0,0.0
2026-02-10 02:36:00,14,89,1,3,E,10.2,0.0,0.0
2026-02-10 02:51:00,14,88,1,3,E,10.2,0.0,0.0
2026-02-10 03:06:00,15,89,1,3,E,10.2,0.0,0.0
2026-02-10 03:21:00,15,88,1,3,E,10.2,0.0,0.0
2026-02-10 03:36:00,14,88,1,4,E,10.2,0.0,0.0
2026-02-10 03:51:00,14,88,1,3,E,10.2,0.0,0.0
2026-02-10 04:06:00,14,88,0,2,ENE,10.2,0.0,0.0
2026-02-10 04:21:00,13,88,0,1,ENE,10.2,0.0,0.0
2026-02-10 04:36:00,13,88,0,6,NE,10.2,0.0,0.0
2026-02-10 04:51:00,13,87,0,2,NE,10.2,0.0,0.0
2026-02-10 05:06:00,12,87,0,1,ENE,10.2,0.0,0.0
2026-02-10 05:21:00,12,87,0,2,ENE,10.2,0.0,0.0
2026-02-10 05:36:00,12,87,0,2,ENE,10.2,0.0,0.0
2026-02-10 05:51:00,13,88,1,2,ENE,10.2,0.0,0.0
2026-02-10 06:06:00,13,88,2,4,E,10.2,0.0,0.0
2026-02-10 06:21:00,14,88,4,5,ESE,10.2,0.0,0.0
2026-02-10 06:36:00,14,88,5,6,ESE,10.2,0.0,0.0
2026-02-10 06:51:00,14,88,6,7,ESE,10.2,0.0,0.0
2026-02-10 07:06:00,14,87,6,7,ESE,10.2,0.0,0.0
2026-02-10 07:21:00,15,87,7,8,E,10.2,0.0,0.0
2026-02-10 07:36:00,15,87,6,7,E,10.2,0.0,0.0
2026-02-10 07:51:00,14,87,7,9,ESE,10.2,0.0,0.0
2026-02-10 08:06:00,14,87,8,11,ESE,10.2,0.0,4.0
2026-02-10 08:21:00,15,86,8,11,ESE,10.2,0.0,11.0
2026-02-10 08:36:00,15,86,11,17,E,10.2,0.0,28.0
2026-02-10 08:51:00,15,86,12,17,ESE,10.2,0.0,42.0
2026-02-10 09:06:00,15,86,12,17,ESE,10.2,0.0,62.0
2026-02-10 09:21:00,16,86,11,18,E,10.2,0.0,75.0
2026-02-10 09:36:00,17,86,9,13,E,10.2,0.0,156.0
2026-02-10 09:51:00,17,85,10,14,ESE,10.2,0.0,242.0
2026-02-10 10:06:00,18,84,11,15,ESE,10.2,0.0,282.0
2026-02-10 10:21:00,19,83,11,15,SE,10.2,0.0,386.0
2026-02-10 10:36:00,19,79,11,15,SE,10.2,0.0,428.0
2026-02-10 10:51:00,19,77,11,17,SE,10.2,0.0,384.0
2026-02-10 11:06:00,20,75,11,15,SE,10.2,0.0,487.0
2026-02-10 11:21:00,21,75,9,14,SE,10.2,0.0,536.0
2026-02-10 11:36:00,21,74,10,20,SE,10.2,0.0,605.0
2026-02-10 11:51:00,20,73,14,20,SE,10.2,0.0,635.0
2026-02-10 12:06:00,21,72,13,19,SE,10.2,0.0,689.0
2026-02-10 12:21:00,21,70,13,20,SE,10.2,0.0,711.0
2026-02-10 12:36:00,21,69,15,20,SE,10.2,0.0,715.0
2026-02-10 12:51:00,22,67,14,22,SE,10.2,0.0,724.0
2026-02-10 13:06:00,23,66,13,22,SE,10.2,0.0,749.0
2026-02-10 13:21:00,22,67,15,23,SE,10.2,0.0,791.0
2026-02-10 13:36:00,22,69,15,21,SE,10.2,0.0,813.0
2026-02-10 13:51:00,23,67,16,23,SE,10.2,0.0,802.0
2026-02-10 14:06:00,23,65,15,22,SE,10.2,0.0,764.0
2026-02-10 14:21:00,25,66,13,23,SSE,10.2,0.0,719.0
2026-02-10 14:36:00,25,64,13,21,SSE,10.2,0.0,687.0
2026-02-10 14:51:00,25,62,13,21,SSE,10.2,0.0,671.0
2026-02-10 15:06:00,26,62,12,16,SSE,10.2,0.0,656.0
2026-02-10 15:21:00,26,61,13,19,SSE,10.2,0.0,588.0
2026-02-10 15:36:00,26,62,10,15,SSE,10.2,0.0,605.0
2026-02-10 15:51:00,26,59,12,18,SSE,10.2,0.0,596.0
2026-02-10 16:06:00,26,58,14,20,SSE,10.2,0.0,531.0
2026-02-10 16:21:00,26,57,14,20,SE,10.2,0.0,472.0
2026-02-10 16:36:00,26,56,14,20,SE,10.2,0.0,416.0
2026-02-10 16:51:00,26,56,13,18,SSE,10.2,0.0,369.0
2026-02-10 17:06:00,27,57,13,19,SSE,10.2,0.0,320.0
2026-02-10 17:21:00,26,58,13,17,SSE,10.2,0.0,270.0
2026-02-10 17:36:00,26,58,13,18,SSE,10.2,0.0,219.0
2026-02-10 17:51:00,25,57,16,23,SSE,10.2,0.0,145.0
2026-02-10 18:06:00,25,59,15,21,SSE,10.2,0.0,93.0
2026-02-10 18:21:00,24,58,14,19,SSE,10.2,0.0,38.0
2026-02-10 18:36:00,24,58,14,19,SSE,10.2,0.0,4.0
2026-02-10 18:51:00,24,57,13,19,SSE,10.2,0.0,0.0
2026-02-10 19:06:00,24,56,11,16,SE,10.2,0.0,0.0
2026-02-10 19:21:00,23,58,7,12,ESE,10.2,0.0,0.0
2026-02-10 19:36:00,23,61,6,9,E,10.2,0.0,0.0
2026-02-10 19:51:00,23,59,8,15,E,10.2,0.0,0.0
2026-02-10 20:06:00,24,58,9,13,ESE,10.2,0.0,0.0
2026-02-10 20:21:00,24,51,11,16,ESE,10.2,0.0,0.0
2026-02-10 20:36:00,24,47,12,17,ESE,10.2,0.0,0.0
2026-02-10 20:51:00,23,43,12,20,SE,10.2,0.0,0.0
2026-02-10 21:06:00,24,40,16,24,SE,10.2,0.0,0.0
2026-02-10 21:21:00,23,41,16,23,SE,10.2,0.0,0.0
2026-02-10 21:36:00,23,39,15,22,SSE,10.2,0.0,0.0
2026-02-10 21:51:00,23,38,15,23,SE,10.2,0.0,0.0
2026-02-10 22:06:00,23,35,17,28,SE,10.2,0.0,0.0
2026-02-10 22:21:00,23,36,17,25,SE,10.2,0.0,0.0
2026-02-10 22:36:00,23,40,13,20,ESE,10.2,0.0,0.0
2026-02-10 22:51:00,23,38,12,19,ESE,10.2,0.0,0.0
2026-02-10 23:06:00,24,35,11,20,ESE,10.2,0.0,0.0
2026-02-10 23:21:00,24,36,13,19,ESE,10.2,0.0,0.0
2026-02-10 23:36:00,24,39,15,25,ESE,10.2,0.0,0.0
2026-02-10 23:51:00,24,41,15,24,ESE,10.2,0.0,0.0
2026-02-11 00:06:00,23,45,17,26,SE,10.2,0.0,0.0
2026-02-11 00:21:00,23,48,20,30,SE,10.2,0.0,0.0
2026-02-11 00:36:00,23,50,18,26,SE,10.2,0.0,0.0
2026-02-11 00:51:00,23,51,19,28,SE,10.2,0.0,0.0
2026-02-11 01:06:00,23,51,15,23,ESE,10.2,0.0,0.0
2026-02-11 01:21:00,23,51,16,23,SE,10.2,0.0,0.0
2026-02-11 01:36:00,23,51,18,26,SE,10.2,0.0,0.0
2026-02-11 01:51:00,23,52,18,26,SE,10.2,0.0,0.0
2026-02-11 02:06:00,23,52,15,22,SE,10.2,0.0,0.0
2026-02-11 02:21:00,23,52,14,21,SE,10.2,0.0,0.0
2026-02-11 02:36:00,23,52,15,22,SE,10.2,0.0,0.0
2026-02-11 02:51:00,22,55,15,23,SE,10.2,0.0,0.0
2026-02-11 03:06:00,22,64,14,19,SE,10.2,0.0,0.0
2026-02-11 03:21:00,22,64,15,22,SE,10.2,0.0,0.0
2026-02-11 03:36:00,22,64,16,23,SE,10.2,0.0,0.0
2026-02-11 03:51:00,22,64,15,24,SE,10.2,0.0,0.0
2026-02-11 04:06:00,22,65,12,18,ESE,10.2,0.0,0.0
2026-02-11 04:21:00,22,63,9,14,ESE,10.2,0.0,0.0
2026-02-11 04:36:00,22,64,7,10,ESE,10.2,0.0,0.0
2026-02-11 04:51:00,21,73,9,16,ESE,10.2,0.0,0.0
2026-02-11 05:06:00,21,82,9,14,ESE,10.2,0.0,0.0
2026-02-11 05:21:00,21,76,8,11,ESE,10.2,0.0,0.0
2026-02-11 05:36:00,21,77,9,13,ESE,10.2,0.0,0.0
2026-02-11 05:51:00,22,75,8,11,ESE,10.2,0.0,0.0
2026-02-11 06:06:00,22,73,7,13,ESE,10.2,0.0,0.0
2026-02-11 06:21:00,23,75,4,8,ESE,10.2,0.0,0.0
2026-02-11 06:36:00,23,78,5,7,ESE,10.2,0.0,0.0
2026-02-11 06:51:00,23,77,6,10,ESE,10.2,0.0,0.0
2026-02-11 07:06:00,23,78,5,7,ESE,10.2,0.0,0.0
2026-02-11 07:21:00,23,79,5,7,ESE,10.2,0.0,0.0
2026-02-11 07:36:00,23,79,3,6,ESE,10.2,0.0,0.0
2026-02-11 07:51:00,23,81,2,5,E,10.2,0.0,0.0
2026-02-11 08:06:00,22,83,3,6,ESE,10.2,0.0,4.0
2026-02-11 08:21:00,22,85,2,4,ESE,10.2,0.0,7.0
2026-02-11 08:36:00,23,88,1,2,E,10.2,0.0,13.0
2026-02-11 08:51:00,25,91,1,4,SE,10.2,0.0,27.0
2026-02-11 09:06:00,25,90,2,4,SE,10.2,0.0,23.0
2026-02-11 09:21:00,24,90,5,7,ESE,10.2,0.0,24.0
2026-02-11 09:36:00,25,91,4,6,ESE,10.2,0.0,64.0
2026-02-11 09:51:00,25,91,4,6,ESE,10.2,0.0,72.0
2026-02-11 10:06:00,25,91,2,4,E,10.2,0.0,45.0
2026-02-11 10:21:00,26,91,2,4,E,10.2,0.0,53.0
2026-02-11 10:36:00,26,90,2,3,ESE,10.2,0.0,49.0
2026-02-11 10:51:00,27,90,2,5,ESE,10.2,0.0,74.0
2026-02-11 11:06:00,28,89,4,6,SE,10.2,0.0,155.0
2026-02-11 11:21:00,28,88,5,6,SE,10.2,0.0,227.0
2026-02-11 11:36:00,29,87,5,8,SE,10.2,0.0,301.0
2026-02-11 11:51:00,29,85,5,7,SE,10.2,0.0,321.0
2026-02-11 12:06:00,29,85,5,8,SE,10.2,0.0,389.0
2026-02-11 12:21:00,29,84,4,7,SSE,10.2,0.0,402.0
2026-02-11 12:36:00,30,84,4,6,SSE,10.2,0.0,875.0
2026-02-11 12:51:00,33,82,1,3,SW,10.2,0.0,1009.0
2026-02-11 13:06:00,33,79,1,2,WSW,10.21,0.01,922.0
2026-02-11 13:21:00,33,78,1,4,WNW,10.21,0.01,894.0
2026-02-11 13:36:00,32,80,1,3,NNW,10.21,0.01,554.0
2026-02-11 13:51:00,32,82,1,4,SW,10.21,0.01,569.0
2026-02-11 14:06:00,31,82,1,3,WSW,10.21,0.01,635.0
2026-02-11 14:21:00,30,83,2,4,W,10.21,0.01,525.0
2026-02-11 14:36:00,29,85,3,5,WSW,10.21,0.01,471.0
2026-02-11 14:51:00,29,87,3,5,W,10.22,0.02,554.0
2026-02-11 15:06:00,30,85,1,3,W,10.22,0.02,536.0
2026-02-11 15:21:00,31,83,0,2,NW,10.22,0.02,416.0
2026-02-11 15:36:00,31,83,0,3,N,10.22,0.02,403.0
2026-02-11 15:51:00,30,83,1,3,N,10.22,0.02,367.0
2026-02-11 16:06:00,29,85,2,3,NW,10.22,0.02,246.0
2026-02-11 16:21:00,29,87,1,3,WNW,10.22,0.02,320.0
2026-02-11 16:36:00,30,85,2,3,N,10.22,0.02,409.0
2026-02-11 16:51:00,30,84,2,4,N,10.22,0.02,427.0
2026-02-11 17:06:00,32,82,2,4,NNE,10.22,0.02,456.0
2026-02-11 17:21:00,37,73,0,2,E,10.22,0.02,337.0
2026-02-11 17:36:00,33,68,1,3,S,10.22,0.02,211.0
2026-02-11 17:51:00,35,76,0,2,WSW,10.22,0.02,153.0
2026-02-11 18:06:00,30,72,0,2,N,10.22,0.02,59.0
2026-02-11 18:21:00,26,82,1,6,NNE,10.22,0.02,14.0
2026-02-11 18:36:00,24,89,4,5,N,10.22,0.02,3.0
2026-02-11 18:51:00,24,91,4,6,NNE,10.22,0.02,0.0
2026-02-11 19:06:00,24,93,5,7,NNE,10.22,0.02,0.0
2026-02-11 19:21:00,24,94,2,6,NE,10.22,0.02,0.0
2026-02-11 19:36:00,24,95,0,4,NE,10.22,0.02,0.0
2026-02-11 19:51:00,23,95,0,2,NE,10.22,0.02,0.0
2026-02-11 20:06:00,23,95,2,5,NE,10.22,0.02,0.0
2026-02-11 20:21:00,23,95,2,5,NE,10.22,0.02,0.0
2026-02-11 20:36:00,23,95,1,5,NE,10.22,0.02,0.0
2026-02-11 20:51:00,23,95,1,5,NE,10.22,0.02,0.0
2026-02-11 21:06:00,22,95,1,5,NE,10.22,0.02,0.0
2026-02-11 21:21:00,22,95,0,1,ESE,10.22,0.02,0.0
2026-02-11 21:36:00,23,96,0,1,E,10.22,0.02,0.0
2026-02-11 21:51:00,23,96,0,2,E,10.22,0.02,0.0
2026-02-11 22:06:00,23,96,0,2,E,10.22,0.02,0.0
2026-02-11 22:21:00,23,96,0,1,E,10.22,0.02,0.0
2026-02-11 22:36:00,23,96,0,2,E,10.22,0.02,0.0
2026-02-11 22:51:00,23,95,1,3,E,10.22,0.02,0.0
2026-02-11 23:06:00,23,92,0,1,E,10.22,0.02,0.0
2026-02-11 23:21:00,23,91,0,1,E,10.22,0.02,0.0
2026-02-11 23:36:00,21,91,0,0,ENE,10.22,0.02,0.0
2026-02-11 23:51:00,21,92,0,0,E,10.22,0.02,0.0
2026-02-12 00:06:00,21,92,0,0,N,10.22,0.02,0.0
2026-02-12 00:21:00,23,93,0,1,NNW,10.22,0.02,0.0
2026-02-12 00:36:00,23,91,0,1,NNE,10.22,0.02,0.0
2026-02-12 00:51:00,24,90,0,1,NW,10.22,0.02,0.0
2026-02-12 01:06:00,24,90,1,2,NW,10.22,0.02,0.0
2026-02-12 01:21:00,24,88,2,3,N,10.22,0.02,0.0
2026-02-12 01:36:00,24,88,1,2,N,10.22,0.02,0.0
2026-02-12 01:51:00,24,88,1,2,N,10.22,0.02,0.0
2026-02-12 02:06:00,24,88,2,3,N,10.22,0.02,0.0
2026-02-12 02:21:00,23,91,0,2,N,10.22,0.02,0.0
2026-02-12 02:36:00,24,93,1,2,NNW,10.22,0.02,0.0
2026-02-12 02:51:00,24,93,1,2,NNE,10.22,0.02,0.0
2026-02-12 03:06:00,24,93,1,2,N,10.22,0.02,0.0
2026-02-12 03:21:00,23,91,1,2,NNE,10.22,0.02,0.0
2026-02-12 03:36:00,24,94,2,3,NNE,10.22,0.02,0.0
2026-02-12 03:51:00,24,93,2,3,NNE,10.22,0.02,0.0
2026-02-12 04:06:00,23,93,2,4,NE,10.22,0.02,0.0
2026-02-12 04:21:00,22,92,0,3,NE,10.22,0.02,0.0
2026-02-12 04:36:00,22,92,0,2,NE,10.22,0.02,0.0
2026-02-12 04:51:00,22,92,0,1,NE,10.22,0.02,0.0
2026-02-12 05:06:00,21,93,0,1,ENE,10.22,0.02,0.0
2026-02-12 05:21:00,24,92,2,3,SSE,10.22,0.02,0.0
2026-02-12 05:36:00,23,88,1,3,S,10.22,0.02,0.0
2026-02-12 05:51:00,24,89,1,2,WNW,10.22,0.02,0.0
2026-02-12 06:06:00,23,89,1,2,W,10.22,0.02,0.0
2026-02-12 06:21:00,23,89,1,2,N,10.22,0.02,0.0
2026-02-12 06:36:00,24,91,2,3,NNE,10.22,0.02,0.0
2026-02-12 06:51:00,22,90,0,2,NE,10.22,0.02,0.0
2026-02-12 07:06:00,24,91,3,4,NNE,10.22,0.02,0.0
2026-02-12 07:21:00,23,90,3,5,NNE,10.22,0.02,0.0
2026-02-12 07:36:00,23,90,3,5,NNE,10.22,0.02,0.0
2026-02-12 07:51:00,23,89,3,5,NE,10.22,0.02,1.0
2026-02-12 08:06:00,23,90,2,4,NE,10.22,0.02,7.0
2026-02-12 08:21:00,24,89,3,3,NE,10.22,0.02,16.0
2026-02-12 08:36:00,25,87,1,2,NE,10.22,0.02,29.0
2026-02-12 08:51:00,26,85,1,3,NE,10.22,0.02,58.0
2026-02-12 09:06:00,27,84,1,3,NE,10.22,0.02,95.0
2026-02-12 09:21:00,29,83,0,0,N,10.22,0.02,132.0
2026-02-12 09:36:00,29,79,0,1,ENE,10.22,0.02,177.0
2026-02-12 09:51:00,30,78,0,1,ENE,10.22,0.02,235.0
2026-02-12 10:06:00,31,75,0,1,E,10.22,0.02,298.0
2026-02-12 10:21:00,33,72,0,1,E,10.22,0.02,318.0
2026-02-12 10:36:00,33,66,0,2,NNE,10.22,0.02,394.0
2026-02-12 10:51:00,33,64,1,3,N,10.22,0.02,450.0
2026-02-12 11:06:00,33,64,2,4,NNE,10.22,0.02,508.0
2026-02-12 11:21:00,33,64,2,3,NNE,10.22,0.02,566.0
2026-02-12 11:36:00,33,63,3,4,N,10.22,0.02,627.0
2026-02-12 11:51:00,34,62,2,3,N,10.22,0.02,582.0
2026-02-12 12:06:00,35,59,1,4,NE,10.22,0.02,559.0
2026-02-12 12:21:00,35,61,1,2,NNE,10.22,0.02,459.0
2026-02-12 12:36:00,35,61,1,3,NE,10.22,0.02,640.0
2026-02-12 12:51:00,32,66,3,5,NNE,10.23,0.03,783.0
2026-02-12 13:06:00,32,69,3,5,N,10.23,0.02,1059.0
2026-02-12 13:21:00,32,72,1,3,NNW,10.23,0.02,723.0
2026-02-12 13:36:00,32,69,1,3,N,10.23,0.02,945.0
2026-02-12 13:51:00,32,70,1,4,NNE,10.24,0.03,758.0
2026-02-12 14:06:00,30,77,3,6,N,10.24,0.03,668.0
2026-02-12 14:21:00,32,77,2,4,NNW,10.24,0.03,946.0
2026-02-12 14:36:00,30,77,3,4,N,10.24,0.03,717.0
2026-02-12 14:51:00,31,78,2,5,NNW,10.25,0.03,703.0
2026-02-12 15:06:00,36,69,2,5,N,10.25,0.03,701.0
2026-02-12 15:21:00,38,57,0,2,N,10.26,0.04,415.0
2026-02-12 15:36:00,35,52,1,1,NNE,10.27,0.05,453.0
2026-02-12 15:51:00,39,49,0,1,NE,10.28,0.06,610.0
2026-02-12 16:06:00,46,41,0,1,SE,10.28,0.06,541.0
2026-02-12 16:21:00,47,36,0,1,ESE,10.3,0.08,507.0
2026-02-12 16:36:00,45,36,0,1,NE,10.31,0.09,503.0
2026-02-12 16:51:00,42,41,0,2,NNE,10.33,0.11,418.0
2026-02-12 17:06:00,41,47,0,1,NNE,10.34,0.12,343.0
2026-02-12 17:21:00,37,51,1,2,N,10.34,0.12,284.0
2026-02-12 17:36:00,34,55,2,3,NNE,10.35,0.13,233.0
2026-02-12 17:51:00,31,60,3,4,NNE,10.35,0.13,158.0
2026-02-12 18:06:00,29,64,3,4,NNE,10.35,0.13,100.0
2026-02-12 18:21:00,26,69,4,6,NNE,10.35,0.13,36.0
2026-02-12 18:36:00,24,75,5,6,NNE,10.35,0.13,3.0
2026-02-12 18:51:00,23,79,1,5,NE,10.35,0.13,0.0
2026-02-12 19:06:00,23,82,1,4,NE,10.35,0.13,0.0
2026-02-12 19:21:00,23,82,2,5,NE,10.35,0.13,0.0
2026-02-12 19:36:00,23,84,0,3,NE,10.35,0.13,0.0
2026-02-12 19:51:00,23,86,0,3,NE,10.35,0.13,0.0
2026-02-12 20:06:00,23,86,2,4,NE,10.35,0.13,0.0
2026-02-12 20:21:00,23,86,3,6,NE,10.35,0.13,0.0
2026-02-12 20:36:00,23,84,4,6,NNE,10.35,0.13,0.0
2026-02-12 20:51:00,22,87,0,2,NE,10.35,0.13,0.0
2026-02-12 21:06:00,21,89,0,0,NE,10.35,0.13,0.0
2026-02-12 21:21:00,21,91,0,1,NE,10.35,0.13,0.0
2026-02-12 21:36:00,21,90,0,1,NE,10.35,0.13,0.0
2026-02-12 21:51:00,22,92,0,1,E,10.35,0.13,0.0
2026-02-12 22:06:00,21,91,0,2,NE,10.35,0.13,0.0
2026-02-12 22:21:00,20,91,0,0,N,10.35,0.13,0.0
2026-02-12 22:36:00,20,95,0,1,E,10.35,0.13,0.0
2026-02-12 22:51:00,22,94,1,1,E,10.35,0.13,0.0
2026-02-12 23:06:00,21,87,0,2,E,10.35,0.13,0.0
2026-02-12 23:21:00,22,81,1,2,SE,10.35,0.13,0.0
2026-02-12 23:36:00,21,82,0,1,ESE,10.35,0.13,0.0
2026-02-12 23:51:00,22,77,1,1,SW,10.35,0.13,0.0
2026-02-13 00:06:00,23,78,1,2,WSW,10.35,0.13,0.0
2026-02-13 00:21:00,23,78,2,3,WSW,10.35,0.13,0.0
2026-02-13 00:36:00,23,77,2,3,W,10.35,0.13,0.0
2026-02-13 00:51:00,23,78,3,5,W,10.35,0.13,0.0
2026-02-13 01:06:00,23,82,4,6,W,10.35,0.13,0.0
2026-02-13 01:21:00,23,83,4,4,WNW,10.35,0.13,0.0
2026-02-13 01:36:00,23,84,4,5,WNW,10.35,0.13,0.0
2026-02-13 01:51:00,23,83,3,5,WNW,10.35,0.13,0.0
2026-02-13 02:06:00,23,82,3,5,WNW,10.35,0.13,0.0
2026-02-13 02:21:00,23,79,4,5,NW,10.35,0.13,0.0
2026-02-13 02:36:00,23,79,5,6,NW,10.35,0.13,0.0
2026-02-13 02:51:00,22,85,4,6,NW,10.35,0.13,0.0
2026-02-13 03:06:00,22,91,3,4,WNW,10.35,0.13,0.0
2026-02-13 03:21:00,20,92,1,3,W,10.35,0.13,0.0
2026-02-13 03:36:00,20,93,1,4,SW,10.35,0.13,0.0
2026-02-13 03:51:00,21,90,2,4,WNW,10.35,0.13,0.0
2026-02-13 04:06:00,21,69,3,5,NW,10.35,0.13,0.0
2026-02-13 04:21:00,20,64,4,6,NW,10.35,0.13,0.0
2026-02-13 04:36:00,20,69,5,7,NW,10.35,0.13,0.0
2026-02-13 04:51:00,21,65,6,8,NW,10.35,0.13,0.0
2026-02-13 05:06:00,22,66,7,8,NNW,10.35,0.13,0.0
2026-02-13 05:21:00,21,72,6,7,NNW,10.35,0.13,0.0
2026-02-13 05:36:00,20,79,6,8,NW,10.35,0.13,0.0
2026-02-13 05:51:00,19,86,4,7,NW,10.35,0.13,0.0
2026-02-13 06:06:00,20,90,5,8,NW,10.35,0.13,0.0
2026-02-13 06:21:00,21,89,4,7,NNW,10.35,0.13,0.0
2026-02-13 06:36:00,21,88,5,8,N,10.35,0.13,0.0
2026-02-13 06:51:00,21,89,2,5,NE,10.35,0.13,0.0
2026-02-13 07:06:00,21,89,4,5,NNE,10.35,0.13,0.0
2026-02-13 07:21:00,22,89,3,4,NNE,10.35,0.13,0.0
2026-02-13 07:36:00,22,87,3,4,N,10.35,0.13,0.0
2026-02-13 07:51:00,22,90,3,4,N,10.35,0.13,2.0
2026-02-13 08:06:00,22,88,2,4,NNW,10.35,0.13,9.0
2026-02-13 08:21:00,23,86,3,4,NW,10.35,0.13,19.0
2026-02-13 08:36:00,23,83,4,5,WNW,10.35,0.13,32.0
2026-02-13 08:51:00,24,80,4,6,WNW,10.35,0.13,58.0
2026-02-13 09:06:00,25,73,5,7,WNW,10.35,0.13,108.0
2026-02-13 09:21:00,26,68,4,6,WNW,10.35,0.13,150.0
2026-02-13 09:36:00,27,65,4,7,WNW,10.35,0.13,209.0
2026-02-13 09:51:00,27,71,3,6,W,10.35,0.13,276.0
2026-02-13 10:06:00,27,69,3,4,W,10.35,0.13,318.0
2026-02-13 10:21:00,27,71,3,6,W,10.35,0.13,363.0
2026-02-13 10:36:00,28,65,4,6,W,10.35,0.13,409.0
2026-02-13 10:51:00,28,62,4,7,W,10.35,0.13,461.0
2026-02-13 11:06:00,28,63,4,7,W,10.35,0.13,523.0
2026-02-13 11:21:00,29,64,3,5,WSW,10.35,0.13,585.0
2026-02-13 11:36:00,31,61,2,4,WSW,10.35,0.13,630.0
2026-02-13 11:51:00,32,61,2,4,WSW,10.35,0.13,673.0
2026-02-13 12:06:00,31,62,2,4,WSW,10.35,0.13,721.0
2026-02-13 12:21:00,29,67,4,7,W,10.35,0.13,842.0
2026-02-13 12:36:00,29,71,4,9,W,10.35,0.13,919.0
2026-02-13 12:51:00,29,71,5,9,W,10.36,0.13,946.0
2026-02-13 13:06:00,30,66,5,9,SW,10.36,0.13,914.0
2026-02-13 13:21:00,31,62,4,9,WSW,10.36,0.13,1109.0
2026-02-13 13:36:00,31,62,4,6,WSW,10.36,0.13,1055.0
2026-02-13 13:51:00,31,67,4,7,SSW,10.36,0.12,1078.0
2026-02-13 14:06:00,30,70,6,10,SSW,10.37,0.13,1108.0
2026-02-13 14:21:00,30,71,6,9,SSW,10.37,0.13,1093.0
2026-02-13 14:36:00,28,71,6,10,SSW,10.37,0.13,898.0
2026-02-13 14:51:00,27,77,5,9,WSW,10.37,0.12,741.0
2026-02-13 15:06:00,27,78,5,8,WSW,10.37,0.12,661.0
2026-02-13 15:21:00,29,72,5,8,SW,10.37,0.11,821.0
2026-02-13 15:36:00,28,75,4,7,SSW,10.37,0.1,564.0
2026-02-13 15:51:00,27,79,5,9,SSW,10.37,0.09,531.0
2026-02-13 16:06:00,26,80,4,8,SSW,10.37,0.09,389.0
2026-02-13 16:21:00,26,82,4,6,SSW,10.37,0.07,293.0
2026-02-13 16:36:00,26,84,4,8,SSW,10.37,0.06,300.0
2026-02-13 16:51:00,26,83,5,7,SSW,10.37,0.04,346.0
2026-02-13 17:06:00,26,84,4,7,SSW,10.37,0.03,262.0
2026-02-13 17:21:00,26,84,4,7,SSW,10.37,0.03,247.0
2026-02-13 17:36:00,25,86,5,9,S,10.37,0.02,145.0
2026-02-13 17:51:00,25,88,4,7,S,10.37,0.02,85.0
2026-02-13 18:06:00,24,90,5,8,S,10.37,0.02,50.0
2026-02-13 18:21:00,24,91,5,8,S,10.37,0.02,16.0
2026-02-13 18:36:00,23,92,6,11,SSE,10.37,0.02,3.0
2026-02-13 18:51:00,23,92,6,9,SSE,10.37,0.02,0.0
2026-02-13 19:06:00,23,93,6,8,S,10.37,0.02,0.0
2026-02-13 19:21:00,23,94,6,8,S,10.37,0.02,0.0
2026-02-13 19:36:00,23,94,5,9,S,10.37,0.02,0.0
2026-02-13 19:51:00,23,91,6,9,SSE,10.37,0.02,0.0
2026-02-13 20:06:00,23,87,7,9,SSE,10.37,0.02,0.0
2026-02-13 20:21:00,23,85,7,10,SSE,10.37,0.02,0.0
2026-02-13 20:36:00,23,84,7,10,S,10.37,0.02,0.0
2026-02-13 20:51:00,23,83,6,9,S,10.37,0.02,0.0
2026-02-13 21:06:00,24,82,6,8,S,10.37,0.02,0.0
2026-02-13 21:21:00,24,82,6,8,S,10.37,0.02,0.0
2026-02-13 21:36:00,24,80,6,8,SSW,10.37,0.02,0.0
2026-02-13 21:51:00,24,79,5,8,S,10.37,0.02,0.0
2026-02-13 22:06:00,24,78,6,9,S,10.37,0.02,0.0
2026-02-13 22:21:00,24,79,8,12,S,10.37,0.02,0.0
2026-02-13 22:36:00,24,79,9,13,S,10.37,0.02,0.0
2026-02-13 22:51:00,24,79,10,14,S,10.37,0.02,0.0
2026-02-13 23:06:00,24,80,10,13,S,10.37,0.02,0.0
2026-02-13 23:21:00,25,79,11,15,SSE,10.37,0.02,0.0
2026-02-13 23:36:00,25,81,12,18,SSE,10.37,0.02,0.0
2026-02-13 23:51:00,25,82,12,17,SSE,10.37,0.02,0.0
2026-02-14 00:06:00,25,82,12,18,SSE,10.37,0.02,0.0
2026-02-14 00:21:00,24,81,13,18,S,10.37,0.02,0.0
2026-02-14 00:36:00,24,82,13,18,S,10.37,0.02,0.0
2026-02-14 00:51:00,24,82,11,17,S,10.37,0.02,0.0
2026-02-14 01:06:00,24,82,11,14,S,10.37,0.02,0.0
2026-02-14 01:21:00,24,82,11,17,S,10.37,0.02,0.0
2026-02-14 01:36:00,24,82,12,18,S,10.37,0.02,0.0
2026-02-14 01:51:00,24,82,12,19,S,10.37,0.02,0.0
2026-02-14 02:06:00,24,83,12,18,S,10.37,0.02,0.0
2026-02-14 02:21:00,24,83,12,18,S,10.37,0.02,0.0
2026-02-14 02:36:00,25,84,13,18,S,10.37,0.02,0.0
2026-02-14 02:51:00,24,84,12,20,S,10.37,0.02,0.0
2026-02-14 03:06:00,24,85,11,18,SSW,10.37,0.02,0.0
2026-02-14 03:21:00,25,85,11,16,SSW,10.37,0.02,0.0
2026-02-14 03:36:00,25,85,10,16,SSW,10.37,0.02,0.0
2026-02-14 03:51:00,25,84,11,17,S,10.37,0.02,0.0
2026-02-14 04:06:00,25,84,11,16,SSW,10.37,0.02,0.0
2026-02-14 04:21:00,25,84,10,16,SSW,10.37,0.02,0.0
2026-02-14 04:36:00,25,85,10,16,SSW,10.37,0.02,0.0
2026-02-14 04:51:00,25,85,10,15,SW,10.37,0.02,0.0
2026-02-14 05:06:00,25,85,11,18,SW,10.37,0.02,0.0
2026-02-14 05:21:00,25,85,11,18,SW,10.37,0.02,0.0
2026-02-14 05:36:00,25,86,11,17,SW,10.37,0.02,0.0
2026-02-14 05:51:00,25,86,10,17,SW,10.37,0.02,0.0
2026-02-14 06:06:00,25,87,10,14,SW,10.37,0.02,0.0
2026-02-14 06:21:00,25,87,11,17,SW,10.37,0.02,0.0
2026-02-14 06:36:00,24,87,10,15,SW,10.37,0.02,0.0
2026-02-14 06:51:00,24,88,10,15,SW,10.37,0.02,0.0
2026-02-14 07:06:00,24,88,9,14,SW,10.37,0.02,0.0
2026-02-14 07:21:00,24,88,9,13,SW,10.37,0.02,0.0
2026-02-14 07:36:00,24,89,8,13,SW,10.37,0.02,0.0
2026-02-14 07:51:00,24,89,8,12,SW,10.37,0.02,1.0
2026-02-14 08:06:00,24,90,8,13,SW,10.37,0.02,10.0
2026-02-14 08:21:00,24,90,8,13,SW,10.37,0.02,37.0
2026-02-14 08:36:00,24,89,7,11,SSW,10.37,0.02,87.0
2026-02-14 08:51:00,25,89,7,11,SSW,10.37,0.02,143.0
2026-02-14 09:06:00,25,88,7,10,SSW,10.37,0.02,178.0
2026-02-14 09:21:00,26,88,6,10,SSW,10.37,0.02,218.0
2026-02-14 09:36:00,26,87,6,9,SSW,10.37,0.02,274.0
2026-02-14 09:51:00,26,86,6,8,SSW,10.37,0.02,324.0
2026-02-14 10:06:00,27,84,6,8,S,10.37,0.02,423.0
2026-02-14 10:21:00,28,83,5,8,SSW,10.37,0.02,450.0
2026-02-14 10:36:00,28,81,6,10,S,10.37,0.02,548.0
2026-02-14 10:51:00,29,79,6,9,S,10.37,0.02,599.0
2026-02-14 11:06:00,29,78,6,10,S,10.37,0.02,629.0
2026-02-14 11:21:00,30,76,6,11,S,10.37,0.02,684.0
2026-02-14 11:36:00,30,75,7,11,S,10.37,0.02,725.0
2026-02-14 11:51:00,31,74,7,11,S,10.37,0.02,814.0
2026-02-14 12:06:00,31,74,7,11,S,10.37,0.02,926.0
2026-02-14 12:21:00,32,72,7,11,S,10.37,0.02,902.0
2026-02-14 12:36:00,32,72,7,13,S,10.37,0.02,992.0
2026-02-14 12:51:00,32,72,7,11,S,10.37,0.01,1033.0
2026-02-14 13:06:00,32,72,8,15,S,10.37,0.01,981.0
2026-02-14 13:21:00,30,75,10,19,S,10.37,0.01,707.0
2026-02-14 13:36:00,30,77,10,17,S,10.37,0.01,713.0
2026-02-14 13:51:00,29,80,12,20,S,10.37,0.01,470.0
2026-02-14 14:06:00,29,84,10,16,S,10.37,0.0,516.0
2026-02-14 14:21:00,29,83,10,17,S,10.37,0.0,657.0
2026-02-14 14:36:00,29,83,10,14,S,10.37,0.0,581.0
2026-02-14 14:51:00,30,78,9,16,SSW,10.37,0.0,684.0
2026-02-14 15:06:00,29,77,9,17,S,10.37,0.0,396.0
2026-02-14 15:21:00,29,79,8,14,SSW,10.37,0.0,349.0
2026-02-14 15:36:00,30,79,8,16,SSW,10.37,0.0,335.0
2026-02-14 15:51:00,30,78,8,16,SSW,10.37,0.0,347.0
2026-02-14 16:06:00,30,78,8,18,S,10.37,0.0,355.0
2026-02-14 16:21:00,30,76,9,17,S,10.37,0.0,337.0
2026-02-14 16:36:00,29,75,12,22,SSE,10.37,0.0,281.0
2026-02-14 16:51:00,29,76,13,21,S,10.37,0.0,236.0
2026-02-14 17:06:00,29,78,11,20,SSE,10.37,0.0,156.0
2026-02-14 17:21:00,29,79,10,18,SSE,10.37,0.0,151.0
2026-02-14 17:36:00,29,79,11,16,SSE,10.37,0.0,135.0
2026-02-14 17:51:00,28,80,11,18,SSE,10.37,0.0,72.0
2026-02-14 18:06:00,28,81,11,17,SSE,10.37,0.0,36.0
2026-02-14 18:21:00,28,80,11,16,SSE,10.37,0.0,12.0
2026-02-14 18:36:00,28,81,11,18,SSE,10.37,0.0,2.0
2026-02-14 18:51:00,28,80,11,16,S,10.37,0.0,0.0
2026-02-14 19:06:00,28,80,10,15,SSE,10.37,0.0,0.0
2026-02-14 19:21:00,28,81,11,15,SSE,10.37,0.0,0.0
2026-02-14 19:36:00,28,79,12,19,SSE,10.37,0.0,0.0
2026-02-14 19:51:00,28,79,11,17,SSE,10.37,0.0,0.0
2026-02-14 20:06:00,28,78,11,19,SSE,10.37,0.0,0.0
2026-02-14 20:21:00,28,79,13,19,SSE,10.37,0.0,0.0
2026-02-14 20:36:00,28,79,12,19,SSE,10.37,0.0,0.0
2026-02-14 20:51:00,28,78,12,20,SSE,10.37,0.0,0.0
2026-02-14 21:06:00,28,77,10,16,SSE,10.37,0.0,0.0
2026-02-14 21:21:00,28,76,12,16,SSE,10.37,0.0,0.0
2026-02-14 21:36:00,28,75,11,14,SSE,10.37,0.0,0.0
2026-02-14 21:51:00,28,74,11,17,SSE,10.37,0.0,0.0
2026-02-14 22:06:00,28,72,12,18,SSE,10.37,0.0,0.0
2026-02-14 22:21:00,28,72,11,17,SSE,10.37,0.0,0.0
2026-02-14 22:36:00,28,73,10,15,SSE,10.37,0.0,0.0
2026-02-14 22:51:00,28,75,10,15,SSE,10.37,0.0,0.0
2026-02-14 23:06:00,28,75,11,17,SSE,10.37,0.0,0.0
2026-02-14 23:21:00,28,74,11,14,SSE,10.37,0.0,0.0
2026-02-14 23:36:00,28,75,11,14,SSE,10.37,0.0,0.0
2026-02-14 23:51:00,28,75,10,14,SSE,10.37,0.0,0.0
2026-02-15 00:06:00,28,76,10,14,SSE,10.37,0.0,0.0
2026-02-15 00:21:00,28,76,10,15,SSE,10.37,0.0,0.0
2026-02-15 00:36:00,28,76,11,17,SSE,10.37,0.0,0.0
2026-02-15 00:51:00,28,76,12,19,SSE,10.37,0.0,0.0
2026-02-15 01:06:00,28,75,11,18,SSE,10.37,0.0,0.0
2026-02-15 01:21:00,28,73,12,20,SSE,10.37,0.0,0.0
2026-02-15 01:36:00,29,72,13,19,SSE,10.37,0.0,0.0
2026-02-15 01:51:00,29,71,12,18,SSE,10.37,0.0,0.0
2026-02-15 02:06:00,29,70,13,22,SSE,10.37,0.0,0.0
2026-02-15 02:21:00,29,70,11,18,S,10.37,0.0,0.0
2026-02-15 02:36:00,29,69,13,21,S,10.37,0.0,0.0
2026-02-15 02:51:00,29,69,11,17,S,10.37,0.0,0.0
2026-02-15 03:06:00,29,69,10,15,S,10.37,0.0,0.0
2026-02-15 03:21:00,29,68,11,15,S,10.37,0.0,0.0
2026-02-15 03:36:00,28,68,10,15,S,10.37,0.0,0.0
2026-02-15 03:51:00,28,69,10,16,S,10.37,0.0,0.0
2026-02-15 04:06:00,28,69,9,16,SSW,10.37,0.0,0.0
2026-02-15 04:21:00,29,67,10,15,S,10.37,0.0,0.0
2026-02-15 04:36:00,29,66,9,14,S,10.37,0.0,0.0
2026-02-15 04:51:00,28,66,10,14,S,10.37,0.0,0.0
2026-02-15 05:06:00,28,66,9,13,S,10.37,0.0,0.0
2026-02-15 05:21:00,28,66,9,16,S,10.37,0.0,0.0
2026-02-15 05:36:00,28,66,7,11,S,10.37,0.0,0.0
2026-02-15 05:51:00,29,65,10,20,SSW,10.37,0.0,0.0
2026-02-15 06:06:00,29,61,12,22,SW,10.37,0.0,0.0
2026-02-15 06:21:00,29,62,10,19,SSW,10.37,0.0,0.0
2026-02-15 06:36:00,29,62,9,16,SW,10.37,0.0,0.0
2026-02-15 06:51:00,29,62,7,13,SW,10.37,0.0,0.0
2026-02-15 07:06:00,28,64,6,10,SW,10.37,0.0,0.0
2026-02-15 07:21:00,29,63,7,13,SW,10.37,0.0,0.0
2026-02-15 07:36:00,28,62,7,10,SW,10.37,0.0,0.0
2026-02-15 07:51:00,28,61,8,14,SW,10.37,0.0,2.0
2026-02-15 08:06:00,28,60,8,13,SW,10.37,0.0,15.0
2026-02-15 08:21:00,29,60,8,11,SW,10.37,0.0,53.0
2026-02-15 08:36:00,29,60,8,12,SW,10.37,0.0,101.0
2026-02-15 08:51:00,29,61,6,10,SW,10.37,0.0,127.0
2026-02-15 09:06:00,29,62,7,12,SW,10.37,0.0,160.0
2026-02-15 09:21:00,29,63,8,14,SW,10.37,0.0,238.0
2026-02-15 09:36:00,30,62,7,13,SW,10.37,0.0,342.0
2026-02-15 09:51:00,31,60,7,11,SW,10.37,0.0,465.0
2026-02-15 10:06:00,31,59,6,11,SW,10.37,0.0,582.0
2026-02-15 10:21:00,30,61,7,16,SW,10.37,0.0,426.0
2026-02-15 10:36:00,30,65,7,13,SW,10.37,0.0,519.0
2026-02-15 10:51:00,30,63,8,13,SW,10.37,0.0,619.0
2026-02-15 11:06:00,30,65,7,14,SW,10.37,0.0,577.0
2026-02-15 11:21:00,32,66,7,13,SSW,10.37,0.0,708.0
2026-02-15 11:36:00,33,62,7,16,SW,10.37,0.0,677.0
2026-02-15 11:51:00,32,61,8,15,WSW,10.37,0.0,881.0
2026-02-15 12:06:00,33,61,7,13,WSW,10.37,0.0,1115.0
2026-02-15 12:21:00,32,62,6,13,WSW,10.37,0.0,751.0
2026-02-15 12:36:00,34,62,5,8,SW,10.37,0.0,961.0
2026-02-15 12:51:00,34,57,8,13,SSW,10.37,0.0,913.0
2026-02-15 13:06:00,36,55,8,15,SSW,10.37,0.0,
2026-02-15 13:21:00,34,53,6,13,SW,10.37,0.0,999.0
2026-02-15 13:36:00,35,49,6,13,WSW,10.37,0.0,
2026-02-15 13:51:00,33,50,9,18,WSW,10.37,0.0,866.0
2026-02-15 14:06:00,32,53,8,15,WSW,10.37,0.0,611.0
2026-02-15 14:21:00,31,55,9,15,SW,10.37,0.0,470.0
2026-02-15 14:36:00,31,61,8,14,WSW,10.37,0.0,460.0
2026-02-15 14:51:00,31,62,8,14,WSW,10.37,0.0,511.0
2026-02-15 15:06:00,31,65,7,13,WSW,10.37,0.0,459.0
2026-02-15 15:21:00,31,66,7,11,WSW,10.37,0.0,249.0
2026-02-15 15:36:00,31,61,9,15,WSW,10.37,0.0,549.0
2026-02-15 15:51:00,32,59,9,16,WSW,10.37,0.0,579.0
2026-02-15 16:06:00,31,57,7,13,SW,10.37,0.0,420.0
2026-02-15 16:21:00,30,58,8,15,WSW,10.37,0.0,388.0
2026-02-15 16:36:00,31,59,8,16,WSW,10.37,0.0,354.0
2026-02-15 16:51:00,30,60,8,16,SW,10.37,0.0,319.0
2026-02-15 17:06:00,30,61,8,14,SW,10.37,0.0,185.0
2026-02-15 17:21:00,29,62,7,13,WSW,10.37,0.0,135.0
2026-02-15 17:36:00,29,63,6,13,SW,10.37,0.0,83.0
2026-02-15 17:51:00,28,64,5,14,WSW,10.37,0.0,101.0
2026-02-15 18:06:00,28,64,9,14,WSW,10.37,0.0,51.0
2026-02-15 18:21:00,28,68,6,10,WSW,10.37,0.0,22.0
2026-02-15 18:36:00,28,67,6,11,WSW,10.37,0.0,5.0
2026-02-15 18:51:00,28,65,6,10,WSW,10.37,0.0,0.0
2026-02-15 19:06:00,28,66,6,10,WSW,10.37,0.0,0.0
2026-02-15 19:21:00,28,62,6,11,SW,10.37,0.0,0.0
2026-02-15 19:36:00,28,60,5,12,SW,10.37,0.0,0.0
2026-02-15 19:51:00,27,60,5,8,SW,10.37,0.0,0.0
2026-02-15 20:06:00,27,61,4,9,SW,10.37,0.0,0.0
2026-02-15 20:21:00,27,61,2,5,WSW,10.37,0.0,0.0
2026-02-15 20:36:00,27,61,2,4,SSW,10.37,0.0,0.0
2026-02-15 20:51:00,27,61,3,5,S,10.37,0.0,0.0
2026-02-15 21:06:00,27,64,4,6,S,10.37,0.0,0.0
2026-02-15 21:21:00,27,66,5,7,S,10.37,0.0,0.0
2026-02-15 21:36:00,27,63,5,7,S,10.37,0.0,0.0
2026-02-15 21:51:00,27,63,7,11,S,10.37,0.0,0.0
2026-02-15 22:06:00,27,62,7,9,S,10.37,0.0,0.0
2026-02-15 22:21:00,27,64,6,10,SSE,10.37,0.0,0.0
2026-02-15 22:36:00,27,63,7,9,S,10.37,0.0,0.0
2026-02-15 22:51:00,27,63,7,9,S,10.37,0.0,0.0
2026-02-15 23:06:00,28,63,6,9,SSW,10.37,0.0,0.0
2026-02-15 23:21:00,28,61,7,11,SSW,10.37,0.0,0.0
2026-02-15 23:36:00,28,61,6,9,SSW,10.37,0.0,0.0
2026-02-15 23:51:00,28,62,6,9,SSW,10.37,0.0,0.0
2026-02-16 00:06:00,28,62,6,9,S,10.37,0.0,0.0
2026-02-16 00:21:00,28,62,6,9,S,10.37,0.0,0.0
2026-02-16 00:36:00,28,62,6,10,S,10.37,0.0,0.0
2026-02-16 00:51:00,28,62,7,10,S,10.37,0.0,0.0
2026-02-16 01:06:00,28,62,6,10,SSW,10.37,0.0,0.0
2026-02-16 01:21:00,27,63,7,11,S,10.37,0.0,0.0
2026-02-16 01:36:00,27,63,9,12,S,10.37,0.0,0.0
2026-02-16 01:51:00,27,63,9,13,S,10.37,0.0,0.0
2026-02-16 02:06:00,27,63,10,14,S,10.37,0.0,0.0
2026-02-16 02:21:00,26,64,9,14,S,10.37,0.0,0.0
2026-02-16 02:36:00,26,65,10,14,S,10.37,0.0,0.0
2026-02-16 02:51:00,26,65,10,13,S,10.37,0.0,0.0
2026-02-16 03:06:00,26,65,10,13,S,10.37,0.0,0.0
2026-02-16 03:21:00,26,65,10,14,S,10.37,0.0,0.0
2026-02-16 03:36:00,27,65,11,18,S,10.37,0.0,0.0
2026-02-16 03:51:00,27,64,11,15,S,10.37,0.0,0.0
2026-02-16 04:06:00,27,63,12,19,S,10.37,0.0,0.0
2026-02-16 04:21:00,27,63,11,17,S,10.37,0.0,0.0
2026-02-16 04:36:00,27,62,11,17,S,10.37,0.0,0.0
2026-02-16 04:51:00,27,62,12,20,S,10.37,0.0,0.0
2026-02-16 05:06:00,27,62,13,21,S,10.37,0.0,0.0
2026-02-16 05:21:00,27,62,13,20,SSE,10.37,0.0,0.0
2026-02-16 05:36:00,27,62,15,22,SSE,10.37,0.0,0.0
2026-02-16 05:51:00,27,62,12,18,S,10.37,0.0,0.0
2026-02-16 06:06:00,26,63,11,16,SSE,10.37,0.0,0.0
2026-02-16 06:21:00,27,63,11,16,S,10.37,0.0,0.0
2026-02-16 06:36:00,27,62,12,17,S,10.37,0.0,0.0
2026-02-16 06:51:00,27,61,12,17,SSE,10.37,0.0,0.0
2026-02-16 07:06:00,27,61,12,16,SSE,10.37,0.0,0.0
2026-02-16 07:21:00,26,62,11,17,SSE,10.37,0.0,0.0
2026-02-16 07:36:00,26,63,12,17,SSE,10.37,0.0,0.0
2026-02-16 07:51:00,26,63,13,18,SSE,10.37,0.0,3.0
2026-02-16 08:06:00,26,64,13,19,SSE,10.37,0.0,12.0
2026-02-16 08:21:00,25,66,11,18,SE,10.37,0.0,24.0
2026-02-16 08:36:00,26,66,10,16,SSE,10.37,0.0,36.0
2026-02-16 08:51:00,27,64,12,20,SSE,10.37,0.0,72.0
2026-02-16 09:06:00,28,62,12,20,SSE,10.37,0.0,117.0
2026-02-16 09:21:00,28,60,13,20,SSE,10.37,0.0,157.0
2026-02-16 09:36:00,30,57,15,25,SSE,10.37,0.0,229.0
2026-02-16 09:51:00,29,56,12,22,SSE,10.37,0.0,238.0
2026-02-16 10:06:00,29,59,12,18,SSE,10.37,0.0,364.0
2026-02-16 10:21:00,29,58,12,18,SSE,10.37,0.0,508.0
2026-02-16 10:36:00,29,58,13,23,SSE,10.37,0.0,503.0
2026-02-16 10:51:00,30,58,12,20,S,10.37,0.0,622.0
2026-02-16 11:06:00,30,58,13,24,SSE,10.37,0.0,653.0
2026-02-16 11:21:00,30,59,13,23,SSE,10.38,0.01,758.0
2026-02-16 11:36:00,30,60,17,31,SSE,10.38,0.01,621.0
2026-02-16 11:51:00,32,58,12,24,SSE,10.38,0.01,638.0
2026-02-16 12:06:00,31,55,15,25,SSE,10.38,0.01,674.0
2026-02-16 12:21:00,31,56,17,26,SSE,10.38,0.01,665.0
2026-02-16 12:36:00,30,55,19,32,SSE,10.38,0.01,571.0
2026-02-16 12:51:00,30,55,19,31,SSE,10.38,0.01,700.0
2026-02-16 13:06:00,30,55,17,27,S,10.38,0.01,372.0
2026-02-16 13:21:00,31,54,16,26,SSE,10.38,0.01,476.0
2026-02-16 13:36:00,31,52,17,30,S,10.38,0.01,478.0
2026-02-16 13:51:00,31,52,21,38,S,10.38,0.01,649.0
2026-02-16 14:06:00,31,51,20,37,S,10.38,0.01,783.0
2026-02-16 14:21:00,31,53,18,32,S,10.38,0.01,430.0
2026-02-16 14:36:00,31,54,16,29,SSE,10.38,0.01,381.0
2026-02-16 14:51:00,30,55,23,36,S,10.38,0.01,413.0
2026-02-16 15:06:00,30,58,21,32,S,10.38,0.01,475.0
2026-02-16 15:21:00,30,61,19,31,S,10.38,0.01,394.0
2026-02-16 15:36:00,30,64,16,27,SSE,10.38,0.01,359.0
2026-02-16 15:51:00,30,64,14,26,SSE,10.38,0.01,246.0
2026-02-16 16:06:00,29,66,15,25,S,10.38,0.01,201.0
2026-02-16 16:21:00,29,69,15,29,S,10.38,0.01,190.0
2026-02-16 16:36:00,29,70,15,28,S,10.38,0.01,103.0
2026-02-16 16:51:00,27,76,18,32,S,10.38,0.01,83.0
2026-02-16 17:06:00,26,88,16,25,S,10.38,0.01,103.0
2026-02-16 17:21:00,26,91,15,24,S,10.38,0.01,76.0
2026-02-16 17:36:00,26,92,15,25,S,10.38,0.01,48.0
2026-02-16 17:51:00,26,92,15,26,S,10.38,0.01,31.0
2026-02-16 18:06:00,26,92,13,22,S,10.38,0.01,14.0
2026-02-16 18:21:00,26,92,14,22,S,10.38,0.01,4.0
2026-02-16 18:36:00,26,92,14,21,S,10.38,0.01,1.0
2026-02-16 18:51:00,26,92,10,17,SSE,10.38,0.01,0.0
2026-02-16 19:06:00,26,92,10,17,SSE,10.38,0.01,0.0
2026-02-16 19:21:00,26,92,7,12,S,10.38,0.01,0.0
2026-02-16 19:36:00,26,92,6,8,S,10.38,0.01,0.0
2026-02-16 19:51:00,26,92,5,8,S,10.38,0.01,0.0
2026-02-16 20:06:00,26,92,6,8,S,10.38,0.01,0.0
2026-02-16 20:21:00,26,92,7,10,S,10.38,0.01,0.0
2026-02-16 20:36:00,26,92,7,9,S,10.38,0.01,0.0
2026-02-16 20:51:00,26,92,7,11,S,10.38,0.01,0.0
2026-02-16 21:06:00,26,92,8,14,S,10.38,0.01,0.0
2026-02-16 21:21:00,26,92,9,16,S,10.38,0.01,0.0
2026-02-16 21:36:00,26,92,12,21,S,10.38,0.01,0.0
2026-02-16 21:51:00,26,92,13,20,S,10.38,0.01,0.0
2026-02-16 22:06:00,26,92,14,22,S,10.38,0.01,0.0
2026-02-16 22:21:00,26,92,15,26,S,10.38,0.01,0.0
2026-02-16 22:36:00,26,92,12,19,S,10.38,0.01,0.0
2026-02-16 22:51:00,26,92,13,22,S,10.38,0.01,0.0
2026-02-16 23:06:00,26,92,12,19,S,10.38,0.01,0.0
2026-02-16 23:21:00,26,92,15,24,S,10.38,0.01,0.0
2026-02-16 23:36:00,26,92,14,26,S,10.38,0.01,0.0
2026-02-16 23:51:00,26,92,12,19,S,10.38,0.01,0.0
2026-02-17 00:06:00,25,92,14,21,S,10.38,0.01,0.0
2026-02-17 00:21:00,25,92,13,25,S,10.38,0.01,0.0
2026-02-17 00:36:00,25,92,11,18,SSW,10.38,0.01,0.0
2026-02-17 00:51:00,25,92,11,19,S,10.38,0.01,0.0
2026-02-17 01:06:00,25,92,12,21,S,10.38,0.01,0.0
2026-02-17 01:21:00,23,91,12,20,SW,10.38,0.01,0.0
2026-02-17 01:36:00,22,90,16,26,WSW,10.38,0.01,0.0
2026-02-17 01:51:00,21,90,16,23,WSW,10.38,0.01,0.0
2026-02-17 02:06:00,21,90,15,23,SW,10.38,0.01,0.0
2026-02-17 02:21:00,20,90,15,22,WSW,10.38,0.01,0.0
2026-02-17 02:36:00,20,90,15,23,WSW,10.38,0.01,0.0
2026-02-17 02:51:00,20,90,17,26,WSW,10.38,0.01,0.0
2026-02-17 03:06:00,20,90,15,25,WSW,10.38,0.01,0.0
2026-02-17 03:21:00,20,90,13,25,SW,10.38,0.01,0.0
2026-02-17 03:36:00,19,89,16,28,SW,10.38,0.01,0.0
2026-02-17 03:51:00,18,88,17,28,WSW,10.38,0.01,0.0
2026-02-17 04:06:00,17,88,17,27,WSW,10.38,0.01,0.0
2026-02-17 04:21:00,17,88,16,26,WSW,10.38,0.01,0.0
2026-02-17 04:36:00,16,88,14,24,WSW,10.38,0.01,0.0
2026-02-17 04:51:00,16,88,11,22,WSW,10.38,0.01,0.0
2026-02-17 05:06:00,16,88,11,22,SW,10.38,0.01,0.0
2026-02-17 05:21:00,15,87,12,22,SW,10.38,0.01,0.0
2026-02-17 05:36:00,15,87,14,23,WSW,10.38,0.01,0.0
2026-02-17 05:51:00,14,87,13,21,WSW,10.38,0.01,0.0
2026-02-17 06:06:00,14,87,12,20,WSW,10.38,0.01,0.0
2026-02-17 06:21:00,14,87,11,18,SW,10.38,0.01,0.0
2026-02-17 06:36:00,14,87,11,17,WSW,10.38,0.01,0.0
2026-02-17 06:51:00,14,87,8,16,WSW,10.38,0.01,0.0
2026-02-17 07:06:00,13,87,9,18,SW,10.38,0.01,0.0
2026-02-17 07:21:00,13,86,9,16,WSW,10.38,0.01,0.0
2026-02-17 07:36:00,13,86,8,14,SW,10.38,0.01,0.0
2026-02-17 07:51:00,13,87,8,15,SW,10.38,0.01,2.0
2026-02-17 08:06:00,13,87,7,14,SW,10.38,0.01,7.0
2026-02-17 08:21:00,13,86,9,15,SW,10.38,0.01,34.0
2026-02-17 08:36:00,13,86,10,15,SW,10.38,0.01,55.0
2026-02-17 08:51:00,12,86,9,14,SW,10.38,0.01,126.0
2026-02-17 09:06:00,13,86,8,16,SW,10.38,0.01,267.0
2026-02-17 09:21:00,12,85,8,15,SW,10.38,0.01,162.0
2026-02-17 09:36:00,13,85,8,14,SW,10.38,0.01,212.0
2026-02-17 09:51:00,12,85,8,13,SW,10.38,0.01,161.0
2026-02-17 10:06:00,13,86,6,12,SSW,10.38,0.01,233.0
2026-02-17 10:21:00,14,86,7,12,SSW,10.38,0.01,320.0
2026-02-17 10:36:00,14,86,6,12,SSW,10.38,0.01,301.0
2026-02-17 10:51:00,15,86,7,12,SSW,10.38,0.01,409.0
2026-02-17 11:06:00,15,86,8,13,SSW,10.38,0.01,369.0
2026-02-17 11:21:00,15,86,7,13,SSW,10.38,0.0,447.0
2026-02-17 11:36:00,15,86,6,12,S,10.38,0.0,385.0
2026-02-17 11:51:00,15,86,6,13,S,10.38,0.0,451.0
2026-02-17 12:06:00,16,86,6,10,S,10.38,0.0,472.0
2026-02-17 12:21:00,15,86,6,12,S,10.38,0.0,350.0
2026-02-17 12:36:00,15,86,11,18,SSE,10.38,0.0,415.0
2026-02-17 12:51:00,15,86,10,15,SSE,10.38,0.0,407.0
2026-02-17 13:06:00,15,86,9,16,SSE,10.38,0.0,306.0
2026-02-17 13:21:00,15,86,11,19,SSE,10.38,0.0,283.0
2026-02-17 13:36:00,15,87,11,16,SSE,10.38,0.0,288.0
2026-02-17 13:51:00,15,87,10,16,SSE,10.38,0.0,371.0
2026-02-17 14:06:00,16,87,8,14,SSE,10.38,0.0,436.0
2026-02-17 14:21:00,16,87,9,16,SSE,10.38,0.0,384.0
2026-02-17 14:36:00,16,87,9,15,SSE,10.38,0.0,249.0
2026-02-17 14:51:00,16,87,8,18,SSE,10.38,0.0,324.0
2026-02-17 15:06:00,16,87,9,15,SSE,10.38,0.0,195.0
2026-02-17 15:21:00,16,87,9,15,SSE,10.38,0.0,172.0
2026-02-17 15:36:00,16,87,10,17,SSE,10.38,0.0,159.0
2026-02-17 15:51:00,16,87,9,16,SE,10.38,0.0,167.0
2026-02-17 16:06:00,16,87,13,21,SSE,10.38,0.0,249.0
2026-02-17 16:21:00,16,87,12,21,SSE,10.38,0.0,149.0
2026-02-17 16:36:00,16,87,13,24,SSE,10.38,0.0,101.0
2026-02-17 16:51:00,16,88,13,24,SSE,10.38,0.0,75.0
2026-02-17 17:06:00,16,88,13,24,SSE,10.38,0.0,67.0
2026-02-17 17:21:00,16,88,14,21,SSE,10.38,0.0,43.0
2026-02-17 17:36:00,16,88,14,20,SSE,10.38,0.0,37.0
2026-02-17 17:51:00,16,88,14,22,SSE,10.38,0.0,33.0
2026-02-17 18:06:00,16,88,13,21,SSE,10.38,0.0,18.0
2026-02-17 18:21:00,16,88,13,21,SSE,10.38,0.0,7.0
2026-02-17 18:36:00,16,88,14,23,SSE,10.38,0.0,1.0
2026-02-17 18:51:00,16,88,12,18,SSE,10.38,0.0,0.0
2026-02-17 19:06:00,16,88,14,24,SSE,10.38,0.0,0.0
2026-02-17 19:21:00,16,88,12,23,SSE,10.38,0.0,0.0
2026-02-17 19:36:00,16,88,14,24,SSE,10.38,0.0,0.0
2026-02-17 19:51:00,16,88,16,31,SSE,10.38,0.0,0.0
2026-02-17 20:06:00,16,88,14,23,SSE,10.38,0.0,0.0
2026-02-17 20:21:00,16,88,17,27,SSE,10.38,0.0,0.0
2026-02-17 20:36:00,16,88,15,25,SSE,10.38,0.0,0.0
2026-02-17 20:51:00,16,88,10,17,SSE,10.38,0.0,0.0
2026-02-17 21:06:00,16,88,10,20,S,10.38,0.0,0.0
2026-02-17 21:21:00,16,88,10,16,S,10.38,0.0,0.0
2026-02-17 21:36:00,16,88,8,17,SSE,10.38,0.0,0.0
2026-02-17 21:51:00,16,88,8,16,S,10.38,0.0,0.0
2026-02-17 22:06:00,16,88,10,18,SSE,10.38,0.0,0.0
2026-02-17 22:21:00,16,88,10,18,SSE,10.38,0.0,0.0
2026-02-17 22:36:00,17,88,11,19,SSE,10.38,0.0,0.0
2026-02-17 22:51:00,17,88,10,19,SSE,10.38,0.0,0.0
2026-02-17 23:06:00,16,88,8,14,S,10.38,0.0,0.0
2026-02-17 23:21:00,16,88,8,14,S,10.38,0.0,0.0
2026-02-17 23:36:00,16,88,8,14,S,10.38,0.0,0.0
2026-02-17 23:51:00,17,88,8,14,S,10.38,0.0,0.0
2026-02-18 00:06:00,17,88,6,11,S,10.38,0.0,0.0
2026-02-18 00:21:00,17,88,7,13,SSE,10.38,0.0,0.0
2026-02-18 00:36:00,17,88,8,13,SSE,10.38,0.0,0.0
2026-02-18 00:51:00,17,88,8,13,SSE,10.38,0.0,0.0
2026-02-18 01:06:00,17,88,11,20,SSE,10.38,0.0,0.0
2026-02-18 01:21:00,17,88,11,18,SSE,10.38,0.0,0.0
2026-02-18 01:36:00,17,88,9,14,S,10.38,0.0,0.0
2026-02-18 01:51:00,17,88,9,14,SSE,10.38,0.0,0.0
2026-02-18 02:06:00,17,88,9,14,SSE,10.38,0.0,0.0
2026-02-18 02:21:00,17,88,8,13,S,10.38,0.0,0.0
2026-02-18 02:36:00,17,88,5,10,S,10.38,0.0,0.0
2026-02-18 02:51:00,17,88,4,7,SSW,10.38,0.0,0.0
2026-02-18 03:06:00,17,88,6,14,SW,10.38,0.0,0.0
2026-02-18 03:21:00,16,88,8,16,SW,10.38,0.0,0.0
2026-02-18 03:36:00,16,88,8,14,SW,10.38,0.0,0.0
2026-02-18 03:51:00,15,87,10,15,WSW,10.38,0.0,0.0
2026-02-18 04:06:00,14,87,11,17,WSW,10.38,0.0,0.0
2026-02-18 04:21:00,13,87,11,15,WSW,10.38,0.0,0.0
2026-02-18 04:36:00,13,86,9,13,WSW,10.38,0.0,0.0
2026-02-18 04:51:00,13,86,8,13,WSW,10.38,0.0,0.0
2026-02-18 05:06:00,12,86,7,11,WSW,10.38,0.0,0.0
2026-02-18 05:21:00,11,86,5,8,W,10.38,0.0,0.0
2026-02-18 05:36:00,11,85,2,8,WNW,10.38,0.0,0.0
2026-02-18 05:51:00,11,86,3,6,WNW,10.38,0.0,0.0
2026-02-18 06:06:00,11,86,4,10,WSW,10.38,0.0,0.0
2026-02-18 06:21:00,11,86,6,11,WSW,10.38,0.0,0.0
2026-02-18 06:36:00,10,85,6,11,WSW,10.38,0.0,0.0
2026-02-18 06:51:00,10,85,6,10,WSW,10.38,0.0,0.0
2026-02-18 07:06:00,10,85,7,11,WSW,10.38,0.0,0.0
2026-02-18 07:21:00,10,85,7,12,WSW,10.38,0.0,0.0
2026-02-18 07:36:00,10,85,7,12,WSW,10.38,0.0,0.0
2026-02-18 07:51:00,11,85,7,12,WSW,10.38,0.0,1.0
2026-02-18 08:06:00,11,86,7,11,WSW,10.38,0.0,6.0
2026-02-18 08:21:00,11,85,7,12,WSW,10.38,0.0,10.0
2026-02-18 08:36:00,11,86,6,10,WSW,10.38,0.0,24.0
2026-02-18 08:51:00,11,85,6,11,WSW,10.38,0.0,41.0
2026-02-18 09:06:00,11,85,5,10,W,10.38,0.0,51.0
2026-02-18 09:21:00,11,85,5,9,W,10.38,0.0,100.0
2026-02-18 09:36:00,12,86,5,8,WSW,10.38,0.0,185.0
2026-02-18 09:51:00,13,86,4,10,WSW,10.38,0.0,231.0
2026-02-18 10:06:00,15,87,5,10,W,10.38,0.0,420.0
2026-02-18 10:21:00,15,87,5,10,WSW,10.38,0.0,344.0
2026-02-18 10:36:00,14,86,5,9,WSW,10.38,0.0,339.0
2026-02-18 10:51:00,14,86,6,9,WSW,10.38,0.0,278.0
2026-02-18 11:06:00,13,86,7,11,WSW,10.38,0.0,285.0
2026-02-18 11:21:00,13,86,8,12,WSW,10.38,0.0,396.0
2026-02-18 11:36:00,14,86,8,11,WSW,10.38,0.0,423.0
2026-02-18 11:51:00,15,87,8,12,WSW,10.38,0.0,625.0
2026-02-18 12:06:00,15,87,8,12,WSW,10.38,0.0,543.0
2026-02-18 12:21:00,14,86,7,12,WSW,10.38,0.0,422.0
2026-02-18 12:36:00,15,86,7,12,WSW,10.38,0.0,634.0
2026-02-18 12:51:00,14,87,8,11,WSW,10.38,0.0,484.0
2026-02-18 13:06:00,14,86,7,11,WSW,10.38,0.0,546.0
2026-02-18 13:21:00,14,87,7,11,WSW,10.38,0.0,566.0
2026-02-18 13:36:00,15,87,6,10,WSW,10.38,0.0,648.0
2026-02-18 13:51:00,15,87,7,11,WSW,10.38,0.0,556.0
2026-02-18 14:06:00,15,86,7,11,WSW,10.38,0.0,659.0
2026-02-18 14:21:00,16,87,7,13,WSW,10.38,0.0,644.0
2026-02-18 14:36:00,14,86,8,12,WSW,10.38,0.0,664.0
2026-02-18 14:51:00,15,86,7,13,WSW,10.38,0.0,634.0
2026-02-18 15:06:00,15,87,8,14,WSW,10.38,0.0,582.0
2026-02-18 15:21:00,12,86,8,14,WSW,10.38,0.0,227.0
2026-02-18 15:36:00,12,86,9,14,WSW,10.38,0.0,322.0
2026-02-18 15:51:00,12,86,10,16,WSW,10.38,0.0,363.0
2026-02-18 16:06:00,12,85,9,14,WSW,10.38,0.0,288.0
2026-02-18 16:21:00,11,85,9,14,WSW,10.38,0.0,84.0
2026-02-18 16:36:00,11,85,7,13,WSW,10.38,0.0,58.0
2026-02-18 16:51:00,11,85,6,12,W,10.38,0.0,60.0
2026-02-18 17:06:00,10,85,7,13,W,10.38,0.0,58.0
2026-02-18 17:21:00,10,85,10,17,W,10.38,0.0,79.0
2026-02-18 17:36:00,10,85,9,16,W,10.38,0.0,75.0
2026-02-18 17:51:00,10,85,9,16,W,10.38,0.0,61.0
2026-02-18 18:06:00,10,85,8,14,W,10.38,0.0,31.0
2026-02-18 18:21:00,9,85,7,15,W,10.38,0.0,11.0
2026-02-18 18:36:00,9,85,7,14,WSW,10.38,0.0,3.0
2026-02-18 18:51:00,9,85,6,10,W,10.38,0.0,0.0
2026-02-18 19:06:00,9,85,6,13,W,10.38,0.0,0.0
2026-02-18 19:21:00,9,85,4,7,WNW,10.38,0.0,0.0
2026-02-18 19:36:00,9,85,3,7,WNW,10.38,0.0,0.0
2026-02-18 19:51:00,9,85,5,11,W,10.38,0.0,0.0
2026-02-18 20:06:00,9,85,6,11,WNW,10.38,0.0,0.0
2026-02-18 20:21:00,9,85,4,7,WNW,10.38,0.0,0.0
2026-02-18 20:36:00,9,85,4,6,WNW,10.38,0.0,0.0
2026-02-18 20:51:00,9,85,4,8,WNW,10.38,0.0,0.0
2026-02-18 21:06:00,9,85,5,8,NW,10.38,0.0,0.0
2026-02-18 21:21:00,8,84,6,9,NW,10.38,0.0,0.0
2026-02-18 21:36:00,8,84,6,9,NW,10.38,0.0,0.0
2026-02-18 21:51:00,8,84,5,10,NW,10.38,0.0,0.0
2026-02-18 22:06:00,8,84,3,7,W,10.38,0.0,0.0
2026-02-18 22:21:00,8,84,3,7,WNW,10.38,0.0,0.0
2026-02-18 22:36:00,8,84,3,7,WNW,10.38,0.0,0.0
2026-02-18 22:51:00,7,84,3,5,WNW,10.38,0.0,0.0
2026-02-18 23:06:00,6,83,3,5,WNW,10.38,0.0,0.0
2026-02-18 23:21:00,7,83,3,5,WNW,10.38,0.0,0.0
2026-02-18 23:36:00,7,83,2,3,WNW,10.38,0.0,0.0
2026-02-18 23:51:00,7,83,2,3,NW,10.38,0.0,0.0
2026-02-19 00:06:00,7,83,2,4,WNW,10.38,0.0,0.0
2026-02-19 00:21:00,7,84,2,5,WSW,10.38,0.0,0.0
2026-02-19 00:36:00,8,84,2,4,W,10.38,0.0,0.0
2026-02-19 00:51:00,8,84,2,4,WSW,10.38,0.0,0.0
2026-02-19 01:06:00,7,84,2,4,W,10.38,0.0,0.0
2026-02-19 01:21:00,6,83,2,4,W,10.38,0.0,0.0
2026-02-19 01:36:00,6,83,2,4,W,10.38,0.0,0.0
2026-02-19 01:51:00,6,83,1,3,W,10.38,0.0,0.0
2026-02-19 02:06:00,6,83,1,3,WSW,10.38,0.0,0.0
2026-02-19 02:21:00,6,83,0,1,WSW,10.38,0.0,0.0
2026-02-19 02:36:00,6,83,0,1,NW,10.38,0.0,0.0
2026-02-19 02:51:00,6,83,0,0,N,10.38,0.0,0.0
2026-02-19 03:06:00,4,82,0,0,N,10.38,0.0,0.0
2026-02-19 03:21:00,2,80,0,0,N,10.38,0.0,0.0
2026-02-19 03:36:00,1,79,0,0,N,10.38,0.0,0.0
2026-02-19 03:51:00,0,79,0,0,N,10.38,0.0,0.0
2026-02-19 04:06:00,0,79,0,0,N,10.38,0.0,0.0
2026-02-19 04:21:00,1,79,1,1,S,10.38,0.0,0.0
2026-02-19 04:36:00,2,80,1,2,S,10.38,0.0,0.0
2026-02-19 04:51:00,3,81,1,2,SSE,10.38,0.0,0.0
2026-02-19 05:06:00,3,81,1,2,SSE,10.38,0.0,0.0
2026-02-19 05:21:00,3,81,1,1,SSE,10.38,0.0,0.0
2026-02-19 05:36:00,3,81,1,2,SSE,10.38,0.0,0.0
2026-02-19 05:51:00,3,81,1,2,SSE,10.38,0.0,0.0
2026-02-19 06:06:00,4,81,2,2,SE,10.38,0.0,0.0
2026-02-19 06:21:00,4,81,2,2,SE,10.38,0.0,0.0
2026-02-19 06:36:00,4,82,2,2,SE,10.38,0.0,0.0
2026-02-19 06:51:00,4,82,2,2,SE,10.38,0.0,0.0
2026-02-19 07:06:00,5,82,2,3,SE,10.38,0.0,0.0
2026-02-19 07:21:00,5,82,2,2,SE,10.38,0.0,0.0
2026-02-19 07:36:00,5,82,2,3,SE,10.38,0.0,0.0
2026-02-19 07:51:00,5,82,2,3,ESE,10.38,0.0,3.0
2026-02-19 08:06:00,5,82,3,4,ESE,10.38,0.0,11.0
2026-02-19 08:21:00,6,83,3,4,ESE,10.38,0.0,20.0
2026-02-19 08:36:00,6,82,3,4,ESE,10.38,0.0,29.0
2026-02-19 08:51:00,8,83,4,5,ESE,10.38,0.0,79.0
2026-02-19 09:06:00,9,83,4,5,ESE,10.38,0.0,106.0
2026-02-19 09:21:00,9,84,4,6,ESE,10.38,0.0,137.0
2026-02-19 09:36:00,10,85,2,4,ESE,10.38,0.0,155.0
2026-02-19 09:51:00,12,85,2,5,ESE,10.38,0.0,226.0
2026-02-19 10:06:00,12,86,4,6,ESE,10.38,0.0,268.0
2026-02-19 10:21:00,12,86,4,6,ESE,10.38,0.0,370.0
2026-02-19 10:36:00,13,86,4,6,ESE,10.38,0.0,448.0
2026-02-19 10:51:00,14,86,3,6,SE,10.38,0.0,487.0
2026-02-19 11:06:00,15,87,4,6,SE,10.38,0.0,613.0
2026-02-19 11:21:00,16,86,5,7,SE,10.38,0.0,714.0
2026-02-19 11:36:00,15,85,5,8,SE,10.38,0.0,752.0
2026-02-19 11:51:00,15,86,4,7,SE,10.38,0.0,843.0
2026-02-19 12:06:00,16,86,5,8,SE,10.38,0.0,941.0
2026-02-19 12:21:00,18,87,3,6,SSE,10.38,0.0,974.0
2026-02-19 12:36:00,19,88,3,6,SE,10.38,0.0,1050.0
2026-02-19 12:51:00,19,87,5,8,SE,10.38,0.0,
2026-02-19 13:06:00,19,87,3,6,SE,10.38,0.0,1132.0
2026-02-19 13:21:00,19,87,4,8,SE,10.38,0.0,1101.0
2026-02-19 13:36:00,17,86,5,8,SE,10.38,0.0,696.0
2026-02-19 13:51:00,16,85,5,8,SE,10.38,0.0,746.0
2026-02-19 14:06:00,17,86,5,8,ESE,10.38,0.0,762.0
2026-02-19 14:21:00,16,86,4,8,ESE,10.38,0.0,837.0
2026-02-19 14:36:00,19,87,5,8,ESE,10.38,0.0,
2026-02-19 14:51:00,18,86,7,11,ESE,10.38,0.0,1029.0
2026-02-19 15:06:00,17,85,6,10,ESE,10.38,0.0,1094.0
2026-02-19 15:21:00,18,86,6,10,SE,10.38,0.0,1112.0
2026-02-19 15:36:00,16,86,7,12,SE,10.38,0.0,694.0
2026-02-19 15:51:00,14,84,7,10,SE,10.38,0.0,534.0
2026-02-19 16:06:00,14,85,5,7,SE,10.38,0.0,420.0
2026-02-19 16:21:00,17,87,4,8,SSE,10.38,0.0,629.0
2026-02-19 16:36:00,15,87,5,9,SSE,10.38,0.0,419.0
2026-02-19 16:51:00,17,87,6,12,SSE,10.38,0.0,639.0
2026-02-19 17:06:00,17,87,6,11,SSE,10.38,0.0,481.0
2026-02-19 17:21:00,15,86,7,11,SSE,10.38,0.0,336.0
2026-02-19 17:36:00,14,86,6,12,SSE,10.38,0.0,280.0
2026-02-19 17:51:00,15,87,5,8,SSE,10.38,0.0,289.0
2026-02-19 18:06:00,13,86,4,7,SE,10.38,0.0,64.0
2026-02-19 18:21:00,11,85,4,6,SSE,10.38,0.0,41.0
2026-02-19 18:36:00,10,85,4,6,SSE,10.38,0.0,8.0
2026-02-19 18:51:00,9,85,4,7,SE,10.38,0.0,1.0
2026-02-19 19:06:00,9,84,6,8,SE,10.38,0.0,0.0
2026-02-19 19:21:00,8,84,6,8,ESE,10.38,0.0,0.0
2026-02-19 19:36:00,8,84,6,8,SE,10.38,0.0,0.0
2026-02-19 19:51:00,8,84,6,8,SE,10.38,0.0,0.0
2026-02-19 20:06:00,8,84,5,8,SE,10.38,0.0,0.0
2026-02-19 20:21:00,8,84,6,8,SE,10.38,0.0,0.0
2026-02-19 20:36:00,8,84,5,7,SE,10.38,0.0,0.0
2026-02-19 20:51:00,8,84,5,6,SE,10.38,0.0,0.0
2026-02-19 21:06:00,8,84,5,6,SSE,10.38,0.0,0.0
2026-02-19 21:21:00,7,83,3,5,S,10.38,0.0,0.0
2026-02-19 21:36:00,7,83,3,5,S,10.38,0.0,0.0
2026-02-19 21:51:00,7,83,3,5,SSW,10.38,0.0,0.0
2026-02-19 22:06:00,7,83,3,5,WSW,10.38,0.0,0.0
2026-02-19 22:21:00,7,83,3,4,WSW,10.38,0.0,0.0
2026-02-19 22:36:00,7,83,3,5,SW,10.38,0.0,0.0
2026-02-19 22:51:00,8,84,4,5,SW,10.38,0.0,0.0
2026-02-19 23:06:00,8,84,3,5,SW,10.38,0.0,0.0
2026-02-19 23:21:00,7,83,2,5,SW,10.38,0.0,0.0
2026-02-19 23:36:00,6,83,0,2,W,10.38,0.0,0.0
2026-02-19 23:51:00,6,82,1,2,NW,10.38,0.0,0.0
2026-02-20 00:06:00,7,83,2,3,WNW,10.38,0.0,0.0
2026-02-20 00:21:00,8,84,3,5,WNW,10.38,0.0,0.0
2026-02-20 00:36:00,9,84,3,4,W,10.38,0.0,0.0
2026-02-20 00:51:00,9,84,2,4,WSW,10.38,0.0,0.0
2026-02-20 01:06:00,9,84,3,4,SW,10.38,0.0,0.0
2026-02-20 01:21:00,9,85,4,6,SSW,10.38,0.0,0.0
2026-02-20 01:36:00,9,85,4,6,SSW,10.38,0.0,0.0
2026-02-20 01:51:00,10,85,5,6,SSW,10.38,0.0,0.0
2026-02-20 02:06:00,10,85,5,7,SSW,10.38,0.0,0.0
2026-02-20 02:21:00,10,85,4,7,SSW,10.38,0.0,0.0
2026-02-20 02:36:00,9,85,5,9,SSW,10.38,0.0,0.0
2026-02-20 02:51:00,9,84,6,9,SSW,10.38,0.0,0.0
2026-02-20 03:06:00,9,84,6,10,SSW,10.38,0.0,0.0
2026-02-20 03:21:00,9,84,7,11,SW,10.38,0.0,0.0
2026-02-20 03:36:00,8,84,6,10,SW,10.38,0.0,0.0
2026-02-20 03:51:00,8,84,8,11,SW,10.38,0.0,0.0
2026-02-20 04:06:00,9,85,8,12,WSW,10.38,0.0,0.0
2026-02-20 04:21:00,9,85,7,11,WSW,10.38,0.0,0.0
2026-02-20 04:36:00,9,85,7,10,WSW,10.38,0.0,0.0
2026-02-20 04:51:00,9,85,8,12,WSW,10.38,0.0,0.0
2026-02-20 05:06:00,9,85,8,12,SW,10.38,0.0,0.0
2026-02-20 05:21:00,10,85,8,11,SW,10.38,0.0,0.0
2026-02-20 05:36:00,10,85,8,12,SW,10.38,0.0,0.0
2026-02-20 05:51:00,10,85,8,13,SW,10.38,0.0,0.0
2026-02-20 06:06:00,9,85,8,13,SW,10.38,0.0,0.0
2026-02-20 06:21:00,9,85,9,13,SW,10.38,0.0,0.0
2026-02-20 06:36:00,9,85,9,14,SSW,10.38,0.0,0.0
2026-02-20 06:51:00,9,85,7,12,SSW,10.38,0.0,0.0
2026-02-20 07:06:00,9,85,6,11,SSW,10.38,0.0,0.0
2026-02-20 07:21:00,9,85,4,9,SW,10.38,0.0,0.0
2026-02-20 07:36:00,9,85,6,11,SW,10.38,0.0,0.0
2026-02-20 07:51:00,9,85,6,11,WSW,10.38,0.0,1.0
2026-02-20 08:06:00,9,85,6,10,WSW,10.38,0.0,4.0
2026-02-20 08:21:00,9,85,5,10,WSW,10.38,0.0,13.0
2026-02-20 08:36:00,9,85,5,9,WSW,10.38,0.0,22.0
2026-02-20 08:51:00,10,85,6,11,WSW,10.38,0.0,39.0
2026-02-20 09:06:00,10,85,6,11,WSW,10.38,0.0,55.0
2026-02-20 09:21:00,10,85,6,10,WSW,10.38,0.0,78.0
2026-02-20 09:36:00,11,85,6,11,W,10.38,0.0,99.0
2026-02-20 09:51:00,11,85,5,8,W,10.38,0.0,113.0
2026-02-20 10:06:00,12,86,5,11,W,10.38,0.0,154.0
2026-02-20 10:21:00,11,85,5,12,W,10.38,0.0,152.0
2026-02-20 10:36:00,12,85,5,10,W,10.38,0.0,184.0
2026-02-20 10:51:00,12,85,6,12,W,10.38,0.0,185.0
2026-02-20 11:06:00,12,85,7,11,W,10.38,0.0,240.0
2026-02-20 11:21:00,14,86,6,9,W,10.38,0.0,365.0
2026-02-20 11:36:00,15,87,5,11,W,10.38,0.0,297.0
2026-02-20 11:51:00,15,86,7,12,WSW,10.38,0.0,295.0
2026-02-20 12:06:00,17,87,5,9,W,10.38,0.0,324.0
2026-02-20 12:21:00,16,87,5,9,WSW,10.38,0.0,242.0
2026-02-20 12:36:00,16,87,7,11,WSW,10.38,0.0,289.0
2026-02-20 12:51:00,18,87,6,10,WSW,10.38,0.0,388.0
2026-02-20 13:06:00,17,87,9,14,WSW,10.38,0.0,441.0
2026-02-20 13:21:00,16,87,8,13,WSW,10.38,0.0,305.0
2026-02-20 13:36:00,15,86,7,13,WSW,10.38,0.0,243.0
2026-02-20 13:51:00,15,86,7,13,WSW,10.38,0.0,288.0
2026-02-20 14:06:00,14,86,7,12,WSW,10.38,0.0,234.0
2026-02-20 14:21:00,15,86,8,12,SW,10.38,0.0,413.0
2026-02-20 14:36:00,15,87,5,11,WSW,10.38,0.0,219.0
2026-02-20 14:51:00,15,86,7,13,WSW,10.38,0.0,293.0
2026-02-20 15:06:00,15,86,6,12,WSW,10.38,0.0,255.0
2026-02-20 15:21:00,14,86,6,11,WSW,10.38,0.0,224.0
2026-02-20 15:36:00,14,86,4,10,WSW,10.38,0.0,171.0
2026-02-20 15:51:00,14,86,5,10,WSW,10.38,0.0,211.0
2026-02-20 16:06:00,14,86,5,9,WSW,10.38,0.0,234.0
2026-02-20 16:21:00,14,86,4,8,WSW,10.38,0.0,152.0
2026-02-20 16:36:00,13,86,4,8,WSW,10.38,0.0,114.0
2026-02-20 16:51:00,13,86,5,9,WSW,10.38,0.0,94.0
2026-02-20 17:06:00,12,86,4,8,WSW,10.38,0.0,94.0
2026-02-20 17:21:00,12,85,3,7,WSW,10.38,0.0,60.0
2026-02-20 17:36:00,12,85,4,7,SW,10.38,0.0,66.0
2026-02-20 17:51:00,11,85,2,4,WSW,10.38,0.0,38.0
2026-02-20 18:06:00,11,85,2,6,W,10.38,0.0,19.0
2026-02-20 18:21:00,11,85,3,7,SW,10.38,0.0,9.0
2026-02-20 18:36:00,10,85,4,7,WSW,10.38,0.0,3.0
2026-02-20 18:51:00,10,85,2,5,WSW,10.38,0.0,0.0
2026-02-20 19:06:00,9,85,3,6,WSW,10.38,0.0,0.0
2026-02-20 19:21:00,9,84,5,10,WSW,10.38,0.0,0.0
2026-02-20 19:36:00,8,84,5,8,WSW,10.38,0.0,0.0
2026-02-20 19:51:00,8,84,4,6,WSW,10.38,0.0,0.0
2026-02-20 20:06:00,7,83,3,5,WSW,10.38,0.0,0.0
2026-02-20 20:21:00,7,83,4,7,WSW,10.38,0.0,0.0
2026-02-20 20:36:00,8,84,4,6,SW,10.38,0.0,0.0
2026-02-20 20:51:00,8,84,4,6,SW,10.38,0.0,0.0
2026-02-20 21:06:00,8,84,3,4,SSW,10.38,0.0,0.0
2026-02-20 21:21:00,8,84,4,6,S,10.38,0.0,0.0
2026-02-20 21:36:00,8,84,5,7,SSE,10.38,0.0,0.0
2026-02-20 21:51:00,8,84,5,7,S,10.38,0.0,0.0
2026-02-20 22:06:00,9,84,5,7,SSW,10.38,0.0,0.0
2026-02-20 22:21:00,9,84,4,8,SSW,10.38,0.0,0.0
2026-02-20 22:36:00,9,84,5,9,SSW,10.38,0.0,0.0
2026-02-20 22:51:00,9,85,6,9,SSW,10.38,0.0,0.0
2026-02-20 23:06:00,10,85,6,10,SSW,10.38,0.0,0.0
2026-02-20 23:21:00,11,85,6,10,SSW,10.38,0.0,0.0
2026-02-20 23:36:00,11,86,6,9,S,10.38,0.0,0.0
2026-02-20 23:51:00,11,86,6,10,S,10.38,0.0,0.0
2026-02-21 00:06:00,11,86,6,8,S,10.38,0.0,0.0
2026-02-21 00:21:00,11,86,6,8,SSE,10.38,0.0,0.0
2026-02-21 00:36:00,11,86,7,9,S,10.38,0.0,0.0
2026-02-21 00:51:00,11,86,7,9,SSE,10.38,0.0,0.0
2026-02-21 01:06:00,11,86,7,9,S,10.38,0.0,0.0
2026-02-21 01:21:00,12,86,6,10,S,10.38,0.0,0.0
2026-02-21 01:36:00,11,86,6,8,SSE,10.38,0.0,0.0
2026-02-21 01:51:00,11,85,7,9,SSE,10.38,0.0,0.0
2026-02-21 02:06:00,11,86,6,9,SSE,10.38,0.0,0.0
2026-02-21 02:21:00,12,86,7,11,SSE,10.38,0.0,0.0
2026-02-21 02:36:00,12,86,9,12,SSE,10.38,0.0,0.0
2026-02-21 02:51:00,12,86,10,12,SSE,10.38,0.0,0.0
2026-02-21 03:06:00,12,86,11,14,SSE,10.38,0.0,0.0
2026-02-21 03:21:00,12,86,11,14,SSE,10.38,0.0,0.0
2026-02-21 03:36:00,12,86,11,13,SSE,10.38,0.0,0.0
2026-02-21 03:51:00,12,86,10,13,SSE,10.38,0.0,0.0
2026-02-21 04:06:00,12,86,9,14,SSE,10.38,0.0,0.0
2026-02-21 04:21:00,12,86,8,11,SSE,10.38,0.0,0.0
2026-02-21 04:36:00,12,86,9,12,SSE,10.38,0.0,0.0
2026-02-21 04:51:00,12,86,8,10,SSE,10.38,0.0,0.0
2026-02-21 05:06:00,12,86,9,12,SSE,10.38,0.0,0.0
2026-02-21 05:21:00,12,86,11,14,SSE,10.38,0.0,0.0
2026-02-21 05:36:00,12,86,11,15,SSE,10.38,0.0,0.0
2026-02-21 05:51:00,12,86,12,16,SSE,10.38,0.0,0.0
2026-02-21 06:06:00,12,86,13,17,SSE,10.38,0.0,0.0
2026-02-25 08:36:00,26,93,0,0,N,10.41,0.0,42.0
2026-02-25 08:51:00,26,93,0,0,N,10.41,0.0,84.0
2026-02-25 09:06:00,26,92,0,0,N,10.41,0.0,77.0
2026-02-25 09:21:00,26,92,0,0,N,10.41,0.0,98.0
2026-02-25 09:36:00,26,93,0,0,N,10.41,0.0,133.0
2026-02-25 09:51:00,26,93,0,0,N,10.41,0.0,179.0
2026-02-25 10:06:00,26,93,0,0,N,10.41,0.0,203.0
2026-02-25 10:21:00,26,92,0,0,N,10.41,0.0,239.0
2026-02-25 10:36:00,26,93,0,0,N,10.41,0.0,380.0
2026-02-25 10:51:00,26,93,0,0,N,10.41,0.0,448.0
2026-02-25 11:06:00,26,93,0,0,N,10.41,0.0,546.0
2026-02-25 11:21:00,26,93,0,0,N,10.41,0.0,586.0
2026-02-25 11:36:00,26,93,0,0,N,10.41,0.0,718.0
2026-02-25 11:51:00,27,93,0,0,N,10.41,0.0,856.0
2026-02-25 12:06:00,27,94,0,0,N,10.41,0.0,941.0
2026-02-25 12:21:00,27,94,0,0,N,10.41,0.0,1052.0
2026-02-25 12:36:00,29,95,0,0,N,10.41,0.0,
2026-02-25 12:51:00,28,95,0,0,N,10.41,0.0,
2026-02-25 13:06:00,28,94,0,0,N,10.41,0.0,1102.0
2026-02-25 13:21:00,29,95,0,0,N,10.41,0.0,
2026-02-25 13:36:00,30,95,0,0,N,10.41,0.0,
2026-02-25 13:51:00,29,95,0,0,N,10.41,0.0,
2026-02-25 14:06:00,29,94,0,0,N,10.41,0.0,
2026-02-25 14:21:00,30,95,0,0,N,10.41,0.0,
2026-02-25 14:36:00,29,94,0,0,N,10.41,0.0,
2026-02-25 14:51:00,27,93,0,0,N,10.41,0.0,
2026-02-25 15:06:00,26,92,0,0,N,10.41,0.0,800.0
2026-02-25 15:21:00,26,92,0,0,N,10.42,0.01,671.0
2026-02-25 15:36:00,27,93,0,0,N,10.42,0.01,776.0
2026-02-25 15:51:00,28,93,0,0,N,10.42,0.01,514.0
2026-02-25 16:06:00,28,94,0,0,N,10.42,0.01,695.0
2026-02-25 16:21:00,27,93,0,0,N,10.42,0.01,556.0
2026-02-25 16:36:00,28,93,0,0,N,10.42,0.01,505.0
2026-02-25 16:51:00,28,93,0,0,N,10.42,0.01,479.0
2026-02-25 17:06:00,28,93,0,0,N,10.42,0.01,413.0
2026-02-25 17:21:00,26,92,0,0,N,10.42,0.01,278.0
2026-02-25 17:36:00,26,92,0,0,N,10.42,0.01,258.0
2026-02-25 17:51:00,26,92,0,0,N,10.42,0.01,264.0
2026-02-25 18:06:00,27,92,0,0,N,10.42,0.01,290.0
2026-02-25 18:21:00,27,93,0,0,N,10.42,0.01,246.0
2026-02-25 18:36:00,25,91,0,0,N,10.42,0.01,59.0
2026-02-25 18:51:00,23,90,0,0,N,10.42,0.01,4.0
2026-02-25 19:06:00,22,91,0,0,N,10.42,0.01,0.0
2026-02-25 19:21:00,22,91,0,0,N,10.42,0.01,0.0
2026-02-25 19:36:00,22,91,0,0,N,10.42,0.01,0.0
2026-02-25 19:51:00,22,91,0,0,N,10.42,0.01,0.0
2026-02-25 20:06:00,22,91,0,0,N,10.42,0.01,0.0
2026-02-25 20:21:00,22,91,0,0,N,10.42,0.01,0.0
2026-02-25 20:36:00,22,91,0,0,N,10.42,0.01,0.0
2026-02-25 20:51:00,22,91,0,0,N,10.42,0.01,0.0
2026-02-25 21:06:00,22,91,0,0,N,10.42,0.01,0.0
2026-02-25 21:21:00,22,91,0,0,N,10.42,0.01,0.0
2026-02-25 21:36:00,22,91,0,0,N,10.42,0.01,0.0
2026-02-25 21:51:00,22,91,0,0,N,10.42,0.01,0.0
2026-02-25 22:06:00,22,91,0,0,N,10.42,0.01,0.0
2026-02-25 22:21:00,23,91,0,0,N,10.42,0.01,0.0
2026-02-25 22:36:00,23,92,0,0,N,10.42,0.01,0.0
2026-02-25 22:51:00,23,91,0,0,N,10.42,0.01,0.0
2026-02-25 23:06:00,23,91,0,0,N,10.42,0.01,0.0
2026-02-25 23:21:00,22,91,0,0,N,10.42,0.01,0.0
2026-02-25 23:36:00,21,90,0,0,N,10.42,0.01,0.0
2026-02-25 23:51:00,20,90,0,0,N,10.42,0.01,0.0
2026-02-26 00:06:00,20,90,0,0,N,10.42,0.01,0.0
2026-02-26 00:21:00,19,89,0,0,N,10.42,0.01,0.0
2026-02-26 00:36:00,19,89,0,0,N,10.42,0.01,0.0
2026-02-26 00:51:00,19,89,0,0,N,10.42,0.01,0.0
2026-02-26 01:06:00,18,89,0,0,N,10.42,0.01,0.0
2026-02-26 01:21:00,18,89,0,0,N,10.42,0.01,0.0
2026-02-26 01:36:00,18,89,0,0,N,10.42,0.01,0.0
2026-02-26 01:51:00,18,89,0,0,N,10.42,0.01,0.0
2026-02-26 02:06:00,18,88,0,0,N,10.42,0.01,0.0
2026-02-26 02:21:00,17,88,0,0,N,10.42,0.01,0.0
2026-02-26 02:36:00,17,88,0,0,N,10.42,0.01,0.0
2026-02-26 02:51:00,16,88,0,0,N,10.42,0.01,0.0
2026-02-26 03:06:00,16,87,0,0,N,10.42,0.01,0.0
2026-02-26 03:21:00,16,88,0,0,N,10.42,0.01,0.0
2026-02-26 03:36:00,16,87,0,0,N,10.42,0.01,0.0
2026-02-26 03:51:00,16,87,0,0,N,10.42,0.01,0.0
2026-02-26 04:06:00,15,87,0,0,N,10.42,0.01,0.0
2026-02-26 04:21:00,15,86,0,0,N,10.42,0.01,0.0
2026-02-26 04:36:00,15,87,0,0,N,10.42,0.01,0.0
2026-02-26 04:51:00,16,87,0,0,N,10.42,0.01,0.0
2026-02-26 05:06:00,16,87,0,0,N,10.42,0.01,0.0
2026-02-26 05:21:00,16,87,0,0,N,10.42,0.01,0.0
2026-02-26 05:36:00,15,87,0,0,N,10.42,0.01,0.0
2026-02-26 05:51:00,15,87,0,0,N,10.42,0.01,0.0
2026-02-26 06:06:00,15,87,0,0,N,10.42,0.01,0.0
2026-02-26 06:21:00,15,86,0,0,N,10.42,0.01,0.0
2026-02-26 06:36:00,15,86,0,0,N,10.42,0.01,0.0
2026-02-26 06:51:00,15,86,0,0,N,10.42,0.01,0.0
2026-02-26 07:06:00,15,86,0,0,N,10.42,0.01,0.0
2026-02-26 07:21:00,14,86,0,0,N,10.42,0.01,0.0
2026-02-26 07:36:00,14,86,0,0,N,10.42,0.01,4.0
2026-02-26 07:51:00,14,86,0,0,N,10.42,0.01,13.0
2026-02-26 08:06:00,14,86,0,0,N,10.42,0.01,22.0
2026-02-26 08:21:00,15,85,0,0,N,10.42,0.01,36.0
2026-02-26 08:36:00,15,85,0,0,N,10.42,0.01,68.0
2026-02-26 08:51:00,16,85,0,0,N,10.42,0.01,120.0
2026-02-26 09:06:00,16,85,0,0,N,10.42,0.01,160.0
2026-02-26 09:21:00,16,85,0,0,N,10.42,0.01,229.0
2026-02-26 09:36:00,17,85,0,0,N,10.42,0.01,290.0
2026-02-26 09:51:00,18,85,0,0,N,10.42,0.01,338.0
2026-02-26 10:06:00,19,85,0,0,N,10.42,0.01,378.0
2026-02-26 10:21:00,20,85,0,0,N,10.42,0.01,423.0
2026-02-26 10:36:00,21,85,0,0,N,10.42,0.01,476.0
2026-02-26 10:51:00,21,84,0,0,N,10.42,0.01,531.0
2026-02-26 11:06:00,22,84,0,0,N,10.42,0.01,582.0
2026-02-26 11:21:00,23,85,0,0,N,10.42,0.01,631.0
2026-02-26 11:36:00,24,84,0,0,N,10.42,0.01,673.0
2026-02-26 11:51:00,26,85,0,0,N,10.42,0.01,724.0
2026-02-26 12:06:00,28,86,0,0,N,10.42,0.01,913.0
2026-02-26 12:21:00,30,87,0,0,N,10.42,0.01,
2026-02-26 12:36:00,31,86,0,0,N,10.43,0.02,
2026-02-26 12:51:00,31,82,0,0,N,10.43,0.02,
2026-02-26 13:06:00,31,81,0,0,N,10.43,0.02,
2026-02-26 13:21:00,31,81,0,0,N,10.43,0.02,
2026-02-26 13:36:00,32,81,0,0,N,10.44,0.03,
2026-02-26 13:51:00,31,79,0,0,N,10.46,0.05,
2026-02-26 14:06:00,33,80,0,0,N,10.47,0.06,
2026-02-26 14:21:00,33,79,0,0,N,10.49,0.08,
2026-02-26 14:36:00,32,76,0,0,N,10.5,0.09,
2026-02-26 14:51:00,31,73,0,0,N,10.51,0.1,
2026-02-26 15:06:00,30,72,0,0,N,10.52,0.11,986.0
2026-02-26 15:21:00,30,72,0,0,N,10.53,0.11,794.0
2026-02-26 15:36:00,32,72,0,0,N,10.54,0.12,707.0
2026-02-26 15:51:00,32,72,0,0,N,10.55,0.13,699.0
2026-02-26 16:06:00,34,71,0,0,N,10.56,0.14,756.0
2026-02-26 16:21:00,36,71,0,0,N,10.57,0.15,713.0
2026-02-26 16:36:00,31,64,0,0,N,10.58,0.16,495.0
2026-02-26 16:51:00,30,67,0,0,N,10.58,0.16,458.0
2026-02-26 17:06:00,31,68,0,0,N,10.58,0.16,387.0
2026-02-26 17:21:00,31,67,0,0,N,10.58,0.16,433.0
2026-02-26 17:36:00,30,68,0,0,N,10.59,0.17,367.0
2026-02-26 17:51:00,28,72,0,0,N,10.59,0.17,254.0
2026-02-26 18:06:00,28,75,0,0,N,10.59,0.17,185.0
2026-02-26 18:21:00,26,76,0,0,N,10.59,0.17,86.0
2026-02-26 18:36:00,25,78,0,0,N,10.59,0.17,19.0
2026-02-26 18:51:00,24,79,0,0,N,10.59,0.17,4.0
2026-02-26 19:06:00,23,78,0,0,N,10.59,0.17,0.0
2026-02-26 19:21:00,23,77,0,0,N,10.59,0.17,0.0
2026-02-26 19:36:00,22,75,0,0,N,10.59,0.17,0.0
2026-02-26 19:51:00,22,72,0,0,N,10.59,0.17,0.0
2026-02-26 20:06:00,22,70,0,0,N,10.59,0.17,0.0
2026-02-26 20:21:00,22,72,0,0,N,10.59,0.17,0.0
2026-02-26 20:36:00,21,66,0,0,N,10.59,0.17,0.0
2026-02-26 20:51:00,21,59,0,0,N,10.59,0.17,0.0
2026-02-26 21:06:00,21,54,0,0,W,10.59,0.17,0.0
2026-02-26 21:21:00,22,51,0,0,WSW,10.59,0.17,0.0
2026-02-26 21:36:00,23,54,0,0,WSW,10.59,0.17,0.0
2026-02-26 21:51:00,23,59,0,0,N,10.59,0.17,0.0
2026-02-26 22:06:00,23,58,0,0,N,10.59,0.17,0.0
2026-02-26 22:21:00,23,50,0,0,N,10.59,0.17,0.0
2026-02-26 22:36:00,23,45,0,0,N,10.59,0.17,0.0
2026-02-26 22:51:00,24,42,0,0,W,10.59,0.17,0.0
2026-02-26 23:06:00,25,35,0,0,W,10.59,0.17,0.0
2026-02-26 23:21:00,24,34,0,0,N,10.59,0.17,0.0
2026-02-26 23:36:00,24,33,0,0,WNW,10.59,0.17,0.0
2026-02-26 23:51:00,24,34,0,0,N,10.59,0.17,0.0
2026-02-27 00:06:00,24,34,0,0,N,10.59,0.17,0.0
2026-02-27 00:21:00,25,29,0,0,N,10.59,0.17,0.0
2026-02-27 00:36:00,27,20,0,0,N,10.59,0.17,0.0
2026-02-27 00:51:00,26,17,0,0,N,10.59,0.17,0.0
2026-02-27 01:06:00,26,17,0,0,N,10.59,0.17,0.0
2026-02-27 01:21:00,26,17,0,0,N,10.59,0.17,0.0
2026-02-27 01:36:00,26,17,0,0,N,10.59,0.17,0.0
2026-02-27 01:51:00,26,29,0,0,N,10.59,0.17,0.0
2026-02-27 02:06:00,26,30,0,0,N,10.59,0.17,0.0
2026-02-27 02:21:00,26,32,0,0,N,10.59,0.17,0.0
2026-02-27 02:36:00,26,35,0,0,N,10.59,0.17,0.0
2026-02-27 02:51:00,25,36,0,0,N,10.59,0.17,0.0
2026-02-27 03:06:00,26,39,0,0,N,10.59,0.17,0.0
2026-02-27 03:21:00,26,43,0,0,N,10.59,0.17,0.0
2026-02-27 03:36:00,26,49,0,0,N,10.59,0.17,0.0
2026-02-27 03:51:00,25,40,0,0,N,10.59,0.17,0.0
2026-02-27 04:06:00,25,39,0,0,N,10.59,0.17,0.0
2026-02-27 04:21:00,26,36,0,0,N,10.59,0.17,0.0
2026-02-27 04:36:00,26,28,0,0,N,10.59,0.17,0.0
2026-02-27 04:51:00,26,24,0,0,N,10.59,0.17,0.0
2026-02-27 05:06:00,26,14,0,0,N,10.59,0.17,0.0
2026-02-27 05:21:00,26,11,0,0,N,10.59,0.17,0.0
2026-02-27 05:36:00,26,11,0,0,N,10.59,0.17,0.0
2026-02-27 05:51:00,26,12,3,12,WNW,10.59,0.17,0.0
2026-02-27 06:06:00,26,12,9,13,WNW,10.59,0.17,0.0
2026-02-27 06:21:00,26,13,9,12,WNW,10.59,0.17,0.0
2026-02-27 06:36:00,26,14,10,14,WNW,10.59,0.17,0.0
2026-02-27 06:51:00,26,17,9,14,W,10.59,0.17,0.0
2026-02-27 07:06:00,25,18,9,15,W,10.59,0.17,0.0
2026-02-27 07:21:00,25,19,10,16,W,10.59,0.17,0.0
2026-02-27 07:36:00,25,21,10,16,W,10.59,0.17,5.0
2026-02-27 07:51:00,25,24,9,14,W,10.59,0.17,14.0
2026-02-27 08:06:00,25,25,10,16,W,10.59,0.17,26.0
2026-02-27 08:21:00,25,27,10,14,W,10.59,0.17,34.0
2026-02-27 08:36:00,26,29,9,15,W,10.59,0.17,77.0
2026-02-27 08:51:00,26,28,7,12,WNW,10.59,0.17,117.0
2026-02-27 09:06:00,27,28,8,12,WNW,10.59,0.17,153.0
2026-02-27 09:21:00,28,26,7,12,NW,10.59,0.17,230.0
2026-02-27 09:36:00,28,25,7,12,NW,10.59,0.17,286.0
2026-02-27 09:51:00,29,26,7,10,WNW,10.59,0.17,334.0
2026-02-27 10:06:00,30,26,6,10,WNW,10.59,0.17,368.0
2026-02-27 10:21:00,31,25,5,8,WNW,10.59,0.17,411.0
2026-02-27 10:36:00,31,25,6,11,WNW,10.59,0.17,466.0
2026-02-27 10:51:00,31,25,6,11,WNW,10.59,0.17,520.0
2026-02-27 11:06:00,32,25,6,10,WNW,10.59,0.17,571.0
2026-02-27 11:21:00,33,25,6,10,WNW,10.59,0.17,616.0
2026-02-27 11:36:00,33,26,6,9,WNW,10.59,0.17,658.0
2026-02-27 11:51:00,34,26,5,9,WNW,10.59,0.17,721.0
2026-02-27 12:06:00,36,25,5,10,WNW,10.59,0.17,954.0
2026-02-27 12:21:00,36,24,4,9,WNW,10.59,0.17,
2026-02-27 12:36:00,37,22,4,8,W,10.59,0.16,
2026-02-27 12:51:00,38,23,4,8,W,10.59,0.16,
2026-02-27 13:06:00,40,22,2,9,WSW,10.59,0.16,
2026-02-27 13:21:00,43,19,2,8,WNW,10.59,0.16,
2026-02-27 13:36:00,41,20,3,9,WSW,10.6,0.16,
2026-02-27 13:51:00,42,19,3,7,W,10.6,0.14,
2026-02-27 14:06:00,41,18,4,9,W,10.61,0.14,
2026-02-27 14:21:00,41,18,5,11,W,10.62,0.13,
2026-02-27 14:36:00,41,19,4,12,WSW,10.63,0.13,
2026-02-27 14:51:00,42,21,4,8,WSW,10.64,0.13,
2026-02-27 15:06:00,42,21,4,9,W,10.65,0.13,1037.0
2026-02-27 15:21:00,42,22,4,8,WSW,10.66,0.13,803.0
2026-02-27 15:36:00,43,22,3,10,WNW,10.66,0.12,709.0
2026-02-27 15:51:00,42,23,4,8,W,10.67,0.12,675.0
2026-02-27 16:06:00,43,25,3,7,WSW,10.68,0.12,631.0
2026-02-27 16:21:00,40,28,4,9,WSW,10.68,0.11,581.0
2026-02-27 16:36:00,39,29,5,9,WSW,10.69,0.11,522.0
2026-02-27 16:51:00,40,32,5,10,SW,10.69,0.11,451.0
2026-02-27 17:06:00,39,32,4,8,WSW,10.69,0.11,391.0
2026-02-27 17:21:00,39,33,5,9,WSW,10.7,0.12,341.0
2026-02-27 17:36:00,38,33,5,11,W,10.7,0.11,291.0
2026-02-27 17:51:00,37,34,5,9,W,10.7,0.11,249.0
2026-02-27 18:06:00,35,36,6,12,WSW,10.7,0.11,174.0
2026-02-27 18:21:00,34,38,7,10,W,10.7,0.11,111.0
2026-02-27 18:36:00,32,42,6,10,W,10.7,0.11,52.0
2026-02-27 18:51:00,30,45,7,10,W,10.7,0.11,5.0
2026-02-27 19:06:00,30,46,7,11,W,10.7,0.11,0.0
2026-02-27 19:21:00,30,42,7,12,W,10.7,0.11,0.0
2026-02-27 19:36:00,31,35,9,13,WNW,10.7,0.11,0.0
2026-02-27 19:51:00,30,34,7,12,WNW,10.7,0.11,0.0
2026-02-27 20:06:00,31,32,7,10,WNW,10.7,0.11,0.0
2026-02-27 20:21:00,30,32,8,14,WNW,10.7,0.11,0.0
2026-02-27 20:36:00,30,33,10,14,WNW,10.7,0.11,0.0
2026-02-27 20:51:00,30,32,10,16,WNW,10.7,0.11,0.0
2026-02-27 21:06:00,30,32,11,16,WNW,10.7,0.11,0.0
2026-02-27 21:21:00,30,32,12,17,WNW,10.7,0.11,0.0
2026-02-27 21:36:00,30,31,12,18,WNW,10.7,0.11,0.0
2026-02-27 21:51:00,30,31,12,16,WNW,10.7,0.11,0.0
2026-02-27 22:06:00,30,30,12,17,WNW,10.7,0.11,0.0
2026-02-27 22:21:00,30,31,12,18,WNW,10.7,0.11,0.0
2026-02-27 22:36:00,30,31,13,18,WNW,10.7,0.11,0.0
2026-02-27 22:51:00,30,32,11,16,WNW,10.7,0.11,0.0
2026-02-27 23:06:00,30,33,11,18,WNW,10.7,0.11,0.0
2026-02-27 23:21:00,30,34,12,21,W,10.7,0.11,0.0
2026-02-27 23:36:00,30,35,11,21,W,10.7,0.11,0.0
2026-02-27 23:51:00,30,36,10,17,W,10.7,0.11,0.0
2026-02-28 00:06:00,30,36,10,16,W,10.7,0.11,0.0
2026-02-28 00:21:00,30,35,9,17,W,10.7,0.11,0.0
2026-02-28 00:36:00,29,36,9,14,W,10.7,0.11,0.0
2026-02-28 00:51:00,29,37,9,16,W,10.7,0.11,0.0
2026-02-28 01:06:00,29,37,9,13,W,10.7,0.11,0.0
2026-02-28 01:21:00,29,36,10,15,W,10.7,0.11,0.0
2026-02-28 01:36:00,29,36,11,16,W,10.7,0.11,0.0
2026-02-28 01:51:00,29,36,11,15,W,10.7,0.11,0.0
2026-02-28 02:06:00,29,36,11,16,W,10.7,0.11,0.0
2026-02-28 02:21:00,30,36,11,16,W,10.7,0.11,0.0
2026-02-28 02:36:00,30,35,10,16,W,10.7,0.11,0.0
2026-02-28 02:51:00,29,39,9,15,W,10.7,0.11,0.0
2026-02-28 03:06:00,30,38,9,15,W,10.7,0.11,0.0
2026-02-28 03:21:00,30,39,10,17,W,10.7,0.11,0.0
2026-02-28 03:36:00,30,39,10,16,W,10.7,0.11,0.0
2026-02-28 03:51:00,30,38,11,17,W,10.7,0.11,0.0
2026-02-28 04:06:00,30,38,11,20,W,10.7,0.11,0.0
2026-02-28 04:21:00,30,36,13,20,WNW,10.7,0.11,0.0
2026-02-28 04:36:00,30,35,13,21,W,10.7,0.11,0.0
2026-02-28 04:51:00,30,35,11,19,W,10.7,0.11,0.0
2026-02-28 05:06:00,30,35,12,21,WNW,10.7,0.11,0.0
2026-02-28 05:21:00,30,35,12,19,WNW,10.7,0.11,0.0
2026-02-28 05:36:00,30,35,11,19,WNW,10.7,0.11,0.0
2026-02-28 05:51:00,30,35,12,17,WNW,10.7,0.11,0.0
2026-02-28 06:06:00,30,35,11,19,WNW,10.7,0.11,0.0
2026-02-28 06:21:00,30,34,12,19,WNW,10.7,0.11,0.0
2026-02-28 06:36:00,30,33,10,15,WNW,10.7,0.11,0.0
2026-02-28 06:51:00,30,33,9,15,WNW,10.7,0.11,0.0
2026-02-28 07:06:00,31,31,10,15,WNW,10.7,0.11,0.0
2026-02-28 07:21:00,31,30,9,14,WNW,10.7,0.11,0.0
2026-02-28 07:36:00,31,31,9,14,NW,10.7,0.11,5.0
2026-02-28 07:51:00,31,31,8,16,WNW,10.7,0.11,14.0
2026-02-28 08:06:00,32,30,9,13,NW,10.7,0.11,25.0
2026-02-28 08:21:00,32,30,10,13,NNW,10.7,0.11,38.0
2026-02-28 08:36:00,33,28,8,13,NNW,10.7,0.11,84.0
2026-02-28 08:51:00,33,27,8,12,NNW,10.7,0.11,152.0
2026-02-28 09:06:00,34,27,6,11,NW,10.7,0.11,202.0
2026-02-28 09:21:00,35,26,5,8,WNW,10.7,0.11,289.0
2026-02-28 09:36:00,36,26,4,7,WNW,10.7,0.11,333.0
2026-02-28 09:51:00,37,24,3,7,NNW,10.7,0.11,411.0
2026-02-28 10:06:00,38,24,3,8,W,10.7,0.11,527.0
2026-02-28 10:21:00,39,21,5,9,WNW,10.7,0.11,575.0
2026-02-28 10:36:00,39,22,3,8,WNW,10.7,0.11,677.0
2026-02-28 10:51:00,39,25,3,7,WSW,10.7,0.11,749.0
2026-02-28 11:06:00,40,26,5,8,SSW,10.7,0.11,780.0
2026-02-28 11:21:00,41,25,4,8,SW,10.7,0.11,885.0
2026-02-28 11:36:00,42,24,5,9,WSW,10.7,0.11,791.0
2026-02-28 11:51:00,43,25,4,8,SW,10.7,0.11,1059.0
2026-02-28 12:06:00,42,23,3,9,SW,10.7,0.11,
2026-02-28 12:21:00,41,26,4,8,SW,10.7,0.11,
2026-02-28 12:36:00,42,27,5,9,SSW,10.7,0.11,
2026-02-28 12:51:00,41,26,5,9,SW,10.71,0.12,
2026-02-28 13:06:00,43,25,5,10,SSW,10.71,0.12,
2026-02-28 13:21:00,44,24,4,9,SW,10.71,0.12,
2026-02-28 13:36:00,43,23,4,9,SW,10.72,0.12,
2026-02-28 13:51:00,41,24,5,10,SW,10.72,0.12,
2026-02-28 14:06:00,40,26,4,8,W,10.73,0.12,
2026-02-28 14:21:00,39,27,4,8,W,10.73,0.11,740.0
2026-02-28 14:36:00,39,26,3,5,W,10.73,0.1,554.0
2026-02-28 14:51:00,40,25,1,4,W,10.74,0.1,599.0
2026-02-28 15:06:00,41,25,1,3,WNW,10.74,0.09,593.0
2026-02-28 15:21:00,41,26,0,5,N,10.74,0.08,537.0
2026-02-28 15:36:00,39,26,2,5,SSW,10.74,0.08,582.0
2026-02-28 15:51:00,37,30,4,8,SW,10.74,0.07,534.0
2026-02-28 16:06:00,36,33,4,7,WSW,10.74,0.06,424.0
2026-02-28 16:21:00,36,33,3,5,WSW,10.74,0.06,370.0
2026-02-28 16:36:00,36,34,2,7,SW,10.74,0.05,317.0
2026-02-28 16:51:00,35,37,5,7,SSW,10.74,0.05,306.0
2026-02-28 17:06:00,35,34,4,7,SW,10.74,0.05,384.0
2026-02-28 17:21:00,36,28,3,6,SW,10.74,0.04,293.0
2026-02-28 17:36:00,36,25,4,7,WSW,10.74,0.04,236.0
2026-02-28 17:51:00,36,25,5,8,WSW,10.74,0.04,164.0
2026-02-28 18:06:00,36,25,6,8,WSW,10.74,0.04,123.0
2026-02-28 18:21:00,35,25,5,8,W,10.74,0.04,72.0
2026-02-28 18:36:00,35,25,5,8,WSW,10.74,0.04,27.0
2026-02-28 18:51:00,35,24,5,8,WSW,10.74,0.04,5.0
2026-02-28 19:06:00,35,24,5,8,W,10.74,0.04,0.0
2026-02-28 19:21:00,35,25,5,7,W,10.74,0.04,0.0
2026-02-28 19:36:00,35,26,5,6,WSW,10.74,0.04,0.0
2026-02-28 19:51:00,34,26,4,6,WSW,10.74,0.04,0.0
2026-02-28 20:06:00,34,25,5,8,SW,10.74,0.04,0.0
2026-02-28 20:21:00,34,26,6,8,SSW,10.74,0.04,0.0
2026-02-28 20:36:00,34,27,5,8,SW,10.74,0.04,0.0
2026-02-28 20:51:00,34,26,6,8,SW,10.74,0.04,0.0
2026-02-28 21:06:00,34,26,5,8,SW,10.74,0.04,0.0
2026-02-28 21:21:00,34,26,5,8,SW,10.74,0.04,0.0
2026-02-28 21:36:00,34,28,6,9,SW,10.74,0.04,0.0
2026-02-28 21:51:00,34,32,6,8,SW,10.74,0.04,0.0
2026-02-28 22:06:00,34,31,4,7,SW,10.74,0.04,0.0
2026-02-28 22:21:00,34,30,4,6,SW,10.74,0.04,0.0
2026-02-28 22:36:00,34,31,5,7,SSW,10.74,0.04,0.0
2026-02-28 22:51:00,33,28,5,7,SSW,10.74,0.04,0.0
2026-02-28 23:06:00,33,27,6,8,SSW,10.74,0.04,0.0
2026-02-28 23:21:00,33,27,7,11,SSW,10.74,0.04,0.0
2026-02-28 23:36:00,33,29,6,9,SSW,10.74,0.04,0.0
2026-02-28 23:51:00,33,28,8,11,SSW,10.74,0.04,0.0
2026-03-01 00:06:00,33,32,8,11,SSW,10.74,0.04,0.0
2026-03-01 00:21:00,33,30,8,11,SSW,10.74,0.04,0.0
2026-03-01 00:36:00,33,29,8,12,SSW,10.74,0.04,0.0
2026-03-01 00:51:00,33,32,8,10,SSW,10.74,0.04,0.0
2026-03-01 01:06:00,33,35,8,11,SSW,10.74,0.04,0.0
2026-03-01 01:21:00,33,40,7,9,SSW,10.74,0.04,0.0
2026-03-01 01:36:00,32,45,7,9,SSW,10.74,0.04,0.0
2026-03-01 01:51:00,32,40,7,9,SSW,10.74,0.04,0.0
2026-03-01 02:06:00,31,37,8,10,SSW,10.74,0.04,0.0
2026-03-01 02:21:00,32,43,8,11,SSW,10.74,0.04,0.0
2026-03-01 02:36:00,32,50,7,10,SSW,10.74,0.04,0.0
2026-03-01 02:51:00,32,58,7,10,SSW,10.74,0.04,0.0
2026-03-01 03:06:00,32,65,8,11,SSW,10.74,0.04,0.0
2026-03-01 03:21:00,32,63,9,11,SSW,10.74,0.04,0.0
2026-03-01 03:36:00,32,69,9,12,SSW,10.74,0.04,0.0
2026-03-01 03:51:00,32,71,8,11,SW,10.74,0.04,0.0
2026-03-01 04:06:00,32,74,7,9,SW,10.74,0.04,0.0
2026-03-01 04:21:00,32,74,6,8,SW,10.74,0.04,0.0
2026-03-01 04:36:00,32,74,2,8,SSW,10.74,0.04,0.0
2026-03-01 04:51:00,32,72,1,5,SW,10.74,0.04,0.0
2026-03-01 05:06:00,31,78,3,5,WSW,10.74,0.04,0.0
2026-03-01 05:21:00,31,84,3,6,WSW,10.74,0.04,0.0
2026-03-01 05:36:00,31,86,5,7,SW,10.74,0.04,0.0
2026-03-01 05:51:00,31,89,5,8,SW,10.74,0.04,0.0
2026-03-01 06:06:00,31,91,5,7,SW,10.74,0.04,0.0
2026-03-01 06:21:00,31,92,4,5,SW,10.74,0.04,0.0
2026-03-01 06:36:00,31,93,4,7,SW,10.74,0.04,0.0
2026-03-01 06:51:00,31,93,5,7,SW,10.74,0.04,0.0
2026-03-01 07:06:00,31,94,5,8,SW,10.74,0.04,0.0
2026-03-01 07:21:00,31,95,5,7,SW,10.74,0.04,0.0
2026-03-01 07:36:00,31,95,5,6,SSW,10.74,0.04,4.0
2026-03-01 07:51:00,31,95,5,7,SSW,10.74,0.04,29.0
2026-03-01 08:06:00,31,95,6,8,SSW,10.74,0.04,52.0
2026-03-01 08:21:00,31,95,5,8,SSW,10.74,0.04,70.0
2026-03-01 08:36:00,31,95,5,7,SSW,10.74,0.04,122.0
2026-03-01 08:51:00,32,95,5,7,SSW,10.74,0.04,170.0
2026-03-01 09:06:00,32,94,5,8,SSW,10.74,0.04,224.0
2026-03-01 09:21:00,32,93,5,7,SSW,10.74,0.04,296.0
2026-03-01 09:36:00,32,92,5,7,S,10.74,0.04,376.0
2026-03-01 09:51:00,32,90,5,7,SSW,10.74,0.04,476.0
2026-03-01 10:06:00,33,82,5,8,SSW,10.74,0.04,651.0
2026-03-01 10:21:00,33,82,6,9,S,10.74,0.04,541.0
2026-03-01 10:36:00,33,82,6,8,SSW,10.74,0.04,614.0
2026-03-01 10:51:00,34,78,5,9,SSW,10.74,0.04,679.0
2026-03-01 11:06:00,34,74,4,8,SSE,10.74,0.04,644.0
2026-03-01 11:21:00,35,72,4,6,SSE,10.75,0.05,654.0
2026-03-01 11:36:00,35,69,5,8,SE,10.75,0.05,708.0
2026-03-01 11:51:00,35,65,5,8,SE,10.75,0.05,793.0
2026-03-01 12:06:00,35,65,4,7,SSE,10.75,0.05,690.0
2026-03-01 12:21:00,33,69,4,7,SSE,10.75,0.05,533.0
2026-03-01 12:36:00,35,72,3,5,SE,10.75,0.05,805.0
2026-03-01 12:51:00,36,73,3,6,SSE,10.75,0.04,973.0
2026-03-01 13:06:00,35,76,4,7,S,10.75,0.04,834.0
2026-03-01 13:21:00,35,77,3,6,SSW,10.75,0.04,641.0
2026-03-01 13:36:00,36,80,1,4,W,10.76,0.04,611.0
2026-03-01 13:51:00,35,77,1,3,WSW,10.76,0.04,610.0
2026-03-01 14:06:00,35,81,2,5,SW,10.76,0.03,628.0
2026-03-01 14:21:00,35,84,3,5,SW,10.77,0.04,575.0
2026-03-01 14:36:00,34,86,3,5,SW,10.77,0.04,617.0
2026-03-01 14:51:00,34,88,3,5,SW,10.77,0.03,546.0
2026-03-01 15:06:00,34,87,3,7,SSW,10.78,0.04,454.0
2026-03-01 15:21:00,33,88,3,6,SSW,10.78,0.04,399.0
2026-03-01 15:36:00,33,89,4,7,SW,10.78,0.04,406.0
2026-03-01 15:51:00,32,90,4,7,SW,10.78,0.04,388.0
2026-03-01 16:06:00,32,91,4,8,SW,10.78,0.04,349.0
2026-03-01 16:21:00,32,91,4,7,SSW,10.78,0.04,313.0
2026-03-01 16:36:00,32,92,4,7,SSW,10.79,0.05,258.0
2026-03-01 16:51:00,32,92,4,7,SSW,10.79,0.05,219.0
2026-03-01 17:06:00,32,94,5,8,SW,10.79,0.05,189.0
2026-03-01 17:21:00,32,94,5,7,SSW,10.79,0.05,169.0
2026-03-01 17:36:00,32,95,5,7,SSW,10.79,0.05,155.0
2026-03-01 17:51:00,32,95,5,9,SSW,10.79,0.05,141.0
2026-03-01 18:06:00,31,95,5,7,SSW,10.79,0.05,75.0
2026-03-01 18:21:00,31,95,6,9,SSW,10.79,0.05,18.0
2026-03-01 18:36:00,31,95,6,8,SSW,10.8,0.06,4.0
2026-03-01 18:51:00,31,95,6,8,SSW,10.8,0.06,1.0
2026-03-01 19:06:00,31,95,6,10,SSW,10.8,0.06,0.0
2026-03-01 19:21:00,31,95,7,10,SSW,10.8,0.06,0.0
2026-03-01 19:36:00,31,96,7,11,SSW,10.8,0.06,0.0
2026-03-01 19:51:00,31,96,6,9,S,10.8,0.06,0.0
2026-03-01 20:06:00,31,96,6,8,S,10.8,0.06,0.0
2026-03-01 20:21:00,30,96,4,6,SE,10.8,0.06,0.0
2026-03-01 20:36:00,31,96,3,5,ESE,10.8,0.06,0.0
2026-03-01 20:51:00,31,96,4,7,SE,10.8,0.06,0.0
2026-03-01 21:06:00,31,96,4,7,SSE,10.8,0.06,0.0
2026-03-01 21:21:00,31,96,5,10,S,10.8,0.06,0.0
2026-03-01 21:36:00,31,96,4,7,SSW,10.8,0.06,0.0
2026-03-01 21:51:00,30,96,6,10,SSW,10.8,0.06,0.0
2026-03-01 22:06:00,30,96,6,10,SSW,10.8,0.06,0.0
2026-03-01 22:21:00,30,96,6,9,SSW,10.8,0.06,0.0
2026-03-01 22:36:00,30,96,6,11,SW,10.8,0.06,0.0
2026-03-01 22:51:00,30,96,6,11,SW,10.8,0.06,0.0
2026-03-01 23:06:00,30,96,7,13,SW,10.8,0.06,0.0
2026-03-01 23:21:00,30,96,7,13,SW,10.8,0.06,0.0
2026-03-01 23:36:00,30,96,6,12,SW,10.8,0.06,0.0
2026-03-01 23:51:00,30,96,7,11,WSW,10.8,0.06,0.0
